item_id,order_id,product_id,quantity,unit_price,discount_percent
1,1,81,5,641.3,18
2,1,3,5,52845.51,94
3,2,15,2,17548.6,28
4,2,171,2,5623.35,38
5,2,37,3,3250.66,92
6,2,112,1,5163.37,62
7,3,154,2,1413.98,14
8,3,189,1,2811.23,0
9,3,27,2,3860.01,77
10,3,134,1,389.01,66
11,3,171,1,5623.35,31
12,4,8,1,4278.68,60
13,4,48,1,17690.82,64
14,5,197,4,964.09,7
15,5,75,1,1758.88,38
16,5,192,4,7461.34,61
17,5,3,2,52845.51,30
18,6,28,3,702.92,78
19,6,46,4,6493.42,84
20,6,3,5,52845.51,15
21,6,84,4,529.09,18
22,6,90,1,17430.69,23
23,7,132,2,14673.24,21
24,7,37,5,3250.66,94
25,8,15,2,17548.6,60
26,8,181,-4,3357.0,37
27,8,87,3,68101.36,85
28,8,154,1,1413.98,75
29,8,88,4,7189.72,47
30,9,141,4,10789.69,49
31,9,121,1,1118.51,59
32,9,42,4,15510.68,54
33,10,149,1,3551.09,36
34,10,137,4,14060.07,15
35,11,95,4,29603.95,1
36,11,44,5,70908.36,38
37,11,20,1,1317.81,82
38,11,13,5,1849.34,56
39,11,176,1,59597.44,45
40,12,146,4,1205.79,92
41,12,171,4,5623.35,35
42,13,172,2,16100.85,45
43,14,121,5,1118.51,26
44,14,102,3,68170.84,90
45,14,88,5,7189.72,49
46,14,191,5,1754.06,8
47,14,125,2,800.11,83
48,15,85,3,2290.94,83
49,15,74,5,245.13,43
50,16,87,2,68101.36,35
51,16,63,3,430.09,50
52,16,45,1,9220.4,82
53,16,24,4,2479.74,48
54,17,34,5,3262.67,84
55,17,37,2,3250.66,73
56,17,133,5,4126.14,99
57,17,94,5,2140.24,33
58,18,133,3,4126.14,75
59,18,98,-5,1260.01,44
60,19,88,5,7189.72,51
61,19,142,1,11700.98,5
62,19,168,1,2536.06,93
63,19,91,2,4806.55,29
64,19,93,1,1383.07,85
65,20,17,4,4055.38,86
66,21,167,3,693.18,97
67,21,1,2,253.9,98
68,21,88,2,7189.72,13
69,21,55,2,1885.07,93
70,22,91,4,4806.55,8
71,22,130,1,530.75,78
72,22,160,3,14389.43,14
73,22,186,1,4929.38,95
74,23,75,4,1758.88,97
75,24,86,5,29410.8,80
76,24,118,1,2637.64,22
77,24,125,3,800.11,13
78,25,112,-4,5163.37,17
79,25,88,5,7189.72,71
80,25,134,2,389.01,25
81,25,137,-3,14060.07,62
82,26,8,3,4278.68,28
83,26,143,2,7284.34,94
84,26,69,2,6749.31,55
85,26,111,5,7723.9,24
86,27,75,5,1758.88,3
87,28,99,2,8134.79,4
88,29,160,1,14389.43,46
89,29,25,4,3779.14,72
90,30,136,1,2848.35,43
91,30,198,2,2694.15,87
92,30,61,5,27642.73,63
93,30,176,2,59597.44,26
94,30,130,5,530.75,60
95,31,67,-3,94052.48,45
96,31,114,5,12262.14,71
97,31,190,2,1227.09,8
98,31,106,4,484.23,54
99,31,31,4,1292.25,9
100,32,123,1,2794.3,16
101,32,179,5,2528.54,38
102,32,137,1,14060.07,15
103,32,104,4,3389.18,29
104,32,18,1,3084.08,76
105,33,25,3,3779.14,2
106,33,78,2,40123.29,37
107,33,128,3,5319.49,49
108,33,193,3,1383.66,8
109,33,19,2,8561.48,36
110,34,112,-5,5163.37,73
111,35,81,5,641.3,78
112,35,114,5,12262.14,39
113,36,151,5,92003.66,7
114,36,130,5,530.75,89
115,36,83,1,18455.42,74
116,36,4,4,18013.15,33
117,37,102,1,68170.84,43
118,38,44,3,70908.36,25
119,38,26,3,22441.58,97
120,38,115,1,729.43,17
121,38,54,2,4173.59,70
122,39,94,1,2140.24,30
123,39,72,4,199.64,9
124,39,53,5,1750.15,78
125,40,81,3,641.3,9
126,41,167,5,693.18,94
127,41,161,5,3019.49,10
128,41,80,5,274.27,61
129,41,46,2,6493.42,34
130,42,143,1,7284.34,4
131,43,101,5,24788.51,28
132,43,189,3,2811.23,55
133,43,35,4,3131.28,38
134,43,183,2,1718.29,2
135,44,144,1,382.9,99
136,45,88,5,7189.72,77
137,45,173,4,14158.62,87
138,46,199,5,702.8,61
139,47,77,4,1679.18,98
140,48,190,2,1227.09,55
141,48,48,4,17690.82,70
142,48,76,2,19136.21,14
143,48,26,4,22441.58,15
144,49,160,3,14389.43,45
145,49,77,2,1679.18,43
146,49,144,4,382.9,7
147,49,143,2,7284.34,29
148,49,31,1,1292.25,75
149,50,141,2,10789.69,52
150,51,185,5,1085.28,5
151,51,179,1,2528.54,92
152,51,125,2,800.11,7
153,51,40,1,6624.33,7
154,51,171,2,5623.35,56
155,52,190,3,1227.09,5
156,52,125,3,800.11,44
157,53,150,2,22291.25,37
158,53,130,2,530.75,77
159,53,188,4,41686.05,61
160,53,168,1,2536.06,84
161,53,10,1,3469.21,9
162,54,1,-5,253.9,26
163,54,35,4,3131.28,90
164,54,197,3,964.09,28
165,55,52,3,3961.79,46
166,55,90,5,17430.69,37
167,55,160,2,14389.43,67
168,55,29,3,4216.76,40
169,56,139,5,7772.31,13
170,56,164,1,2495.26,44
171,56,19,4,8561.48,90
172,56,106,5,484.23,62
173,56,199,3,702.8,10
174,57,77,2,1679.18,66
175,57,95,2,29603.95,39
176,58,71,2,1994.84,15
177,58,121,3,1118.51,92
178,58,47,2,497.81,4
179,58,81,2,641.3,89
180,58,83,4,18455.42,83
181,59,72,1,199.64,2
182,59,18,4,3084.08,4
183,59,11,3,763.98,35
184,59,177,5,3546.32,49
185,60,148,1,3368.6,7
186,60,63,3,430.09,78
187,60,12,4,37578.36,63
188,61,197,-4,964.09,49
189,62,2,1,59090.87,28
190,62,42,2,15510.68,48
191,62,12,2,37578.36,84
192,62,161,4,3019.49,68
193,63,78,3,40123.29,4
194,64,159,3,314.46,3
195,64,74,5,245.13,96
196,64,166,3,2666.16,33
197,64,45,5,9220.4,27
198,64,119,1,35613.06,43
199,65,73,4,7599.51,54
200,65,45,1,9220.4,13
201,65,200,5,3212.97,49
202,65,60,3,1918.94,68
203,65,42,4,15510.68,54
204,66,165,5,2338.31,98
205,66,155,5,896.22,33
206,66,85,2,2290.94,48
207,66,26,4,22441.58,95
208,66,39,2,534.57,16
209,67,44,3,70908.36,87
210,68,84,1,529.09,31
211,68,56,5,23622.11,37
212,68,10,3,3469.21,73
213,69,27,1,3860.01,78
214,69,199,3,702.8,46
215,69,189,3,2811.23,84
216,69,158,3,1554.87,100
217,70,199,1,702.8,15
218,70,35,3,3131.28,72
219,70,157,3,3574.22,33
220,70,79,2,3269.81,56
221,70,102,4,68170.84,2
222,71,75,1,1758.88,59
223,71,44,1,70908.36,45
224,71,134,4,389.01,81
225,71,157,5,3574.22,27
226,72,163,1,33147.7,74
227,72,89,1,18350.3,35
228,72,32,5,3754.44,70
229,72,84,3,529.09,8
230,73,35,2,3131.28,33
231,73,6,3,63491.13,33
232,73,196,4,2283.28,16
233,73,117,2,1769.76,80
234,74,179,2,2528.54,79
235,74,35,1,3131.28,29
236,75,174,1,7801.61,23
237,76,40,4,6624.33,74
238,76,107,3,5474.76,5
239,76,97,5,4030.37,91
240,76,143,2,7284.34,7
241,76,187,3,15169.68,32
242,77,32,3,3754.44,69
243,78,134,5,389.01,30
244,79,155,1,896.22,9
245,79,119,5,35613.06,56
246,79,195,1,7327.29,65
247,80,181,2,3357.0,26
248,81,69,5,6749.31,47
249,81,11,4,763.98,9
250,81,124,4,2030.13,36
251,82,132,-1,14673.24,41
252,82,92,5,12217.22,100
253,83,46,3,6493.42,52
254,83,132,3,14673.24,60
255,83,56,3,23622.11,79
256,84,39,2,534.57,47
257,85,12,3,37578.36,19
258,86,59,1,1243.65,13
259,86,47,5,497.81,27
260,86,20,3,1317.81,65
261,86,52,5,3961.79,100
262,86,21,5,4861.87,91
263,87,159,2,314.46,48
264,87,147,5,772.56,4
265,87,175,2,1171.69,48
266,88,19,1,8561.48,28
267,89,82,5,2740.6,73
268,89,109,5,3878.01,93
269,89,127,4,1797.09,68
270,89,175,1,1171.69,67
271,89,64,1,93117.18,77
272,90,175,5,1171.69,66
273,90,135,4,802.55,40
274,90,121,3,1118.51,24
275,90,65,5,8962.94,37
276,91,194,3,464.22,31
277,91,79,3,3269.81,29
278,92,180,3,308.9,95
279,92,135,1,802.55,88
280,92,102,2,68170.84,56
281,92,93,4,1383.07,46
282,93,22,3,16162.22,71
283,94,34,1,3262.67,46
284,94,192,4,7461.34,77
285,94,166,2,2666.16,57
286,94,82,4,2740.6,29
287,94,72,5,199.64,16
288,95,167,2,693.18,99
289,95,101,4,24788.51,86
290,95,188,5,41686.05,85
291,95,63,2,430.09,77
292,95,62,3,4101.85,36
293,96,3,3,52845.51,15
294,96,56,1,23622.11,52
295,96,128,4,5319.49,64
296,97,27,5,3860.01,63
297,97,82,2,2740.6,23
298,98,1,1,253.9,21
299,98,81,-1,641.3,53
300,98,111,3,7723.9,97
301,98,121,5,1118.51,91
302,99,114,1,12262.14,16
303,99,144,1,382.9,55
304,99,57,1,2504.37,88
305,99,168,2,2536.06,9
306,100,173,5,14158.62,67
307,100,180,4,308.9,54
308,101,88,2,7189.72,51
309,101,133,5,4126.14,30
310,101,111,3,7723.9,15
311,102,131,3,14500.41,75
312,102,168,5,2536.06,78
313,102,31,1,1292.25,92
314,103,109,-1,3878.01,94
315,104,114,4,12262.14,52
316,104,86,4,29410.8,94
317,104,167,4,693.18,37
318,105,40,2,6624.33,93
319,105,108,2,3065.18,92
320,105,43,5,98247.37,65
321,105,177,1,3546.32,19
322,106,26,5,22441.58,75
323,107,31,4,1292.25,48
324,107,88,3,7189.72,56
325,107,117,2,1769.76,65
326,108,93,3,1383.07,98
327,108,161,1,3019.49,29
328,108,52,3,3961.79,63
329,108,191,3,1754.06,6
330,108,77,5,1679.18,66
331,109,6,5,63491.13,65
332,109,91,4,4806.55,36
333,109,93,3,1383.07,49
334,109,55,-3,1885.07,96
335,109,84,2,529.09,18
336,110,72,2,199.64,55
337,111,102,3,68170.84,73
338,111,134,5,389.01,40
339,111,13,1,1849.34,44
340,111,155,3,896.22,21
341,111,157,1,3574.22,36
342,112,132,4,14673.24,56
343,112,5,2,1198.16,21
344,112,88,3,7189.72,33
345,113,117,1,1769.76,29
346,113,26,3,22441.58,18
347,113,40,1,6624.33,26
348,113,19,-5,8561.48,65
349,113,151,2,92003.66,3
350,114,88,1,7189.72,69
351,114,71,5,1994.84,24
352,114,37,1,3250.66,62
353,114,12,1,37578.36,47
354,114,82,2,2740.6,36
355,115,96,4,26794.28,93
356,115,162,4,91765.85,66
357,115,26,2,22441.58,58
358,115,183,3,1718.29,14
359,115,70,1,5396.07,56
360,116,85,4,2290.94,33
361,116,33,1,835.93,17
362,116,47,3,497.81,93
363,116,40,1,6624.33,45
364,117,6,2,63491.13,93
365,118,97,3,4030.37,20
366,119,101,3,24788.51,35
367,119,200,4,3212.97,80
368,119,191,5,1754.06,86
369,119,140,1,3878.75,90
370,119,115,3,729.43,4
371,120,43,1,98247.37,90
372,120,83,5,18455.42,40
373,120,97,2,4030.37,71
374,120,18,1,3084.08,81
375,121,158,2,1554.87,17
376,122,38,4,2266.82,28
377,122,39,2,534.57,33
378,122,59,4,1243.65,19
379,122,97,4,4030.37,23
380,122,98,4,1260.01,36
381,123,16,2,1945.54,81
382,123,124,1,2030.13,66
383,124,79,1,3269.81,55
384,124,127,1,1797.09,62
385,125,129,5,4097.17,26
386,125,4,2,18013.15,4
387,125,81,4,641.3,88
388,125,148,3,3368.6,78
389,125,27,4,3860.01,80
390,126,175,2,1171.69,81
391,126,63,3,430.09,61
392,126,128,5,5319.49,84
393,126,91,-2,4806.55,38
394,126,161,2,3019.49,37
395,127,97,4,4030.37,80
396,127,103,4,1452.77,76
397,127,72,3,199.64,69
398,127,88,4,7189.72,37
399,128,145,2,3116.82,14
400,129,128,4,5319.49,57
401,129,113,3,3469.53,31
402,129,162,4,91765.85,14
403,130,19,4,8561.48,40
404,130,67,1,94052.48,44
405,131,90,2,17430.69,99
406,131,138,4,3632.53,62
407,131,97,5,4030.37,52
408,131,193,2,1383.66,3
409,132,20,3,1317.81,64
410,132,12,2,37578.36,100
411,132,55,4,1885.07,7
412,133,116,3,3192.27,33
413,133,35,3,3131.28,52
414,133,63,4,430.09,56
415,133,40,4,6624.33,51
416,133,119,3,35613.06,6
417,134,15,4,17548.6,93
418,134,188,2,41686.05,43
419,134,182,-1,29049.69,39
420,135,53,4,1750.15,28
421,135,108,5,3065.18,21
422,135,81,5,641.3,26
423,135,176,1,59597.44,78
424,136,191,3,1754.06,16
425,136,21,5,4861.87,69
426,136,131,1,14500.41,92
427,136,117,1,1769.76,48
428,136,16,1,1945.54,99
429,137,26,3,22441.58,98
430,137,148,5,3368.6,8
431,137,128,-1,5319.49,66
432,138,13,3,1849.34,68
433,138,12,2,37578.36,20
434,139,92,4,12217.22,91
435,139,166,2,2666.16,37
436,139,199,2,702.8,47
437,139,10,3,3469.21,52
438,139,66,2,6345.81,70
439,140,80,1,274.27,4
440,140,81,1,641.3,96
441,141,73,1,7599.51,64
442,141,42,4,15510.68,62
443,141,83,1,18455.42,20
444,141,16,3,1945.54,38
445,141,39,1,534.57,29
446,142,197,1,964.09,34
447,142,19,1,8561.48,100
448,143,160,4,14389.43,16
449,143,36,3,14186.62,10
450,143,31,1,1292.25,9
451,143,190,5,1227.09,92
452,144,167,1,693.18,1
453,144,36,5,14186.62,77
454,144,10,2,3469.21,12
455,144,51,-5,3521.45,50
456,145,16,5,1945.54,39
457,145,195,3,7327.29,54
458,146,93,1,1383.07,38
459,146,91,3,4806.55,58
460,146,38,2,2266.82,12
461,146,118,3,2637.64,83
462,146,174,5,7801.61,60
463,147,83,3,18455.42,54
464,147,87,1,68101.36,28
465,147,7,4,1545.0,71
466,147,169,3,7775.36,61
467,148,98,5,1260.01,64
468,148,19,2,8561.48,48
469,148,18,1,3084.08,63
470,149,98,3,1260.01,97
471,149,36,5,14186.62,91
472,149,192,1,7461.34,57
473,149,109,2,3878.01,73
474,150,101,4,24788.51,98
475,151,71,4,1994.84,47
476,151,113,4,3469.53,72
477,152,73,3,7599.51,42
478,153,116,1,3192.27,12
479,153,29,5,4216.76,21
480,154,122,4,2349.23,75
481,154,73,2,7599.51,10
482,155,98,4,1260.01,78
483,155,3,4,52845.51,66
484,156,114,2,12262.14,7
485,156,62,-4,4101.85,32
486,156,38,4,2266.82,39
487,156,179,3,2528.54,19
488,156,21,1,4861.87,41
489,157,136,5,2848.35,52
490,157,62,1,4101.85,34
491,157,10,2,3469.21,96
492,157,56,5,23622.11,62
493,157,149,5,3551.09,63
494,158,94,2,2140.24,41
495,158,192,-4,7461.34,90
496,158,57,4,2504.37,65
497,159,85,1,2290.94,13
498,159,100,4,2050.98,89
499,159,143,-1,7284.34,48
500,159,160,2,14389.43,96
501,159,124,1,2030.13,20
502,160,7,1,1545.0,21
503,160,120,2,67415.8,56
504,160,113,1,3469.53,4
505,160,28,4,702.92,63
506,160,10,2,3469.21,80
507,161,106,4,484.23,17
508,161,111,5,7723.9,53
509,161,66,4,6345.81,1
510,161,65,3,8962.94,15
511,161,176,4,59597.44,37
512,162,166,5,2666.16,41
513,162,18,5,3084.08,47
514,162,67,-5,94052.48,83
515,163,198,2,2694.15,37
516,163,167,5,693.18,87
517,164,108,5,3065.18,91
518,164,69,3,6749.31,66
519,165,30,3,1221.85,60
520,165,182,4,29049.69,26
521,165,31,3,1292.25,95
522,165,69,2,6749.31,21
523,165,63,5,430.09,91
524,166,2,1,59090.87,40
525,166,186,4,4929.38,22
526,166,82,2,2740.6,60
527,166,95,1,29603.95,0
528,167,162,2,91765.85,25
529,167,149,1,3551.09,68
530,167,179,4,2528.54,42
531,168,49,1,2142.2,79
532,169,199,5,702.8,20
533,169,62,1,4101.85,44
534,169,171,5,5623.35,28
535,169,152,3,9297.38,80
536,170,100,2,2050.98,35
537,171,66,4,6345.81,74
538,171,88,3,7189.72,47
539,171,186,5,4929.38,98
540,172,7,3,1545.0,71
541,172,44,5,70908.36,82
542,172,169,2,7775.36,9
543,172,5,5,1198.16,19
544,173,115,2,729.43,35
545,174,140,3,3878.75,72
546,174,35,1,3131.28,16
547,175,179,5,2528.54,82
548,175,142,4,11700.98,42
549,175,134,5,389.01,98
550,175,133,5,4126.14,77
551,175,184,3,19452.92,94
552,176,113,4,3469.53,26
553,176,66,2,6345.81,0
554,176,2,2,59090.87,27
555,176,191,1,1754.06,78
556,176,28,2,702.92,18
557,177,153,4,98307.89,0
558,177,4,3,18013.15,9
559,178,56,2,23622.11,65
560,179,85,4,2290.94,85
561,179,96,4,26794.28,41
562,179,25,3,3779.14,64
563,179,22,1,16162.22,30
564,180,103,4,1452.77,48
565,180,193,4,1383.66,90
566,180,153,4,98307.89,45
567,180,164,3,2495.26,66
568,180,137,3,14060.07,67
569,181,139,5,7772.31,27
570,182,34,3,3262.67,91
571,182,128,2,5319.49,55
572,183,56,4,23622.11,62
573,183,68,3,1575.64,87
574,183,143,1,7284.34,71
575,183,112,4,5163.37,83
576,183,78,3,40123.29,22
577,184,87,3,68101.36,59
578,185,3,4,52845.51,27
579,185,27,5,3860.01,71
580,185,123,2,2794.3,48
581,186,10,2,3469.21,95
582,186,134,1,389.01,25
583,186,99,4,8134.79,46
584,187,165,2,2338.31,0
585,187,178,5,485.22,39
586,187,2,3,59090.87,12
587,187,6,3,63491.13,32
588,187,160,5,14389.43,1
589,188,5,3,1198.16,4
590,188,153,3,98307.89,82
591,188,175,4,1171.69,50
592,188,181,1,3357.0,89
593,188,146,3,1205.79,35
594,189,171,5,5623.35,3
595,190,177,5,3546.32,80
596,190,62,4,4101.85,62
597,190,172,2,16100.85,60
598,190,194,5,464.22,13
599,191,137,3,14060.07,3
600,192,93,2,1383.07,90
601,192,164,2,2495.26,16
602,192,23,1,317.81,53
603,192,20,1,1317.81,7
604,192,146,4,1205.79,81
605,193,109,3,3878.01,12
606,194,38,-3,2266.82,24
607,194,162,5,91765.85,94
608,194,186,1,4929.38,42
609,194,63,3,430.09,90
610,194,9,2,26698.69,75
611,195,165,5,2338.31,1
612,195,17,4,4055.38,53
613,195,102,1,68170.84,8
614,196,89,5,18350.3,18
615,196,188,3,41686.05,10
616,197,191,4,1754.06,5
617,197,62,3,4101.85,77
618,198,78,5,40123.29,52
619,198,98,2,1260.01,81
620,199,173,3,14158.62,35
621,200,130,3,530.75,15
622,200,59,3,1243.65,59
623,200,199,5,702.8,89
624,200,103,1,1452.77,72
625,200,176,4,59597.44,11
626,201,63,1,430.09,23
627,202,72,2,199.64,40
628,203,25,1,3779.14,98
629,203,47,2,497.81,100
630,203,110,1,797.25,27
631,203,164,3,2495.26,58
632,203,70,1,5396.07,92
633,204,184,3,19452.92,87
634,204,149,2,3551.09,95
635,205,67,3,94052.48,6
636,205,56,4,23622.11,90
637,206,17,2,4055.38,35
638,206,116,2,3192.27,72
639,206,85,3,2290.94,52
640,207,60,2,1918.94,34
641,207,89,2,18350.3,22
642,208,142,3,11700.98,89
643,208,194,4,464.22,33
644,208,2,1,59090.87,62
645,209,102,5,68170.84,46
646,209,178,3,485.22,98
647,209,88,5,7189.72,57
648,210,62,1,4101.85,74
649,210,186,4,4929.38,19
650,211,197,5,964.09,26
651,211,194,4,464.22,44
652,211,72,3,199.64,26
653,211,124,-3,2030.13,89
654,211,113,5,3469.53,70
655,212,32,1,3754.44,65
656,212,186,2,4929.38,33
657,212,48,2,17690.82,59
658,213,90,1,17430.69,14
659,213,75,5,1758.88,84
660,213,3,2,52845.51,60
661,214,33,4,835.93,75
662,214,71,3,1994.84,47
663,215,88,4,7189.72,84
664,215,146,5,1205.79,4
665,215,77,3,1679.18,89
666,215,25,1,3779.14,80
667,215,178,3,485.22,1
668,216,159,4,314.46,60
669,216,76,3,19136.21,43
670,217,130,2,530.75,45
671,218,51,2,3521.45,59
672,218,150,5,22291.25,23
673,218,17,1,4055.38,56
674,219,20,4,1317.81,75
675,219,181,5,3357.0,88
676,219,197,4,964.09,93
677,219,165,4,2338.31,60
678,219,60,2,1918.94,32
679,220,8,5,4278.68,43
680,220,163,4,33147.7,86
681,220,42,4,15510.68,38
682,221,18,2,3084.08,97
683,222,15,1,17548.6,53
684,222,61,4,27642.73,99
685,222,176,-3,59597.44,73
686,222,123,4,2794.3,75
687,222,158,1,1554.87,20
688,223,2,2,59090.87,38
689,223,157,5,3574.22,89
690,223,135,5,802.55,25
691,223,44,5,70908.36,96
692,223,161,2,3019.49,16
693,224,12,1,37578.36,11
694,224,157,3,3574.22,98
695,224,107,2,5474.76,44
696,225,155,4,896.22,21
697,225,144,4,382.9,0
698,225,198,2,2694.15,25
699,225,2,2,59090.87,38
700,226,8,1,4278.68,23
701,226,18,2,3084.08,26
702,226,197,4,964.09,11
703,227,129,2,4097.17,87
704,227,116,5,3192.27,99
705,228,13,1,1849.34,61
706,228,17,2,4055.38,44
707,228,154,1,1413.98,60
708,229,45,4,9220.4,89
709,229,80,2,274.27,60
710,229,98,4,1260.01,59
711,229,67,2,94052.48,97
712,229,154,1,1413.98,49
713,230,125,3,800.11,97
714,230,75,2,1758.88,51
715,231,35,3,3131.28,86
716,231,177,4,3546.32,76
717,231,29,4,4216.76,68
718,232,134,3,389.01,62
719,233,59,1,1243.65,28
720,233,180,5,308.9,22
721,233,140,2,3878.75,47
722,233,47,3,497.81,43
723,233,75,5,1758.88,0
724,234,143,5,7284.34,96
725,234,122,4,2349.23,9
726,234,189,2,2811.23,17
727,234,115,4,729.43,24
728,234,100,1,2050.98,27
729,235,153,4,98307.89,11
730,235,89,3,18350.3,49
731,235,59,2,1243.65,54
732,236,92,3,12217.22,39
733,236,82,4,2740.6,86
734,237,172,1,16100.85,33
735,237,197,4,964.09,22
736,237,173,2,14158.62,50
737,237,73,5,7599.51,13
738,238,167,1,693.18,44
739,238,159,1,314.46,83
740,238,27,4,3860.01,1
741,238,85,2,2290.94,40
742,239,113,5,3469.53,64
743,239,37,4,3250.66,87
744,240,131,1,14500.41,62
745,240,58,4,2469.9,54
746,240,121,-1,1118.51,38
747,240,175,4,1171.69,33
748,241,138,5,3632.53,57
749,242,163,3,33147.7,99
750,242,83,4,18455.42,91
751,242,187,-3,15169.68,68
752,242,49,3,2142.2,14
753,242,92,2,12217.22,54
754,243,192,4,7461.34,86
755,243,86,1,29410.8,19
756,243,190,1,1227.09,43
757,243,20,5,1317.81,33
758,243,2,2,59090.87,65
759,244,26,4,22441.58,55
760,244,163,1,33147.7,59
761,244,62,3,4101.85,5
762,244,60,1,1918.94,62
763,244,83,4,18455.42,46
764,245,6,5,63491.13,87
765,246,28,3,702.92,54
766,246,51,3,3521.45,86
767,246,129,-3,4097.17,98
768,247,105,5,2738.82,34
769,248,74,3,245.13,45
770,248,125,4,800.11,2
771,249,75,3,1758.88,38
772,249,2,1,59090.87,76
773,249,24,1,2479.74,45
774,249,103,1,1452.77,68
775,250,139,-2,7772.31,22
776,250,119,1,35613.06,68
777,250,28,1,702.92,16
778,250,42,2,15510.68,81
779,251,97,4,4030.37,35
780,251,150,-3,22291.25,58
781,251,84,5,529.09,31
782,251,192,5,7461.34,72
783,252,160,1,14389.43,9
784,252,19,3,8561.48,47
785,252,43,1,98247.37,18
786,252,110,5,797.25,92
787,253,65,4,8962.94,65
788,254,56,3,23622.11,81
789,255,68,4,1575.64,51
790,255,128,1,5319.49,23
791,255,16,3,1945.54,92
792,256,124,4,2030.13,14
793,257,85,5,2290.94,33
794,257,1,3,253.9,78
795,258,1,5,253.9,31
796,258,29,1,4216.76,47
797,258,198,5,2694.15,60
798,258,141,2,10789.69,97
799,258,101,4,24788.51,35
800,259,78,3,40123.29,64
801,259,23,1,317.81,77
802,260,198,2,2694.15,86
803,260,184,3,19452.92,34
804,260,2,1,59090.87,52
805,260,110,2,797.25,2
806,261,39,2,534.57,35
807,261,162,3,91765.85,59
808,261,91,5,4806.55,81
809,261,122,3,2349.23,12
810,262,46,2,6493.42,2
811,262,48,3,17690.82,28
812,263,146,5,1205.79,36
813,264,64,4,93117.18,75
814,264,45,4,9220.4,81
815,264,171,5,5623.35,42
816,264,153,5,98307.89,49
817,264,11,4,763.98,71
818,265,125,3,800.11,43
819,266,129,3,4097.17,56
820,266,132,2,14673.24,59
821,266,84,4,529.09,26
822,267,82,2,2740.6,86
823,267,92,4,12217.22,32
824,267,173,4,14158.62,4
825,267,166,5,2666.16,10
826,267,177,4,3546.32,71
827,268,46,1,6493.42,26
828,268,92,5,12217.22,47
829,268,72,3,199.64,37
830,269,137,4,14060.07,86
831,269,143,4,7284.34,3
832,269,22,2,16162.22,79
833,270,51,2,3521.45,79
834,270,75,3,1758.88,72
835,270,44,4,70908.36,53
836,270,115,1,729.43,96
837,270,59,3,1243.65,71
838,271,36,2,14186.62,48
839,271,61,5,27642.73,16
840,271,108,4,3065.18,77
841,271,38,-1,2266.82,12
842,272,58,2,2469.9,27
843,272,171,1,5623.35,73
844,272,103,3,1452.77,22
845,272,49,2,2142.2,98
846,273,138,5,3632.53,52
847,273,98,3,1260.01,96
848,273,9,2,26698.69,53
849,273,108,5,3065.18,35
850,274,174,3,7801.61,80
851,274,177,1,3546.32,85
852,274,137,-3,14060.07,64
853,275,76,5,19136.21,50
854,275,149,2,3551.09,51
855,275,6,4,63491.13,96
856,275,65,4,8962.94,36
857,275,67,4,94052.48,20
858,276,140,4,3878.75,36
859,276,79,1,3269.81,68
860,277,74,4,245.13,83
861,277,76,2,19136.21,87
862,277,184,1,19452.92,49
863,278,43,4,98247.37,53
864,278,39,4,534.57,24
865,278,200,1,3212.97,79
866,278,122,2,2349.23,17
867,278,177,5,3546.32,79
868,279,151,1,92003.66,76
869,279,50,5,3979.14,93
870,279,58,4,2469.9,2
871,279,125,3,800.11,78
872,279,87,2,68101.36,21
873,280,12,4,37578.36,87
874,280,160,1,14389.43,47
875,280,131,1,14500.41,95
876,280,117,5,1769.76,83
877,280,46,4,6493.42,70
878,281,118,2,2637.64,20
879,281,190,4,1227.09,47
880,281,101,2,24788.51,22
881,281,24,4,2479.74,91
882,281,65,2,8962.94,41
883,282,141,3,10789.69,8
884,282,56,1,23622.11,26
885,283,33,4,835.93,58
886,283,137,2,14060.07,87
887,283,67,5,94052.48,56
888,283,141,-2,10789.69,22
889,283,88,4,7189.72,64
890,284,186,5,4929.38,42
891,285,23,2,317.81,59
892,285,137,1,14060.07,0
893,286,126,4,52173.6,66
894,287,102,4,68170.84,9
895,287,61,4,27642.73,33
896,287,5,5,1198.16,15
897,287,126,5,52173.6,82
898,288,185,1,1085.28,56
899,288,1,4,253.9,92
900,288,112,1,5163.37,37
901,288,53,4,1750.15,92
902,288,60,1,1918.94,46
903,289,48,5,17690.82,80
904,289,198,4,2694.15,54
905,289,81,1,641.3,13
906,289,35,2,3131.28,33
907,290,161,1,3019.49,92
908,290,94,2,2140.24,46
909,290,58,4,2469.9,84
910,290,50,3,3979.14,18
911,290,128,2,5319.49,61
912,291,68,3,1575.64,12
913,291,178,3,485.22,82
914,292,50,4,3979.14,90
915,293,58,2,2469.9,96
916,293,20,3,1317.81,43
917,293,8,3,4278.68,88
918,293,42,4,15510.68,42
919,294,29,3,4216.76,72
920,294,117,3,1769.76,76
921,294,8,1,4278.68,97
922,294,95,2,29603.95,18
923,295,64,3,93117.18,3
924,295,179,2,2528.54,47
925,295,109,5,3878.01,46
926,295,16,3,1945.54,39
927,295,55,2,1885.07,72
928,296,142,4,11700.98,91
929,296,86,4,29410.8,86
930,296,51,3,3521.45,19
931,297,150,2,22291.25,77
932,297,93,3,1383.07,49
933,298,17,2,4055.38,3
934,298,58,2,2469.9,74
935,298,38,-3,2266.82,18
936,299,146,1,1205.79,33
937,299,93,3,1383.07,92
938,299,171,-5,5623.35,95
939,299,67,5,94052.48,51
940,299,193,4,1383.66,79
941,300,21,3,4861.87,82
942,300,100,2,2050.98,75
943,301,41,3,79285.87,66
944,301,112,3,5163.37,48
945,301,34,4,3262.67,82
946,301,154,2,1413.98,67
947,301,139,4,7772.31,22
948,302,15,4,17548.6,1
949,302,7,1,1545.0,43
950,302,168,2,2536.06,39
951,302,198,2,2694.15,28
952,303,151,-3,92003.66,77
953,303,25,1,3779.14,83
954,304,139,3,7772.31,63
955,304,78,4,40123.29,72
956,305,146,5,1205.79,29
957,306,124,3,2030.13,85
958,306,63,1,430.09,51
959,307,144,3,382.9,64
960,308,85,3,2290.94,70
961,309,65,5,8962.94,10
962,309,18,1,3084.08,57
963,309,8,5,4278.68,66
964,309,53,2,1750.15,31
965,309,89,3,18350.3,94
966,310,13,2,1849.34,29
967,310,31,4,1292.25,22
968,311,148,5,3368.6,34
969,312,4,3,18013.15,11
970,312,11,2,763.98,93
971,312,87,1,68101.36,16
972,312,184,5,19452.92,38
973,312,138,-1,3632.53,26
974,313,5,2,1198.16,74
975,313,71,5,1994.84,61
976,314,41,1,79285.87,68
977,314,177,1,3546.32,40
978,314,150,1,22291.25,25
979,314,36,4,14186.62,14
980,315,7,1,1545.0,60
981,315,6,2,63491.13,12
982,315,36,5,14186.62,75
983,315,109,2,3878.01,76
984,316,116,3,3192.27,72
985,316,195,1,7327.29,74
986,316,141,4,10789.69,14
987,316,35,4,3131.28,99
988,317,176,5,59597.44,81
989,317,180,5,308.9,96
990,318,134,1,389.01,32
991,318,84,4,529.09,76
992,318,103,3,1452.77,63
993,318,191,2,1754.06,42
994,319,198,4,2694.15,65
995,319,58,3,2469.9,82
996,319,29,3,4216.76,33
997,319,180,5,308.9,31
998,319,114,3,12262.14,35
999,320,196,5,2283.28,39
1000,320,192,4,7461.34,14
1001,320,93,2,1383.07,62
1002,320,153,1,98307.89,40
1003,320,95,5,29603.95,60
1004,321,40,2,6624.33,22
1005,321,1,1,253.9,97
1006,321,192,4,7461.34,86
1007,321,14,3,42582.22,12
1008,322,24,3,2479.74,81
1009,322,151,5,92003.66,23
1010,322,93,2,1383.07,99
1011,322,41,1,79285.87,97
1012,323,61,2,27642.73,39
1013,323,139,5,7772.31,39
1014,324,80,5,274.27,60
1015,324,57,1,2504.37,87
1016,324,13,3,1849.34,78
1017,325,105,5,2738.82,86
1018,325,139,2,7772.31,41
1019,326,166,2,2666.16,98
1020,326,36,4,14186.62,100
1021,327,86,2,29410.8,78
1022,327,175,2,1171.69,41
1023,328,77,4,1679.18,83
1024,328,122,5,2349.23,100
1025,328,150,4,22291.25,99
1026,328,31,3,1292.25,29
1027,328,7,3,1545.0,60
1028,329,154,3,1413.98,18
1029,329,35,3,3131.28,42
1030,329,86,3,29410.8,95
1031,330,2,4,59090.87,39
1032,330,176,4,59597.44,72
1033,330,156,4,3615.3,97
1034,331,108,1,3065.18,97
1035,331,35,4,3131.28,7
1036,331,119,4,35613.06,45
1037,331,9,2,26698.69,58
1038,332,157,1,3574.22,90
1039,332,137,-2,14060.07,26
1040,332,185,3,1085.28,37
1041,333,3,1,52845.51,41
1042,333,158,4,1554.87,48
1043,333,71,3,1994.84,71
1044,334,62,2,4101.85,27
1045,334,24,5,2479.74,64
1046,334,120,4,67415.8,35
1047,334,169,1,7775.36,9
1048,334,55,2,1885.07,20
1049,335,143,4,7284.34,92
1050,335,129,5,4097.17,60
1051,335,121,1,1118.51,99
1052,336,104,4,3389.18,31
1053,336,118,3,2637.64,77
1054,336,181,5,3357.0,48
1055,336,109,1,3878.01,12
1056,337,25,3,3779.14,35
1057,338,66,3,6345.81,56
1058,338,3,3,52845.51,14
1059,338,105,4,2738.82,17
1060,338,123,1,2794.3,41
1061,338,150,4,22291.25,19
1062,339,91,5,4806.55,38
1063,339,134,5,389.01,25
1064,340,195,1,7327.29,56
1065,340,1,2,253.9,41
1066,340,38,5,2266.82,69
1067,340,188,3,41686.05,71
1068,340,137,5,14060.07,37
1069,341,79,2,3269.81,98
1070,342,100,3,2050.98,46
1071,343,80,2,274.27,23
1072,343,94,3,2140.24,59
1073,343,13,2,1849.34,58
1074,343,196,3,2283.28,42
1075,344,24,3,2479.74,32
1076,344,12,5,37578.36,95
1077,345,180,2,308.9,15
1078,346,61,4,27642.73,50
1079,346,41,4,79285.87,6
1080,346,87,5,68101.36,7
1081,346,148,5,3368.6,47
1082,347,52,-5,3961.79,55
1083,348,188,5,41686.05,41
1084,349,26,4,22441.58,36
1085,349,184,5,19452.92,42
1086,349,133,1,4126.14,94
1087,349,138,1,3632.53,72
1088,349,89,1,18350.3,71
1089,350,187,5,15169.68,20
1090,351,78,1,40123.29,73
1091,351,189,4,2811.23,78
1092,351,98,2,1260.01,96
1093,351,129,1,4097.17,98
1094,351,131,4,14500.41,35
1095,352,81,4,641.3,94
1096,352,181,2,3357.0,83
1097,352,125,3,800.11,9
1098,352,102,2,68170.84,82
1099,353,43,-3,98247.37,58
1100,353,177,5,3546.32,99
1101,353,21,4,4861.87,2
1102,353,58,4,2469.9,73
1103,353,125,3,800.11,0
1104,354,86,4,29410.8,2
1105,354,16,1,1945.54,28
1106,354,109,3,3878.01,54
1107,354,160,2,14389.43,33
1108,354,145,2,3116.82,74
1109,355,30,5,1221.85,58
1110,355,16,2,1945.54,98
1111,355,44,5,70908.36,45
1112,356,43,-2,98247.37,24
1113,356,142,2,11700.98,26
1114,356,173,3,14158.62,23
1115,356,125,1,800.11,3
1116,356,182,5,29049.69,77
1117,357,176,2,59597.44,69
1118,358,47,1,497.81,41
1119,358,46,3,6493.42,29
1120,358,37,2,3250.66,25
1121,359,169,2,7775.36,54
1122,359,147,3,772.56,29
1123,359,177,2,3546.32,98
1124,360,9,1,26698.69,17
1125,360,128,4,5319.49,15
1126,360,30,4,1221.85,3
1127,361,71,2,1994.84,48
1128,361,112,1,5163.37,57
1129,361,153,4,98307.89,51
1130,361,191,2,1754.06,26
1131,362,155,5,896.22,15
1132,362,19,1,8561.48,22
1133,362,161,5,3019.49,74
1134,362,10,5,3469.21,15
1135,363,134,2,389.01,15
1136,363,13,4,1849.34,94
1137,364,106,3,484.23,95
1138,364,57,3,2504.37,53
1139,364,116,-2,3192.27,26
1140,364,113,1,3469.53,64
1141,364,105,3,2738.82,61
1142,365,186,5,4929.38,14
1143,365,57,4,2504.37,2
1144,365,177,1,3546.32,48
1145,366,59,4,1243.65,12
1146,366,119,3,35613.06,46
1147,366,22,3,16162.22,8
1148,366,15,4,17548.6,83
1149,367,89,2,18350.3,89
1150,367,54,1,4173.59,83
1151,367,122,4,2349.23,60
1152,368,130,3,530.75,93
1153,369,65,1,8962.94,18
1154,369,161,2,3019.49,22
1155,369,94,5,2140.24,1
1156,370,123,5,2794.3,19
1157,370,17,2,4055.38,88
1158,371,115,1,729.43,7
1159,371,2,5,59090.87,26
1160,371,32,3,3754.44,47
1161,371,51,5,3521.45,53
1162,372,114,4,12262.14,22
1163,372,140,2,3878.75,66
1164,373,137,2,14060.07,46
1165,373,176,1,59597.44,100
1166,374,62,1,4101.85,63
1167,374,57,2,2504.37,39
1168,375,93,3,1383.07,33
1169,375,130,5,530.75,41
1170,375,120,1,67415.8,100
1171,375,52,1,3961.79,42
1172,376,46,4,6493.42,4
1173,377,112,4,5163.37,5
1174,377,6,5,63491.13,48
1175,378,15,5,17548.6,21
1176,378,180,-2,308.9,12
1177,378,44,1,70908.36,44
1178,378,28,2,702.92,11
1179,378,80,4,274.27,8
1180,379,10,4,3469.21,59
1181,380,111,5,7723.9,56
1182,380,43,2,98247.37,77
1183,380,50,1,3979.14,39
1184,380,107,-4,5474.76,60
1185,381,19,2,8561.48,41
1186,381,107,5,5474.76,46
1187,381,110,5,797.25,85
1188,382,134,4,389.01,63
1189,383,170,2,13731.85,16
1190,383,6,2,63491.13,65
1191,383,10,2,3469.21,18
1192,383,152,2,9297.38,84
1193,383,116,1,3192.27,95
1194,384,185,4,1085.28,36
1195,385,171,1,5623.35,31
1196,385,169,2,7775.36,32
1197,385,19,2,8561.48,93
1198,385,89,3,18350.3,42
1199,385,106,4,484.23,85
1200,386,27,5,3860.01,66
1201,386,94,5,2140.24,34
1202,386,73,2,7599.51,41
1203,386,149,4,3551.09,47
1204,386,122,2,2349.23,74
1205,387,93,4,1383.07,80
1206,388,148,2,3368.6,1
1207,389,53,1,1750.15,30
1208,389,31,2,1292.25,50
1209,390,126,1,52173.6,73
1210,390,148,4,3368.6,61
1211,390,6,3,63491.13,24
1212,391,122,4,2349.23,57
1213,391,47,2,497.81,58
1214,391,182,5,29049.69,33
1215,391,69,5,6749.31,56
1216,391,129,1,4097.17,95
1217,392,93,5,1383.07,43
1218,392,41,3,79285.87,23
1219,392,192,3,7461.34,43
1220,393,164,5,2495.26,58
1221,393,60,1,1918.94,85
1222,393,129,3,4097.17,97
1223,393,163,5,33147.7,33
1224,394,2,3,59090.87,54
1225,395,67,5,94052.48,16
1226,396,97,2,4030.37,58
1227,397,14,1,42582.22,70
1228,398,20,2,1317.81,44
1229,398,18,3,3084.08,57
1230,398,29,4,4216.76,70
1231,399,69,5,6749.31,23
1232,400,162,5,91765.85,24
1233,400,156,2,3615.3,87
1234,400,135,2,802.55,99
1235,400,32,1,3754.44,25
1236,401,142,5,11700.98,76
1237,401,164,2,2495.26,72
1238,401,149,5,3551.09,67
1239,402,38,5,2266.82,46
1240,403,58,2,2469.9,88
1241,403,25,5,3779.14,21
1242,403,134,3,389.01,20
1243,403,48,1,17690.82,87
1244,403,72,2,199.64,81
1245,404,126,2,52173.6,96
1246,404,5,2,1198.16,69
1247,404,109,5,3878.01,54
1248,404,122,2,2349.23,35
1249,404,68,1,1575.64,51
1250,405,183,4,1718.29,66
1251,405,54,4,4173.59,60
1252,405,64,4,93117.18,41
1253,406,37,3,3250.66,0
1254,406,121,1,1118.51,32
1255,407,156,3,3615.3,26
1256,407,184,5,19452.92,76
1257,407,54,1,4173.59,7
1258,407,144,4,382.9,17
1259,407,28,2,702.92,61
1260,408,3,2,52845.51,50
1261,408,106,2,484.23,82
1262,409,108,4,3065.18,75
1263,409,124,2,2030.13,31
1264,409,95,3,29603.95,9
1265,409,110,2,797.25,35
1266,410,138,4,3632.53,15
1267,410,86,5,29410.8,86
1268,411,96,2,26794.28,56
1269,411,76,2,19136.21,86
1270,412,34,3,3262.67,1
1271,412,119,1,35613.06,66
1272,412,194,3,464.22,67
1273,413,88,5,7189.72,60
1274,414,97,4,4030.37,38
1275,414,182,1,29049.69,69
1276,415,178,4,485.22,19
1277,415,55,1,1885.07,96
1278,415,83,3,18455.42,34
1279,415,183,1,1718.29,48
1280,415,7,3,1545.0,14
1281,416,35,4,3131.28,74
1282,416,156,2,3615.3,90
1283,416,57,4,2504.37,97
1284,416,154,3,1413.98,28
1285,417,11,1,763.98,11
1286,417,108,5,3065.18,76
1287,417,137,3,14060.07,30
1288,417,35,4,3131.28,89
1289,417,195,4,7327.29,53
1290,418,146,1,1205.79,98
1291,419,195,3,7327.29,32
1292,419,40,5,6624.33,42
1293,419,66,4,6345.81,85
1294,420,187,3,15169.68,10
1295,420,182,1,29049.69,12
1296,420,117,4,1769.76,31
1297,421,87,4,68101.36,28
1298,421,15,5,17548.6,55
1299,421,157,3,3574.22,13
1300,421,122,4,2349.23,71
1301,421,47,5,497.81,72
1302,422,196,5,2283.28,66
1303,422,62,4,4101.85,5
1304,422,139,5,7772.31,13
1305,422,191,5,1754.06,82
1306,423,6,5,63491.13,12
1307,424,24,2,2479.74,46
1308,425,126,5,52173.6,53
1309,425,86,4,29410.8,91
1310,425,115,1,729.43,44
1311,425,169,4,7775.36,58
1312,425,195,5,7327.29,66
1313,426,142,4,11700.98,80
1314,427,56,1,23622.11,27
1315,427,78,5,40123.29,23
1316,427,75,1,1758.88,80
1317,427,146,3,1205.79,12
1318,428,31,4,1292.25,3
1319,428,7,4,1545.0,32
1320,428,25,3,3779.14,87
1321,429,165,-3,2338.31,31
1322,429,50,3,3979.14,57
1323,429,31,1,1292.25,41
1324,430,5,3,1198.16,98
1325,430,69,2,6749.31,26
1326,430,16,5,1945.54,98
1327,430,180,5,308.9,82
1328,431,156,4,3615.3,96
1329,431,100,3,2050.98,99
1330,431,94,2,2140.24,63
1331,432,52,3,3961.79,45
1332,433,82,5,2740.6,94
1333,433,137,2,14060.07,40
1334,433,189,3,2811.23,12
1335,433,166,1,2666.16,81
1336,433,51,4,3521.45,40
1337,434,24,4,2479.74,81
1338,434,49,2,2142.2,96
1339,434,199,4,702.8,25
1340,434,88,3,7189.72,90
1341,434,171,4,5623.35,44
1342,435,173,4,14158.62,46
1343,435,50,2,3979.14,21
1344,435,176,3,59597.44,2
1345,436,30,2,1221.85,74
1346,437,146,5,1205.79,89
1347,437,78,5,40123.29,37
1348,437,135,5,802.55,68
1349,438,17,4,4055.38,79
1350,438,66,1,6345.81,25
1351,439,114,1,12262.14,91
1352,440,151,4,92003.66,33
1353,440,111,2,7723.9,91
1354,440,167,3,693.18,68
1355,440,162,3,91765.85,50
1356,440,43,2,98247.37,49
1357,441,57,3,2504.37,78
1358,442,121,1,1118.51,41
1359,442,79,2,3269.81,56
1360,442,165,1,2338.31,31
1361,442,89,5,18350.3,19
1362,442,152,3,9297.38,3
1363,443,171,2,5623.35,88
1364,443,130,2,530.75,31
1365,443,131,2,14500.41,56
1366,443,81,2,641.3,18
1367,444,165,3,2338.31,31
1368,445,189,5,2811.23,61
1369,446,183,4,1718.29,71
1370,446,162,5,91765.85,72
1371,446,13,2,1849.34,52
1372,446,77,2,1679.18,66
1373,447,18,4,3084.08,80
1374,447,90,5,17430.69,49
1375,447,15,3,17548.6,90
1376,447,26,3,22441.58,33
1377,447,73,4,7599.51,47
1378,448,199,-2,702.8,40
1379,448,174,5,7801.61,45
1380,448,171,1,5623.35,88
1381,449,157,3,3574.22,89
1382,449,39,2,534.57,68
1383,450,108,2,3065.18,12
1384,450,18,5,3084.08,90
1385,450,107,4,5474.76,68
1386,450,35,3,3131.28,13
1387,450,15,5,17548.6,29
1388,451,80,5,274.27,28
1389,451,178,4,485.22,34
1390,451,121,5,1118.51,6
1391,452,147,5,772.56,56
1392,452,7,4,1545.0,75
1393,452,89,4,18350.3,8
1394,452,56,2,23622.11,2
1395,453,55,4,1885.07,71
1396,453,41,1,79285.87,44
1397,453,178,4,485.22,90
1398,453,185,2,1085.28,8
1399,453,103,3,1452.77,8
1400,454,171,5,5623.35,32
1401,454,96,1,26794.28,91
1402,454,25,5,3779.14,62
1403,455,181,2,3357.0,50
1404,455,16,2,1945.54,84
1405,455,24,4,2479.74,39
1406,455,42,5,15510.68,89
1407,456,181,3,3357.0,29
1408,456,133,5,4126.14,65
1409,456,48,4,17690.82,18
1410,457,174,5,7801.61,40
1411,457,121,1,1118.51,78
1412,457,12,1,37578.36,91
1413,457,30,3,1221.85,75
1414,457,49,1,2142.2,99
1415,458,64,5,93117.18,8
1416,459,100,4,2050.98,93
1417,459,54,2,4173.59,93
1418,459,51,2,3521.45,31
1419,459,131,5,14500.41,99
1420,459,7,2,1545.0,23
1421,460,22,4,16162.22,93
1422,461,83,3,18455.42,11
1423,462,122,4,2349.23,73
1424,463,75,4,1758.88,48
1425,463,84,4,529.09,17
1426,463,16,3,1945.54,23
1427,463,122,1,2349.23,39
1428,464,35,2,3131.28,90
1429,464,132,4,14673.24,32
1430,464,139,4,7772.31,11
1431,465,12,3,37578.36,51
1432,465,139,2,7772.31,29
1433,466,14,1,42582.22,43
1434,466,61,4,27642.73,96
1435,466,3,1,52845.51,67
1436,467,161,1,3019.49,77
1437,467,43,1,98247.37,71
1438,467,157,1,3574.22,87
1439,468,147,1,772.56,21
1440,468,6,1,63491.13,67
1441,468,3,1,52845.51,0
1442,469,81,4,641.3,39
1443,469,2,1,59090.87,72
1444,469,138,5,3632.53,47
1445,470,187,2,15169.68,24
1446,471,178,4,485.22,23
1447,471,53,5,1750.15,27
1448,471,168,3,2536.06,12
1449,471,177,2,3546.32,76
1450,471,103,3,1452.77,73
1451,472,200,4,3212.97,90
1452,472,195,2,7327.29,64
1453,473,145,4,3116.82,3
1454,473,58,5,2469.9,4
1455,474,126,1,52173.6,39
1456,474,40,3,6624.33,13
1457,474,154,3,1413.98,87
1458,474,86,2,29410.8,75
1459,474,19,5,8561.48,21
1460,475,97,4,4030.37,24
1461,476,133,2,4126.14,78
1462,476,167,3,693.18,58
1463,476,15,5,17548.6,49
1464,476,194,4,464.22,14
1465,476,100,5,2050.98,8
1466,477,131,2,14500.41,46
1467,477,82,2,2740.6,30
1468,477,140,4,3878.75,24
1469,478,113,1,3469.53,45
1470,478,136,1,2848.35,61
1471,478,43,5,98247.37,12
1472,478,173,5,14158.62,11
1473,479,164,5,2495.26,72
1474,479,55,5,1885.07,89
1475,479,156,5,3615.3,66
1476,480,123,5,2794.3,82
1477,480,187,2,15169.68,36
1478,480,94,3,2140.24,17
1479,480,194,4,464.22,97
1480,481,171,3,5623.35,80
1481,481,28,4,702.92,51
1482,482,35,4,3131.28,10
1483,482,20,4,1317.81,3
1484,482,190,4,1227.09,13
1485,482,62,3,4101.85,71
1486,483,139,5,7772.31,49
1487,483,63,3,430.09,63
1488,483,9,3,26698.69,98
1489,483,19,1,8561.48,67
1490,484,188,2,41686.05,11
1491,485,62,5,4101.85,95
1492,485,167,5,693.18,69
1493,485,89,2,18350.3,82
1494,486,43,1,98247.37,68
1495,486,23,1,317.81,6
1496,486,108,3,3065.18,49
1497,487,103,3,1452.77,68
1498,487,15,1,17548.6,87
1499,488,149,5,3551.09,67
1500,488,64,2,93117.18,65
1501,488,148,3,3368.6,87
1502,488,132,1,14673.24,27
1503,489,110,4,797.25,23
1504,490,92,3,12217.22,9
1505,490,74,2,245.13,63
1506,491,82,5,2740.6,81
1507,491,169,5,7775.36,1
1508,492,151,4,92003.66,26
1509,493,124,3,2030.13,0
1510,494,71,3,1994.84,22
1511,494,73,4,7599.51,29
1512,495,54,4,4173.59,5
1513,495,65,2,8962.94,18
1514,495,92,5,12217.22,31
1515,496,51,3,3521.45,54
1516,496,52,5,3961.79,90
1517,496,190,3,1227.09,26
1518,496,86,3,29410.8,52
1519,496,116,1,3192.27,53
1520,497,126,4,52173.6,35
1521,497,104,2,3389.18,99
1522,497,70,4,5396.07,32
1523,497,94,5,2140.24,1
1524,498,118,-1,2637.64,89
1525,498,79,4,3269.81,16
1526,498,10,2,3469.21,9
1527,498,121,1,1118.51,14
1528,499,166,4,2666.16,8
1529,499,101,2,24788.51,68
1530,500,1,2,253.9,94
1531,500,122,3,2349.23,87
1532,500,47,4,497.81,36
1533,501,15,3,17548.6,36
1534,501,156,5,3615.3,33
1535,501,87,1,68101.36,97
1536,501,81,1,641.3,50
1537,501,111,2,7723.9,11
1538,502,106,4,484.23,25
1539,502,134,2,389.01,66
1540,502,50,1,3979.14,60
1541,502,117,4,1769.76,13
1542,502,118,-1,2637.64,29
1543,503,42,4,15510.68,23
1544,504,122,1,2349.23,30
1545,505,124,-5,2030.13,47
1546,505,197,4,964.09,94
1547,505,66,2,6345.81,56
1548,505,17,5,4055.38,98
1549,506,107,5,5474.76,98
1550,507,152,2,9297.38,92
1551,507,106,3,484.23,5
1552,508,198,1,2694.15,19
1553,508,111,3,7723.9,32
1554,508,197,2,964.09,44
1555,508,107,4,5474.76,25
1556,508,24,1,2479.74,50
1557,509,143,2,7284.34,37
1558,509,91,5,4806.55,8
1559,509,165,2,2338.31,23
1560,509,188,2,41686.05,42
1561,510,161,1,3019.49,56
1562,510,126,1,52173.6,31
1563,510,142,5,11700.98,67
1564,510,127,3,1797.09,71
1565,511,171,2,5623.35,70
1566,511,138,3,3632.53,7
1567,512,95,1,29603.95,52
1568,513,87,5,68101.36,2
1569,513,51,5,3521.45,92
1570,513,20,2,1317.81,92
1571,513,158,3,1554.87,47
1572,513,62,1,4101.85,18
1573,514,68,2,1575.64,0
1574,515,121,-1,1118.51,72
1575,515,135,1,802.55,49
1576,515,28,5,702.92,15
1577,515,16,2,1945.54,97
1578,516,167,5,693.18,69
1579,517,16,1,1945.54,83
1580,518,120,5,67415.8,82
1581,518,117,4,1769.76,36
1582,518,61,5,27642.73,49
1583,518,90,4,17430.69,95
1584,519,41,4,79285.87,78
1585,519,27,3,3860.01,44
1586,520,199,4,702.8,19
1587,520,73,4,7599.51,68
1588,520,81,3,641.3,28
1589,520,77,2,1679.18,36
1590,521,44,4,70908.36,32
1591,521,64,2,93117.18,47
1592,522,131,4,14500.41,38
1593,523,183,1,1718.29,58
1594,523,129,4,4097.17,90
1595,524,103,2,1452.77,51
1596,524,188,2,41686.05,80
1597,524,130,3,530.75,26
1598,524,145,4,3116.82,53
1599,524,174,4,7801.61,58
1600,525,13,4,1849.34,49
1601,525,174,4,7801.61,46
1602,525,149,3,3551.09,41
1603,525,58,4,2469.9,17
1604,526,135,2,802.55,31
1605,526,80,2,274.27,91
1606,526,100,2,2050.98,72
1607,526,17,2,4055.38,93
1608,526,97,5,4030.37,46
1609,527,5,5,1198.16,97
1610,527,11,4,763.98,47
1611,527,44,3,70908.36,27
1612,527,120,4,67415.8,18
1613,528,23,1,317.81,69
1614,528,166,4,2666.16,38
1615,528,22,5,16162.22,52
1616,528,85,1,2290.94,25
1617,529,101,-3,24788.51,70
1618,529,178,2,485.22,84
1619,530,193,5,1383.66,55
1620,530,105,2,2738.82,56
1621,530,26,1,22441.58,88
1622,530,124,2,2030.13,49
1623,531,47,2,497.81,34
1624,531,192,5,7461.34,98
1625,531,150,2,22291.25,82
1626,531,3,4,52845.51,73
1627,531,167,2,693.18,19
1628,532,27,3,3860.01,59
1629,532,188,2,41686.05,94
1630,532,123,2,2794.3,97
1631,532,73,4,7599.51,40
1632,533,110,5,797.25,67
1633,533,64,1,93117.18,86
1634,533,10,1,3469.21,100
1635,533,78,1,40123.29,10
1636,533,76,1,19136.21,1
1637,534,68,3,1575.64,11
1638,535,89,3,18350.3,25
1639,535,17,2,4055.38,27
1640,535,176,3,59597.44,8
1641,536,111,5,7723.9,40
1642,536,121,5,1118.51,57
1643,536,165,4,2338.31,43
1644,537,23,3,317.81,38
1645,537,61,1,27642.73,71
1646,538,102,2,68170.84,20
1647,538,75,4,1758.88,15
1648,539,179,5,2528.54,52
1649,539,114,2,12262.14,71
1650,539,82,5,2740.6,80
1651,539,177,4,3546.32,89
1652,539,60,3,1918.94,88
1653,540,47,1,497.81,84
1654,540,64,2,93117.18,56
1655,541,156,1,3615.3,17
1656,542,188,4,41686.05,48
1657,542,119,4,35613.06,21
1658,542,196,1,2283.28,75
1659,542,86,3,29410.8,56
1660,543,38,5,2266.82,23
1661,543,69,4,6749.31,2
1662,543,82,4,2740.6,85
1663,543,170,5,13731.85,44
1664,543,89,3,18350.3,10
1665,544,63,1,430.09,22
1666,544,21,2,4861.87,79
1667,544,28,3,702.92,86
1668,545,137,2,14060.07,14
1669,545,60,2,1918.94,81
1670,545,166,3,2666.16,37
1671,545,104,1,3389.18,45
1672,546,45,4,9220.4,2
1673,546,175,5,1171.69,75
1674,546,167,4,693.18,21
1675,546,56,3,23622.11,32
1676,546,105,2,2738.82,65
1677,547,153,5,98307.89,3
1678,547,177,4,3546.32,40
1679,547,92,2,12217.22,6
1680,548,127,3,1797.09,33
1681,548,190,4,1227.09,55
1682,549,146,1,1205.79,34
1683,549,76,4,19136.21,84
1684,549,197,1,964.09,42
1685,550,96,1,26794.28,16
1686,550,46,5,6493.42,1
1687,550,65,5,8962.94,2
1688,550,104,3,3389.18,48
1689,550,85,2,2290.94,60
1690,551,85,4,2290.94,4
1691,551,109,3,3878.01,89
1692,551,5,4,1198.16,42
1693,551,101,3,24788.51,65
1694,552,46,4,6493.42,90
1695,552,47,3,497.81,16
1696,552,100,3,2050.98,92
1697,552,183,-3,1718.29,70
1698,553,192,4,7461.34,36
1699,553,177,3,3546.32,10
1700,554,200,1,3212.97,85
1701,554,116,3,3192.27,65
1702,554,198,1,2694.15,2
1703,554,112,2,5163.37,97
1704,555,122,2,2349.23,9
1705,556,26,3,22441.58,8
1706,556,157,2,3574.22,73
1707,557,160,1,14389.43,9
1708,557,106,1,484.23,92
1709,558,47,3,497.81,79
1710,559,167,2,693.18,74
1711,560,16,3,1945.54,100
1712,560,76,1,19136.21,78
1713,560,56,1,23622.11,7
1714,560,90,2,17430.69,25
1715,561,65,2,8962.94,11
1716,562,46,1,6493.42,55
1717,563,110,-2,797.25,6
1718,563,75,1,1758.88,49
1719,564,175,5,1171.69,24
1720,564,56,4,23622.11,25
1721,564,114,4,12262.14,77
1722,565,86,4,29410.8,36
1723,565,109,5,3878.01,7
1724,566,179,2,2528.54,64
1725,566,64,1,93117.18,10
1726,566,11,2,763.98,25
1727,566,150,3,22291.25,18
1728,567,140,5,3878.75,24
1729,567,17,1,4055.38,89
1730,567,9,1,26698.69,24
1731,567,80,-2,274.27,41
1732,567,127,2,1797.09,20
1733,568,8,5,4278.68,37
1734,568,50,-5,3979.14,52
1735,568,13,5,1849.34,81
1736,568,54,3,4173.59,27
1737,569,36,3,14186.62,44
1738,569,50,2,3979.14,67
1739,569,83,1,18455.42,83
1740,569,128,3,5319.49,36
1741,570,104,1,3389.18,7
1742,570,6,1,63491.13,63
1743,571,180,1,308.9,79
1744,571,31,4,1292.25,10
1745,571,83,4,18455.42,1
1746,572,105,3,2738.82,75
1747,573,200,5,3212.97,86
1748,573,74,1,245.13,72
1749,573,157,3,3574.22,93
1750,574,63,4,430.09,45
1751,574,160,4,14389.43,47
1752,574,32,4,3754.44,38
1753,575,87,3,68101.36,69
1754,575,21,2,4861.87,29
1755,575,45,5,9220.4,21
1756,575,65,1,8962.94,88
1757,576,28,-4,702.92,59
1758,576,40,4,6624.33,41
1759,576,73,4,7599.51,59
1760,577,105,4,2738.82,19
1761,577,173,2,14158.62,94
1762,577,199,4,702.8,53
1763,577,62,1,4101.85,17
1764,578,32,4,3754.44,80
1765,578,195,2,7327.29,51
1766,578,144,3,382.9,1
1767,579,61,2,27642.73,19
1768,579,170,5,13731.85,23
1769,579,50,2,3979.14,12
1770,579,66,1,6345.81,50
1771,580,17,2,4055.38,34
1772,580,41,3,79285.87,25
1773,580,123,1,2794.3,63
1774,580,100,4,2050.98,20
1775,581,150,5,22291.25,35
1776,581,127,2,1797.09,24
1777,581,13,4,1849.34,77
1778,582,51,4,3521.45,55
1779,582,145,2,3116.82,62
1780,582,44,1,70908.36,45
1781,582,53,1,1750.15,8
1782,583,171,4,5623.35,77
1783,583,59,3,1243.65,18
1784,583,148,2,3368.6,66
1785,584,79,2,3269.81,53
1786,584,63,4,430.09,1
1787,584,93,3,1383.07,80
1788,584,36,2,14186.62,43
1789,585,6,5,63491.13,54
1790,585,107,5,5474.76,15
1791,585,34,5,3262.67,16
1792,586,138,3,3632.53,43
1793,586,70,3,5396.07,88
1794,586,63,2,430.09,47
1795,586,96,5,26794.28,60
1796,586,88,1,7189.72,2
1797,587,178,3,485.22,53
1798,587,164,2,2495.26,26
1799,587,188,3,41686.05,88
1800,587,42,2,15510.68,40
1801,588,64,3,93117.18,71
1802,588,80,3,274.27,73
1803,588,178,3,485.22,89
1804,588,8,2,4278.68,16
1805,589,62,5,4101.85,29
1806,589,3,5,52845.51,78
1807,589,46,2,6493.42,31
1808,590,134,5,389.01,60
1809,590,191,1,1754.06,40
1810,590,156,5,3615.3,12
1811,590,63,4,430.09,96
1812,591,133,5,4126.14,41
1813,591,22,1,16162.22,67
1814,592,199,-4,702.8,77
1815,592,175,3,1171.69,8
1816,592,16,4,1945.54,49
1817,592,186,2,4929.38,98
1818,593,155,2,896.22,46
1819,593,165,1,2338.31,60
1820,593,68,2,1575.64,28
1821,594,182,3,29049.69,45
1822,595,53,4,1750.15,71
1823,595,11,2,763.98,100
1824,595,163,3,33147.7,40
1825,595,174,4,7801.61,40
1826,595,183,5,1718.29,68
1827,596,138,2,3632.53,76
1828,596,74,5,245.13,15
1829,597,2,1,59090.87,94
1830,597,22,2,16162.22,67
1831,597,67,5,94052.48,36
1832,598,77,4,1679.18,54
1833,598,162,1,91765.85,38
1834,599,40,2,6624.33,18
1835,599,23,3,317.81,3
1836,599,112,1,5163.37,83
1837,600,57,1,2504.37,47
1838,600,52,4,3961.79,99
1839,600,16,2,1945.54,57
1840,600,188,4,41686.05,71
1841,601,92,5,12217.22,56
1842,601,54,3,4173.59,13
1843,602,113,4,3469.53,35
1844,602,189,2,2811.23,90
1845,602,61,5,27642.73,58
1846,603,167,2,693.18,75
1847,603,118,2,2637.64,41
1848,603,48,1,17690.82,15
1849,604,100,3,2050.98,70
1850,605,38,3,2266.82,18
1851,605,58,3,2469.9,92
1852,605,44,4,70908.36,70
1853,605,63,1,430.09,80
1854,606,57,3,2504.37,50
1855,606,125,2,800.11,41
1856,606,130,5,530.75,97
1857,606,4,1,18013.15,82
1858,607,116,3,3192.27,72
1859,607,47,5,497.81,5
1860,607,136,5,2848.35,7
1861,608,136,4,2848.35,8
1862,608,19,1,8561.48,17
1863,609,32,1,3754.44,66
1864,609,189,2,2811.23,91
1865,610,98,1,1260.01,96
1866,610,101,3,24788.51,45
1867,611,85,1,2290.94,52
1868,611,112,3,5163.37,96
1869,611,60,1,1918.94,63
1870,612,129,5,4097.17,7
1871,612,98,5,1260.01,53
1872,612,52,4,3961.79,88
1873,612,76,2,19136.21,70
1874,613,100,2,2050.98,57
1875,614,125,1,800.11,97
1876,614,155,3,896.22,29
1877,615,193,1,1383.66,82
1878,615,106,5,484.23,3
1879,616,166,2,2666.16,61
1880,617,200,1,3212.97,28
1881,618,197,2,964.09,17
1882,618,30,5,1221.85,40
1883,619,189,4,2811.23,96
1884,619,47,4,497.81,2
1885,619,99,5,8134.79,97
1886,620,113,4,3469.53,3
1887,620,94,4,2140.24,70
1888,620,181,1,3357.0,5
1889,621,191,5,1754.06,4
1890,621,21,2,4861.87,29
1891,622,196,4,2283.28,0
1892,622,78,3,40123.29,89
1893,622,17,1,4055.38,74
1894,622,188,3,41686.05,65
1895,622,8,2,4278.68,50
1896,623,132,2,14673.24,68
1897,623,104,1,3389.18,80
1898,624,172,3,16100.85,34
1899,624,83,5,18455.42,47
1900,624,200,5,3212.97,49
1901,624,97,2,4030.37,25
1902,624,167,5,693.18,32
1903,625,92,2,12217.22,41
1904,625,159,3,314.46,50
1905,625,116,1,3192.27,83
1906,626,2,4,59090.87,3
1907,626,144,4,382.9,77
1908,626,185,5,1085.28,98
1909,627,85,2,2290.94,23
1910,627,178,1,485.22,5
1911,627,13,4,1849.34,13
1912,627,32,2,3754.44,25
1913,628,121,3,1118.51,88
1914,628,8,2,4278.68,75
1915,628,162,3,91765.85,46
1916,628,103,4,1452.77,6
1917,628,42,-2,15510.68,72
1918,629,43,2,98247.37,65
1919,629,127,1,1797.09,39
1920,629,169,1,7775.36,27
1921,630,79,3,3269.81,26
1922,630,190,4,1227.09,92
1923,631,94,3,2140.24,58
1924,631,155,4,896.22,77
1925,631,47,2,497.81,62
1926,631,5,4,1198.16,71
1927,632,155,3,896.22,85
1928,632,74,2,245.13,9
1929,632,194,5,464.22,13
1930,632,124,1,2030.13,3
1931,632,59,5,1243.65,6
1932,633,127,-3,1797.09,0
1933,634,128,4,5319.49,48
1934,634,140,5,3878.75,20
1935,634,95,1,29603.95,6
1936,635,60,2,1918.94,82
1937,635,81,2,641.3,54
1938,635,49,3,2142.2,9
1939,636,65,4,8962.94,83
1940,636,154,1,1413.98,38
1941,636,126,1,52173.6,15
1942,637,188,2,41686.05,33
1943,637,122,4,2349.23,26
1944,637,58,1,2469.9,81
1945,638,128,4,5319.49,22
1946,639,138,1,3632.53,11
1947,640,108,4,3065.18,74
1948,640,75,5,1758.88,34
1949,641,150,1,22291.25,89
1950,641,182,5,29049.69,61
1951,641,195,1,7327.29,93
1952,642,109,2,3878.01,8
1953,642,99,4,8134.79,86
1954,643,54,1,4173.59,4
1955,643,92,4,12217.22,55
1956,643,2,4,59090.87,52
1957,643,161,2,3019.49,1
1958,644,14,1,42582.22,84
1959,644,12,1,37578.36,98
1960,644,179,3,2528.54,90
1961,644,106,3,484.23,92
1962,644,43,4,98247.37,25
1963,645,194,1,464.22,85
1964,645,144,3,382.9,24
1965,645,171,2,5623.35,88
1966,646,16,1,1945.54,83
1967,646,145,1,3116.82,72
1968,646,171,4,5623.35,71
1969,646,127,4,1797.09,29
1970,647,105,-3,2738.82,46
1971,648,36,5,14186.62,47
1972,649,55,4,1885.07,69
1973,649,87,2,68101.36,47
1974,649,89,3,18350.3,92
1975,649,76,5,19136.21,69
1976,650,140,3,3878.75,94
1977,650,9,3,26698.69,52
1978,651,90,5,17430.69,51
1979,651,122,3,2349.23,59
1980,652,174,3,7801.61,18
1981,652,9,4,26698.69,86
1982,652,200,5,3212.97,52
1983,653,120,4,67415.8,11
1984,653,82,5,2740.6,32
1985,653,86,2,29410.8,42
1986,654,51,4,3521.45,57
1987,654,86,5,29410.8,87
1988,654,106,2,484.23,5
1989,655,79,5,3269.81,80
1990,655,52,2,3961.79,76
1991,655,73,3,7599.51,69
1992,656,45,5,9220.4,17
1993,656,61,2,27642.73,88
1994,657,144,1,382.9,53
1995,657,177,1,3546.32,64
1996,657,87,5,68101.36,5
1997,657,39,5,534.57,13
1998,658,39,1,534.57,32
1999,658,3,5,52845.51,85
2000,658,77,-2,1679.18,94
2001,658,179,2,2528.54,87
2002,658,149,3,3551.09,62
2003,659,147,3,772.56,93
2004,660,37,5,3250.66,50
2005,660,80,5,274.27,84
2006,660,167,4,693.18,28
2007,661,70,3,5396.07,95
2008,661,142,4,11700.98,88
2009,661,138,1,3632.53,28
2010,661,75,4,1758.88,19
2011,661,85,2,2290.94,91
2012,662,52,5,3961.79,13
2013,663,60,2,1918.94,9
2014,663,153,3,98307.89,30
2015,663,19,4,8561.48,38
2016,663,194,2,464.22,69
2017,664,116,2,3192.27,3
2018,665,68,1,1575.64,37
2019,666,75,2,1758.88,23
2020,667,101,1,24788.51,32
2021,668,64,1,93117.18,54
2022,668,113,3,3469.53,84
2023,668,126,4,52173.6,1
2024,668,55,5,1885.07,38
2025,669,22,4,16162.22,47
2026,669,167,2,693.18,38
2027,669,149,4,3551.09,79
2028,670,16,4,1945.54,81
2029,670,4,5,18013.15,75
2030,670,2,1,59090.87,86
2031,670,146,4,1205.79,4
2032,670,81,4,641.3,40
2033,671,67,1,94052.48,32
2034,671,71,4,1994.84,49
2035,671,124,5,2030.13,98
2036,672,170,4,13731.85,88
2037,673,60,5,1918.94,44
2038,673,122,4,2349.23,3
2039,673,87,4,68101.36,4
2040,673,77,4,1679.18,97
2041,673,3,1,52845.51,60
2042,674,72,5,199.64,11
2043,674,66,1,6345.81,31
2044,674,186,1,4929.38,58
2045,675,150,3,22291.25,30
2046,675,83,-5,18455.42,60
2047,675,9,1,26698.69,41
2048,675,41,3,79285.87,70
2049,676,5,2,1198.16,78
2050,676,150,4,22291.25,12
2051,676,112,1,5163.37,87
2052,676,41,2,79285.87,75
2053,677,92,-5,12217.22,56
2054,678,65,5,8962.94,23
2055,679,186,3,4929.38,89
2056,679,140,5,3878.75,49
2057,679,7,5,1545.0,83
2058,679,51,1,3521.45,32
2059,680,143,1,7284.34,89
2060,680,22,5,16162.22,62
2061,680,2,2,59090.87,57
2062,680,65,3,8962.94,20
2063,680,51,1,3521.45,37
2064,681,149,3,3551.09,54
2065,681,183,1,1718.29,87
2066,681,59,2,1243.65,9
2067,681,15,2,17548.6,61
2068,681,199,4,702.8,31
2069,682,99,4,8134.79,99
2070,683,114,4,12262.14,5
2071,683,85,3,2290.94,23
2072,684,3,3,52845.51,87
2073,684,36,5,14186.62,63
2074,685,52,4,3961.79,89
2075,685,121,1,1118.51,12
2076,686,106,2,484.23,16
2077,686,96,5,26794.28,72
2078,687,42,4,15510.68,63
2079,688,32,4,3754.44,2
2080,688,150,5,22291.25,88
2081,688,15,3,17548.6,81
2082,689,27,1,3860.01,53
2083,689,33,4,835.93,4
2084,689,76,3,19136.21,55
2085,689,184,5,19452.92,89
2086,689,38,4,2266.82,8
2087,690,31,1,1292.25,33
2088,691,54,4,4173.59,51
2089,691,173,5,14158.62,31
2090,691,170,2,13731.85,15
2091,692,55,2,1885.07,11
2092,693,195,2,7327.29,85
2093,693,10,2,3469.21,57
2094,693,133,5,4126.14,47
2095,693,81,5,641.3,33
2096,693,111,4,7723.9,8
2097,694,45,5,9220.4,52
2098,694,184,-1,19452.92,71
2099,695,179,2,2528.54,25
2100,696,132,3,14673.24,17
2101,696,2,4,59090.87,1
2102,697,43,1,98247.37,65
2103,697,178,1,485.22,14
2104,697,154,5,1413.98,85
2105,698,39,5,534.57,67
2106,698,85,1,2290.94,38
2107,698,12,2,37578.36,40
2108,699,177,4,3546.32,27
2109,699,115,2,729.43,84
2110,700,10,4,3469.21,61
2111,700,108,2,3065.18,12
2112,700,118,2,2637.64,49
2113,700,85,5,2290.94,81
2114,701,160,1,14389.43,18
2115,701,145,2,3116.82,65
2116,701,48,2,17690.82,97
2117,701,161,1,3019.49,61
2118,701,45,5,9220.4,9
2119,702,47,2,497.81,31
2120,702,9,4,26698.69,80
2121,702,62,3,4101.85,28
2122,702,177,3,3546.32,52
2123,702,39,1,534.57,96
2124,703,95,1,29603.95,41
2125,703,81,4,641.3,3
2126,703,145,2,3116.82,85
2127,703,24,3,2479.74,50
2128,704,57,5,2504.37,28
2129,704,44,2,70908.36,61
2130,704,194,5,464.22,65
2131,704,95,4,29603.95,82
2132,705,48,2,17690.82,76
2133,705,6,5,63491.13,36
2134,706,65,1,8962.94,55
2135,706,165,5,2338.31,3
2136,706,5,4,1198.16,8
2137,706,84,5,529.09,10
2138,707,49,1,2142.2,47
2139,707,2,3,59090.87,50
2140,708,60,4,1918.94,83
2141,708,53,3,1750.15,38
2142,708,59,5,1243.65,77
2143,709,112,3,5163.37,60
2144,709,192,5,7461.34,62
2145,709,100,4,2050.98,96
2146,710,103,5,1452.77,87
2147,710,174,5,7801.61,76
2148,710,105,5,2738.82,17
2149,710,135,4,802.55,43
2150,710,190,1,1227.09,88
2151,711,92,3,12217.22,68
2152,711,176,5,59597.44,78
2153,711,25,1,3779.14,32
2154,711,118,3,2637.64,34
2155,712,141,5,10789.69,65
2156,712,95,2,29603.95,40
2157,712,8,3,4278.68,30
2158,713,188,2,41686.05,44
2159,713,186,3,4929.38,24
2160,713,200,3,3212.97,66
2161,713,33,4,835.93,35
2162,713,91,3,4806.55,76
2163,714,76,2,19136.21,98
2164,714,136,5,2848.35,100
2165,714,150,2,22291.25,98
2166,714,11,3,763.98,24
2167,715,4,5,18013.15,70
2168,715,64,3,93117.18,26
2169,715,99,4,8134.79,74
2170,716,32,-2,3754.44,15
2171,716,134,3,389.01,81
2172,716,101,2,24788.51,26
2173,716,22,5,16162.22,81
2174,716,73,3,7599.51,23
2175,717,94,3,2140.24,31
2176,717,149,-4,3551.09,61
2177,717,62,3,4101.85,72
2178,717,117,4,1769.76,68
2179,718,66,2,6345.81,32
2180,718,167,5,693.18,9
2181,718,74,3,245.13,15
2182,719,113,5,3469.53,50
2183,719,177,1,3546.32,8
2184,719,72,2,199.64,32
2185,719,53,4,1750.15,58
2186,720,86,5,29410.8,35
2187,720,130,5,530.75,72
2188,720,152,4,9297.38,25
2189,720,45,3,9220.4,6
2190,720,95,4,29603.95,80
2191,721,160,5,14389.43,13
2192,721,90,4,17430.69,55
2193,721,101,4,24788.51,40
2194,721,154,1,1413.98,17
2195,722,37,1,3250.66,46
2196,722,180,1,308.9,5
2197,723,35,3,3131.28,13
2198,724,43,5,98247.37,34
2199,724,4,2,18013.15,100
2200,724,181,1,3357.0,95
2201,724,5,4,1198.16,26
2202,724,11,1,763.98,84
2203,725,119,1,35613.06,1
2204,725,167,1,693.18,43
2205,725,39,5,534.57,92
2206,725,42,3,15510.68,36
2207,725,22,4,16162.22,30
2208,726,156,2,3615.3,79
2209,726,21,5,4861.87,73
2210,727,158,5,1554.87,45
2211,727,2,2,59090.87,19
2212,727,130,1,530.75,70
2213,728,54,3,4173.59,97
2214,728,174,-2,7801.61,21
2215,728,178,4,485.22,26
2216,728,89,5,18350.3,78
2217,728,84,1,529.09,20
2218,729,192,5,7461.34,94
2219,730,160,3,14389.43,62
2220,730,198,1,2694.15,12
2221,730,162,2,91765.85,52
2222,730,183,2,1718.29,30
2223,730,105,-4,2738.82,78
2224,731,103,2,1452.77,28
2225,731,54,3,4173.59,13
2226,732,66,2,6345.81,85
2227,733,95,-4,29603.95,74
2228,733,99,5,8134.79,49
2229,733,90,4,17430.69,27
2230,734,164,1,2495.26,10
2231,734,40,4,6624.33,91
2232,735,38,4,2266.82,19
2233,735,46,4,6493.42,78
2234,735,134,4,389.01,2
2235,735,111,5,7723.9,97
2236,736,40,2,6624.33,86
2237,736,161,4,3019.49,55
2238,736,125,5,800.11,43
2239,737,98,1,1260.01,63
2240,737,30,5,1221.85,78
2241,737,129,-4,4097.17,56
2242,738,11,2,763.98,47
2243,738,200,2,3212.97,90
2244,738,126,1,52173.6,76
2245,738,39,4,534.57,21
2246,738,74,4,245.13,26
2247,739,63,3,430.09,45
2248,739,30,4,1221.85,35
2249,740,24,3,2479.74,29
2250,740,73,4,7599.51,76
2251,741,180,1,308.9,87
2252,741,45,5,9220.4,31
2253,741,28,1,702.92,57
2254,741,146,1,1205.79,49
2255,742,123,3,2794.3,46
2256,742,86,4,29410.8,2
2257,742,176,4,59597.44,55
2258,742,175,4,1171.69,54
2259,742,49,1,2142.2,55
2260,743,169,3,7775.36,29
2261,743,126,3,52173.6,46
2262,743,39,3,534.57,61
2263,744,145,2,3116.82,28
2264,744,7,5,1545.0,82
2265,745,124,5,2030.13,67
2266,745,115,2,729.43,4
2267,745,130,4,530.75,46
2268,745,139,1,7772.31,97
2269,745,48,2,17690.82,11
2270,746,101,1,24788.51,78
2271,746,23,5,317.81,6
2272,747,142,1,11700.98,67
2273,747,129,-3,4097.17,57
2274,747,135,2,802.55,37
2275,748,66,4,6345.81,35
2276,748,62,2,4101.85,29
2277,749,150,3,22291.25,21
2278,749,74,5,245.13,8
2279,749,159,2,314.46,11
2280,749,180,5,308.9,6
2281,750,187,2,15169.68,36
2282,750,126,5,52173.6,60
2283,750,139,4,7772.31,21
2284,750,27,2,3860.01,2
2285,750,162,2,91765.85,77
2286,751,154,1,1413.98,98
2287,752,98,3,1260.01,100
2288,753,139,5,7772.31,15
2289,753,1,4,253.9,70
2290,754,91,2,4806.55,19
2291,754,46,5,6493.42,23
2292,754,112,2,5163.37,100
2293,755,118,3,2637.64,21
2294,756,1,5,253.9,2
2295,756,88,5,7189.72,64
2296,756,106,1,484.23,50
2297,757,25,2,3779.14,6
2298,757,56,4,23622.11,19
2299,758,149,2,3551.09,77
2300,758,1,3,253.9,73
2301,759,125,4,800.11,31
2302,759,128,4,5319.49,22
2303,759,185,1,1085.28,91
2304,760,45,2,9220.4,81
2305,760,114,5,12262.14,96
2306,761,56,1,23622.11,48
2307,762,111,1,7723.9,36
2308,762,132,4,14673.24,67
2309,763,70,4,5396.07,70
2310,763,117,5,1769.76,92
2311,763,1,4,253.9,67
2312,763,90,4,17430.69,82
2313,764,54,3,4173.59,100
2314,764,32,5,3754.44,73
2315,764,151,4,92003.66,96
2316,764,128,3,5319.49,67
2317,764,80,4,274.27,21
2318,765,155,4,896.22,16
2319,765,146,1,1205.79,26
2320,765,98,1,1260.01,76
2321,765,174,3,7801.61,38
2322,765,191,1,1754.06,77
2323,766,162,4,91765.85,48
2324,766,108,3,3065.18,47
2325,766,126,1,52173.6,40
2326,766,36,4,14186.62,25
2327,767,66,2,6345.81,55
2328,768,60,4,1918.94,75
2329,768,53,2,1750.15,83
2330,769,76,4,19136.21,31
2331,769,20,2,1317.81,2
2332,769,174,2,7801.61,56
2333,770,131,4,14500.41,51
2334,770,79,4,3269.81,91
2335,770,49,4,2142.2,47
2336,771,80,4,274.27,16
2337,771,149,4,3551.09,6
2338,772,111,2,7723.9,81
2339,772,52,1,3961.79,37
2340,773,169,1,7775.36,44
2341,773,42,4,15510.68,49
2342,773,179,4,2528.54,9
2343,774,91,3,4806.55,45
2344,774,9,5,26698.69,70
2345,774,21,4,4861.87,5
2346,774,62,4,4101.85,8
2347,774,38,3,2266.82,42
2348,775,50,3,3979.14,64
2349,775,94,2,2140.24,1
2350,776,8,2,4278.68,95
2351,777,1,3,253.9,7
2352,777,78,1,40123.29,65
2353,777,184,2,19452.92,80
2354,777,101,5,24788.51,47
2355,777,138,1,3632.53,57
2356,778,75,3,1758.88,78
2357,778,174,4,7801.61,44
2358,778,110,5,797.25,41
2359,778,47,3,497.81,47
2360,779,118,5,2637.64,74
2361,780,117,4,1769.76,97
2362,781,134,4,389.01,97
2363,781,153,5,98307.89,4
2364,781,89,5,18350.3,93
2365,781,131,5,14500.41,64
2366,782,26,2,22441.58,48
2367,783,153,4,98307.89,93
2368,783,71,3,1994.84,18
2369,783,154,2,1413.98,97
2370,784,16,1,1945.54,78
2371,784,149,4,3551.09,35
2372,785,74,2,245.13,5
2373,785,75,1,1758.88,38
2374,785,21,1,4861.87,17
2375,785,143,2,7284.34,53
2376,786,49,2,2142.2,53
2377,786,53,2,1750.15,54
2378,786,163,5,33147.7,72
2379,786,141,3,10789.69,26
2380,786,167,1,693.18,8
2381,787,188,1,41686.05,33
2382,787,168,4,2536.06,100
2383,788,189,2,2811.23,59
2384,789,113,4,3469.53,14
2385,789,122,1,2349.23,85
2386,790,109,3,3878.01,78
2387,790,135,3,802.55,60
2388,790,169,3,7775.36,73
2389,790,158,5,1554.87,70
2390,791,23,3,317.81,67
2391,791,116,2,3192.27,85
2392,791,69,5,6749.31,66
2393,792,17,5,4055.38,99
2394,792,68,2,1575.64,28
2395,792,174,1,7801.61,55
2396,793,117,3,1769.76,42
2397,793,12,5,37578.36,38
2398,793,18,4,3084.08,92
2399,793,9,4,26698.69,6
2400,794,21,3,4861.87,32
2401,794,186,1,4929.38,18
2402,794,194,5,464.22,28
2403,794,111,2,7723.9,31
2404,794,57,4,2504.37,19
2405,795,158,5,1554.87,64
2406,796,26,4,22441.58,95
2407,796,21,4,4861.87,53
2408,796,19,5,8561.48,42
2409,797,109,1,3878.01,31
2410,797,128,2,5319.49,79
2411,797,176,4,59597.44,84
2412,798,140,3,3878.75,7
2413,799,112,4,5163.37,55
2414,799,94,2,2140.24,53
2415,799,93,4,1383.07,3
2416,799,160,3,14389.43,47
2417,800,121,3,1118.51,30
2418,801,98,4,1260.01,50
2419,801,143,5,7284.34,27
2420,801,177,4,3546.32,55
2421,801,77,2,1679.18,36
2422,802,146,5,1205.79,21
2423,802,59,3,1243.65,20
2424,803,49,3,2142.2,75
2425,803,21,-4,4861.87,10
2426,803,198,1,2694.15,10
2427,803,111,1,7723.9,94
2428,803,128,1,5319.49,19
2429,804,48,4,17690.82,63
2430,804,108,1,3065.18,89
2431,804,44,2,70908.36,6
2432,804,65,1,8962.94,60
2433,804,192,2,7461.34,4
2434,805,194,3,464.22,46
2435,805,132,3,14673.24,85
2436,806,25,1,3779.14,5
2437,806,195,2,7327.29,39
2438,806,45,3,9220.4,12
2439,806,130,1,530.75,74
2440,806,53,1,1750.15,5
2441,807,112,1,5163.37,24
2442,807,181,2,3357.0,50
2443,807,84,4,529.09,13
2444,807,144,3,382.9,75
2445,807,27,3,3860.01,78
2446,808,109,1,3878.01,78
2447,808,30,3,1221.85,17
2448,808,122,1,2349.23,59
2449,808,98,-5,1260.01,33
2450,808,176,2,59597.44,82
2451,809,166,1,2666.16,63
2452,809,35,5,3131.28,28
2453,809,102,3,68170.84,4
2454,809,163,4,33147.7,43
2455,809,93,2,1383.07,88
2456,810,34,4,3262.67,45
2457,810,48,5,17690.82,39
2458,810,82,3,2740.6,83
2459,810,44,4,70908.36,53
2460,811,79,3,3269.81,85
2461,811,71,3,1994.84,26
2462,812,17,4,4055.38,19
2463,812,103,2,1452.77,4
2464,813,119,1,35613.06,75
2465,814,15,2,17548.6,13
2466,815,181,2,3357.0,19
2467,815,196,1,2283.28,36
2468,815,124,3,2030.13,88
2469,815,14,3,42582.22,74
2470,816,116,4,3192.27,55
2471,816,196,4,2283.28,15
2472,817,156,5,3615.3,38
2473,817,85,2,2290.94,60
2474,817,10,1,3469.21,46
2475,817,77,2,1679.18,50
2476,817,168,2,2536.06,44
2477,818,119,1,35613.06,4
2478,819,177,4,3546.32,23
2479,819,181,4,3357.0,59
2480,819,22,4,16162.22,100
2481,820,97,4,4030.37,17
2482,820,12,3,37578.36,95
2483,820,99,4,8134.79,84
2484,821,52,5,3961.79,89
2485,821,112,2,5163.37,0
2486,821,148,2,3368.6,32
2487,822,105,1,2738.82,62
2488,822,100,3,2050.98,18
2489,822,86,1,29410.8,17
2490,822,192,-2,7461.34,65
2491,823,108,4,3065.18,35
2492,823,63,2,430.09,92
2493,823,188,2,41686.05,53
2494,823,25,1,3779.14,98
2495,823,78,1,40123.29,80
2496,824,18,3,3084.08,78
2497,824,48,3,17690.82,43
2498,824,90,1,17430.69,13
2499,825,133,5,4126.14,25
2500,825,39,2,534.57,18
2501,825,148,3,3368.6,87
2502,825,144,5,382.9,35
2503,826,120,4,67415.8,67
2504,826,181,5,3357.0,78
2505,826,54,5,4173.59,25
2506,826,100,4,2050.98,98
2507,826,131,1,14500.41,58
2508,827,11,5,763.98,37
2509,827,2,5,59090.87,96
2510,827,144,4,382.9,5
2511,827,176,3,59597.44,42
2512,827,161,1,3019.49,52
2513,828,24,1,2479.74,60
2514,828,105,4,2738.82,59
2515,828,44,5,70908.36,73
2516,828,183,2,1718.29,40
2517,828,30,5,1221.85,28
2518,829,92,3,12217.22,38
2519,829,20,1,1317.81,29
2520,829,113,5,3469.53,32
2521,829,90,-4,17430.69,33
2522,830,72,5,199.64,29
2523,831,76,2,19136.21,57
2524,832,194,4,464.22,0
2525,832,129,4,4097.17,6
2526,833,122,3,2349.23,68
2527,834,153,4,98307.89,2
2528,834,62,5,4101.85,93
2529,834,134,3,389.01,98
2530,834,14,-5,42582.22,84
2531,834,114,1,12262.14,63
2532,835,68,2,1575.64,68
2533,835,87,5,68101.36,36
2534,835,44,1,70908.36,30
2535,835,158,4,1554.87,71
2536,835,3,3,52845.51,22
2537,836,163,2,33147.7,1
2538,836,182,4,29049.69,10
2539,836,96,3,26794.28,82
2540,836,154,2,1413.98,61
2541,836,198,1,2694.15,12
2542,837,12,3,37578.36,21
2543,837,134,3,389.01,85
2544,838,118,4,2637.64,20
2545,838,120,4,67415.8,26
2546,838,160,2,14389.43,46
2547,839,50,3,3979.14,39
2548,840,10,5,3469.21,81
2549,840,194,1,464.22,9
2550,840,72,2,199.64,15
2551,840,60,1,1918.94,30
2552,840,106,1,484.23,99
2553,841,36,2,14186.62,14
2554,841,165,4,2338.31,43
2555,841,136,1,2848.35,64
2556,842,39,4,534.57,65
2557,842,123,1,2794.3,61
2558,842,199,5,702.8,35
2559,842,170,1,13731.85,45
2560,842,128,1,5319.49,45
2561,843,174,4,7801.61,24
2562,843,78,5,40123.29,32
2563,844,143,5,7284.34,98
2564,845,191,1,1754.06,20
2565,846,71,3,1994.84,20
2566,846,111,-5,7723.9,88
2567,847,167,2,693.18,61
2568,847,200,-3,3212.97,3
2569,847,20,3,1317.81,49
2570,847,55,4,1885.07,13
2571,847,132,5,14673.24,99
2572,848,91,2,4806.55,21
2573,848,64,2,93117.18,79
2574,848,122,4,2349.23,99
2575,848,147,5,772.56,95
2576,849,38,2,2266.82,84
2577,850,31,5,1292.25,98
2578,850,77,4,1679.18,49
2579,850,93,3,1383.07,82
2580,850,20,3,1317.81,25
2581,851,52,1,3961.79,57
2582,852,40,1,6624.33,73
2583,852,149,3,3551.09,2
2584,853,1,3,253.9,53
2585,853,129,1,4097.17,40
2586,853,143,4,7284.34,10
2587,854,194,1,464.22,76
2588,854,18,-5,3084.08,71
2589,855,199,5,702.8,17
2590,856,43,4,98247.37,70
2591,856,138,5,3632.53,92
2592,856,19,3,8561.48,15
2593,856,73,5,7599.51,4
2594,857,52,2,3961.79,39
2595,857,76,5,19136.21,54
2596,857,58,3,2469.9,4
2597,858,111,1,7723.9,38
2598,859,15,3,17548.6,48
2599,859,54,2,4173.59,35
2600,860,119,4,35613.06,9
2601,860,19,5,8561.48,46
2602,860,186,1,4929.38,63
2603,861,16,3,1945.54,52
2604,861,79,1,3269.81,3
2605,861,65,3,8962.94,41
2606,862,127,1,1797.09,17
2607,862,186,5,4929.38,77
2608,863,16,1,1945.54,46
2609,863,136,1,2848.35,12
2610,863,2,3,59090.87,98
2611,863,89,3,18350.3,40
2612,863,7,1,1545.0,23
2613,864,71,2,1994.84,74
2614,864,87,1,68101.36,29
2615,864,151,1,92003.66,35
2616,864,181,3,3357.0,97
2617,864,100,5,2050.98,96
2618,865,185,1,1085.28,91
2619,865,86,5,29410.8,73
2620,865,111,5,7723.9,38
2621,865,61,5,27642.73,84
2622,865,31,3,1292.25,12
2623,866,53,1,1750.15,39
2624,866,195,4,7327.29,11
2625,866,12,3,37578.36,34
2626,866,99,1,8134.79,17
2627,867,145,1,3116.82,75
2628,868,35,1,3131.28,61
2629,869,12,4,37578.36,46
2630,870,38,5,2266.82,13
2631,870,181,3,3357.0,20
2632,870,48,5,17690.82,71
2633,870,54,2,4173.59,10
2634,871,4,2,18013.15,23
2635,871,18,5,3084.08,89
2636,871,155,1,896.22,80
2637,872,185,4,1085.28,27
2638,873,154,2,1413.98,94
2639,873,148,5,3368.6,30
2640,874,166,1,2666.16,87
2641,874,8,5,4278.68,34
2642,874,114,5,12262.14,93
2643,874,175,2,1171.69,63
2644,875,5,2,1198.16,7
2645,875,94,4,2140.24,27
2646,875,122,5,2349.23,85
2647,875,95,4,29603.95,24
2648,875,62,5,4101.85,37
2649,876,124,2,2030.13,51
2650,876,8,5,4278.68,52
2651,876,147,5,772.56,36
2652,877,91,2,4806.55,78
2653,877,59,1,1243.65,90
2654,877,141,4,10789.69,32
2655,878,173,4,14158.62,0
2656,878,90,1,17430.69,51
2657,878,13,5,1849.34,24
2658,878,2,3,59090.87,88
2659,878,15,2,17548.6,73
2660,879,122,5,2349.23,15
2661,879,167,2,693.18,16
2662,880,166,2,2666.16,31
2663,881,90,1,17430.69,87
2664,882,193,2,1383.66,27
2665,882,26,3,22441.58,14
2666,882,111,5,7723.9,0
2667,882,117,2,1769.76,91
2668,883,79,1,3269.81,52
2669,884,3,3,52845.51,26
2670,885,172,2,16100.85,18
2671,885,24,1,2479.74,47
2672,885,12,3,37578.36,52
2673,885,151,4,92003.66,84
2674,886,98,3,1260.01,56
2675,886,57,2,2504.37,81
2676,886,169,2,7775.36,26
2677,886,52,4,3961.79,45
2678,886,97,2,4030.37,85
2679,887,132,4,14673.24,62
2680,887,191,3,1754.06,55
2681,888,145,3,3116.82,0
2682,889,182,4,29049.69,20
2683,889,137,1,14060.07,100
2684,889,171,1,5623.35,95
2685,889,150,4,22291.25,67
2686,890,168,2,2536.06,52
2687,890,13,1,1849.34,36
2688,890,96,2,26794.28,36
2689,891,43,2,98247.37,54
2690,891,58,1,2469.9,60
2691,891,85,5,2290.94,8
2692,892,143,4,7284.34,44
2693,892,98,3,1260.01,82
2694,892,89,2,18350.3,57
2695,892,105,2,2738.82,88
2696,892,20,3,1317.81,61
2697,893,80,3,274.27,20
2698,893,115,4,729.43,28
2699,893,23,4,317.81,17
2700,893,121,1,1118.51,99
2701,894,187,4,15169.68,49
2702,894,125,2,800.11,70
2703,895,149,2,3551.09,14
2704,895,178,3,485.22,92
2705,895,19,3,8561.48,66
2706,895,166,3,2666.16,88
2707,895,41,1,79285.87,34
2708,896,101,3,24788.51,95
2709,896,192,4,7461.34,2
2710,896,110,1,797.25,72
2711,896,11,1,763.98,30
2712,896,83,3,18455.42,32
2713,897,123,5,2794.3,78
2714,897,180,5,308.9,67
2715,898,178,4,485.22,67
2716,898,83,1,18455.42,19
2717,899,146,3,1205.79,98
2718,900,198,-4,2694.15,72
2719,900,143,3,7284.34,0
2720,900,56,4,23622.11,24
2721,900,177,2,3546.32,13
2722,900,93,3,1383.07,92
2723,901,99,3,8134.79,89
2724,901,128,-3,5319.49,75
2725,901,20,2,1317.81,80
2726,901,3,4,52845.51,85
2727,902,133,5,4126.14,72
2728,902,71,3,1994.84,12
2729,902,52,4,3961.79,60
2730,902,123,5,2794.3,25
2731,902,79,2,3269.81,41
2732,903,159,3,314.46,45
2733,904,120,2,67415.8,68
2734,904,30,3,1221.85,63
2735,904,161,2,3019.49,55
2736,904,52,5,3961.79,2
2737,905,173,1,14158.62,72
2738,906,39,2,534.57,52
2739,906,79,1,3269.81,26
2740,907,55,4,1885.07,68
2741,907,122,1,2349.23,13
2742,907,16,5,1945.54,56
2743,907,174,2,7801.61,28
2744,908,185,2,1085.28,47
2745,908,148,1,3368.6,4
2746,909,83,1,18455.42,75
2747,909,200,4,3212.97,15
2748,909,82,3,2740.6,82
2749,910,23,4,317.81,26
2750,910,28,1,702.92,43
2751,910,126,2,52173.6,78
2752,910,107,1,5474.76,11
2753,910,153,3,98307.89,76
2754,911,46,2,6493.42,5
2755,911,66,4,6345.81,88
2756,911,57,3,2504.37,69
2757,911,180,2,308.9,84
2758,911,186,1,4929.38,62
2759,912,39,-4,534.57,42
2760,912,74,1,245.13,11
2761,913,68,5,1575.64,29
2762,913,158,5,1554.87,35
2763,913,120,1,67415.8,54
2764,913,180,3,308.9,45
2765,913,2,4,59090.87,71
2766,914,30,-1,1221.85,94
2767,914,20,1,1317.81,80
2768,915,184,-1,19452.92,85
2769,915,143,3,7284.34,24
2770,915,98,2,1260.01,20
2771,915,138,2,3632.53,94
2772,915,68,1,1575.64,93
2773,916,43,2,98247.37,26
2774,916,88,2,7189.72,16
2775,917,124,4,2030.13,7
2776,917,166,4,2666.16,28
2777,917,184,5,19452.92,17
2778,918,57,1,2504.37,92
2779,919,122,3,2349.23,80
2780,919,57,3,2504.37,87
2781,920,42,2,15510.68,88
2782,920,15,1,17548.6,20
2783,920,89,4,18350.3,48
2784,920,94,1,2140.24,21
2785,921,115,1,729.43,68
2786,921,85,2,2290.94,87
2787,921,51,4,3521.45,13
2788,922,186,2,4929.38,27
2789,923,21,2,4861.87,53
2790,924,76,4,19136.21,29
2791,925,47,3,497.81,91
2792,925,94,-5,2140.24,91
2793,926,18,5,3084.08,75
2794,926,78,5,40123.29,42
2795,926,56,4,23622.11,20
2796,926,32,5,3754.44,68
2797,926,2,-5,59090.87,27
2798,927,198,4,2694.15,22
2799,927,152,5,9297.38,56
2800,927,149,3,3551.09,40
2801,927,153,3,98307.89,77
2802,928,8,1,4278.68,25
2803,928,70,4,5396.07,37
2804,929,59,5,1243.65,59
2805,929,182,1,29049.69,74
2806,929,169,1,7775.36,88
2807,929,1,2,253.9,6
2808,930,176,5,59597.44,14
2809,930,158,5,1554.87,61
2810,931,162,5,91765.85,91
2811,931,153,-2,98307.89,6
2812,931,53,5,1750.15,23
2813,931,147,5,772.56,29
2814,932,116,2,3192.27,6
2815,932,179,5,2528.54,77
2816,933,171,1,5623.35,30
2817,933,167,5,693.18,70
2818,933,24,1,2479.74,43
2819,933,7,5,1545.0,68
2820,933,43,1,98247.37,33
2821,934,98,3,1260.01,70
2822,934,40,2,6624.33,22
2823,934,150,1,22291.25,54
2824,935,22,2,16162.22,17
2825,935,2,2,59090.87,89
2826,935,10,1,3469.21,66
2827,935,84,2,529.09,79
2828,936,115,1,729.43,54
2829,936,139,5,7772.31,10
2830,936,189,3,2811.23,58
2831,936,72,2,199.64,87
2832,937,134,3,389.01,3
2833,937,61,1,27642.73,97
2834,937,1,1,253.9,99
2835,938,167,1,693.18,92
2836,939,12,1,37578.36,41
2837,940,122,5,2349.23,10
2838,940,107,1,5474.76,88
2839,941,8,4,4278.68,12
2840,941,165,4,2338.31,100
2841,942,66,3,6345.81,7
2842,942,176,5,59597.44,3
2843,942,64,2,93117.18,45
2844,942,54,3,4173.59,48
2845,942,197,1,964.09,64
2846,943,119,3,35613.06,33
2847,943,177,2,3546.32,10
2848,943,8,5,4278.68,18
2849,944,187,5,15169.68,69
2850,944,12,4,37578.36,36
2851,944,184,4,19452.92,66
2852,944,146,1,1205.79,19
2853,944,24,2,2479.74,97
2854,945,140,5,3878.75,79
2855,945,148,1,3368.6,40
2856,945,55,4,1885.07,60
2857,946,80,5,274.27,55
2858,947,198,1,2694.15,5
2859,947,152,5,9297.38,6
2860,947,38,1,2266.82,84
2861,947,88,3,7189.72,31
2862,948,156,3,3615.3,81
2863,948,146,3,1205.79,11
2864,948,107,3,5474.76,92
2865,948,5,5,1198.16,35
2866,949,95,2,29603.95,51
2867,949,78,4,40123.29,72
2868,949,155,1,896.22,30
2869,949,135,4,802.55,19
2870,949,179,3,2528.54,65
2871,950,103,3,1452.77,47
2872,950,13,1,1849.34,46
2873,951,193,2,1383.66,100
2874,951,134,5,389.01,48
2875,951,191,1,1754.06,70
2876,952,178,4,485.22,6
2877,953,61,2,27642.73,30
2878,953,31,4,1292.25,77
2879,953,119,5,35613.06,71
2880,953,196,4,2283.28,79
2881,954,26,1,22441.58,98
2882,954,41,5,79285.87,99
2883,954,133,5,4126.14,23
2884,955,184,1,19452.92,7
2885,955,148,3,3368.6,6
2886,956,149,4,3551.09,32
2887,957,39,1,534.57,71
2888,957,142,5,11700.98,94
2889,957,41,1,79285.87,33
2890,957,93,3,1383.07,82
2891,957,56,2,23622.11,70
2892,958,84,4,529.09,31
2893,958,26,5,22441.58,24
2894,958,97,4,4030.37,91
2895,958,176,2,59597.44,67
2896,959,101,4,24788.51,34
2897,960,144,2,382.9,86
2898,960,122,1,2349.23,18
2899,961,193,5,1383.66,86
2900,961,175,3,1171.69,92
2901,961,170,2,13731.85,66
2902,961,184,5,19452.92,82
2903,962,106,4,484.23,38
2904,962,71,2,1994.84,2
2905,962,129,2,4097.17,53
2906,963,97,3,4030.37,92
2907,963,171,5,5623.35,55
2908,964,48,1,17690.82,39
2909,964,47,3,497.81,10
2910,965,43,1,98247.37,49
2911,965,152,3,9297.38,80
2912,965,61,4,27642.73,20
2913,965,136,-3,2848.35,96
2914,966,188,3,41686.05,5
2915,966,187,2,15169.68,51
2916,966,14,2,42582.22,92
2917,967,54,3,4173.59,69
2918,967,171,2,5623.35,37
2919,967,172,2,16100.85,93
2920,968,47,1,497.81,60
2921,969,71,3,1994.84,52
2922,969,99,3,8134.79,37
2923,969,181,5,3357.0,73
2924,969,178,5,485.22,64
2925,970,59,2,1243.65,93
2926,971,28,3,702.92,30
2927,972,20,5,1317.81,66
2928,972,107,2,5474.76,35
2929,972,180,3,308.9,92
2930,972,9,2,26698.69,59
2931,972,128,5,5319.49,89
2932,973,176,3,59597.44,4
2933,974,98,1,1260.01,37
2934,974,120,2,67415.8,26
2935,974,83,2,18455.42,26
2936,975,63,2,430.09,67
2937,975,14,3,42582.22,75
2938,975,103,3,1452.77,90
2939,976,3,4,52845.51,93
2940,977,163,2,33147.7,13
2941,977,178,1,485.22,12
2942,978,51,4,3521.45,67
2943,978,164,4,2495.26,92
2944,978,141,1,10789.69,69
2945,978,92,1,12217.22,77
2946,978,104,2,3389.18,30
2947,979,175,1,1171.69,80
2948,979,191,-2,1754.06,63
2949,979,132,2,14673.24,17
2950,979,182,4,29049.69,82
2951,979,38,3,2266.82,28
2952,980,52,4,3961.79,4
2953,981,10,1,3469.21,96
2954,982,53,5,1750.15,63
2955,982,95,3,29603.95,49
2956,982,149,1,3551.09,59
2957,982,187,5,15169.68,52
2958,982,47,5,497.81,92
2959,983,61,1,27642.73,1
2960,983,11,2,763.98,26
2961,983,89,1,18350.3,3
2962,983,97,5,4030.37,13
2963,983,80,-3,274.27,99
2964,984,35,1,3131.28,70
2965,984,114,2,12262.14,76
2966,984,181,-5,3357.0,1
2967,984,81,2,641.3,88
2968,985,132,3,14673.24,60
2969,985,81,4,641.3,33
2970,985,128,3,5319.49,76
2971,985,76,1,19136.21,92
2972,986,6,1,63491.13,79
2973,986,37,2,3250.66,50
2974,986,177,3,3546.32,78
2975,986,64,3,93117.18,17
2976,987,178,1,485.22,39
2977,988,90,1,17430.69,15
2978,988,173,5,14158.62,81
2979,988,18,5,3084.08,36
2980,988,182,1,29049.69,69
2981,988,82,3,2740.6,28
2982,989,32,4,3754.44,67
2983,989,123,4,2794.3,43
2984,990,54,5,4173.59,17
2985,991,192,2,7461.34,21
2986,991,87,2,68101.36,27
2987,991,138,5,3632.53,77
2988,991,124,5,2030.13,18
2989,992,194,2,464.22,57
2990,993,56,3,23622.11,43
2991,993,99,4,8134.79,9
2992,993,85,1,2290.94,32
2993,994,123,3,2794.3,16
2994,995,57,5,2504.37,52
2995,995,144,1,382.9,46
2996,995,74,1,245.13,99
2997,995,50,3,3979.14,30
2998,995,92,4,12217.22,50
2999,996,167,4,693.18,95
3000,996,30,1,1221.85,66
3001,996,88,1,7189.72,14
3002,996,5,2,1198.16,54
3003,997,51,1,3521.45,24
3004,998,63,5,430.09,26
3005,999,142,4,11700.98,50
3006,999,140,5,3878.75,11
3007,999,184,1,19452.92,49
3008,1000,45,4,9220.4,9
3009,1000,115,3,729.43,95
3010,1001,34,1,3262.67,22
3011,1001,149,2,3551.09,32
3012,1002,111,3,7723.9,6
3013,1002,174,4,7801.61,65
3014,1002,9,5,26698.69,23
3015,1003,150,5,22291.25,13
3016,1003,112,4,5163.37,80
3017,1003,186,4,4929.38,54
3018,1003,91,5,4806.55,82
3019,1004,181,5,3357.0,26
3020,1004,115,5,729.43,33
3021,1005,25,1,3779.14,14
3022,1005,186,2,4929.38,38
3023,1005,107,5,5474.76,0
3024,1006,108,4,3065.18,99
3025,1006,155,2,896.22,43
3026,1006,11,3,763.98,30
3027,1006,50,4,3979.14,85
3028,1006,76,5,19136.21,94
3029,1007,111,2,7723.9,52
3030,1007,116,1,3192.27,27
3031,1007,80,2,274.27,82
3032,1007,20,3,1317.81,78
3033,1007,38,1,2266.82,6
3034,1008,158,3,1554.87,57
3035,1009,175,5,1171.69,6
3036,1010,199,3,702.8,72
3037,1010,92,5,12217.22,90
3038,1010,62,1,4101.85,37
3039,1010,173,3,14158.62,73
3040,1010,7,2,1545.0,2
3041,1011,25,3,3779.14,74
3042,1011,74,2,245.13,51
3043,1011,168,5,2536.06,90
3044,1011,62,5,4101.85,79
3045,1012,113,5,3469.53,73
3046,1012,61,4,27642.73,99
3047,1012,129,3,4097.17,70
3048,1012,106,5,484.23,97
3049,1013,93,4,1383.07,11
3050,1013,61,5,27642.73,37
3051,1013,88,2,7189.72,68
3052,1013,14,3,42582.22,74
3053,1013,155,4,896.22,81
3054,1014,148,2,3368.6,18
3055,1014,9,3,26698.69,72
3056,1014,110,1,797.25,37
3057,1014,52,1,3961.79,98
3058,1014,37,5,3250.66,39
3059,1015,167,5,693.18,24
3060,1015,92,2,12217.22,24
3061,1015,42,1,15510.68,23
3062,1015,141,2,10789.69,37
3063,1015,193,2,1383.66,99
3064,1016,184,4,19452.92,72
3065,1016,29,5,4216.76,7
3066,1016,100,4,2050.98,79
3067,1016,6,1,63491.13,71
3068,1017,109,2,3878.01,50
3069,1017,146,1,1205.79,58
3070,1017,155,4,896.22,3
3071,1017,48,4,17690.82,22
3072,1018,1,3,253.9,71
3073,1018,104,2,3389.18,66
3074,1019,34,2,3262.67,41
3075,1019,143,5,7284.34,46
3076,1019,174,2,7801.61,66
3077,1019,87,2,68101.36,84
3078,1019,183,5,1718.29,96
3079,1020,151,3,92003.66,0
3080,1021,184,4,19452.92,84
3081,1021,3,1,52845.51,18
3082,1021,77,5,1679.18,78
3083,1022,44,3,70908.36,3
3084,1022,186,-5,4929.38,100
3085,1022,90,2,17430.69,51
3086,1022,192,5,7461.34,97
3087,1023,143,5,7284.34,86
3088,1023,163,2,33147.7,55
3089,1023,104,3,3389.18,11
3090,1024,37,4,3250.66,73
3091,1024,105,4,2738.82,44
3092,1024,7,4,1545.0,80
3093,1024,199,1,702.8,27
3094,1024,162,1,91765.85,71
3095,1025,117,4,1769.76,12
3096,1025,183,2,1718.29,98
3097,1025,20,2,1317.81,67
3098,1025,182,3,29049.69,73
3099,1026,88,1,7189.72,32
3100,1026,122,2,2349.23,99
3101,1026,11,3,763.98,51
3102,1027,1,2,253.9,30
3103,1027,44,5,70908.36,98
3104,1027,76,3,19136.21,65
3105,1027,174,3,7801.61,80
3106,1027,41,1,79285.87,3
3107,1028,14,4,42582.22,96
3108,1028,196,2,2283.28,0
3109,1029,15,5,17548.6,55
3110,1030,155,4,896.22,49
3111,1030,91,1,4806.55,7
3112,1030,166,1,2666.16,97
3113,1030,137,4,14060.07,64
3114,1030,84,2,529.09,9
3115,1031,3,2,52845.51,78
3116,1032,159,1,314.46,6
3117,1032,10,1,3469.21,48
3118,1032,126,5,52173.6,7
3119,1033,191,3,1754.06,10
3120,1033,67,3,94052.48,80
3121,1033,68,5,1575.64,9
3122,1033,145,3,3116.82,6
3123,1033,82,4,2740.6,52
3124,1034,77,5,1679.18,25
3125,1034,78,5,40123.29,56
3126,1035,17,2,4055.38,6
3127,1035,108,3,3065.18,28
3128,1035,198,3,2694.15,34
3129,1035,22,1,16162.22,63
3130,1036,179,4,2528.54,76
3131,1036,9,-3,26698.69,50
3132,1036,34,2,3262.67,7
3133,1036,71,4,1994.84,17
3134,1037,153,4,98307.89,85
3135,1037,46,2,6493.42,76
3136,1037,36,2,14186.62,44
3137,1037,62,1,4101.85,71
3138,1038,6,4,63491.13,92
3139,1039,44,4,70908.36,6
3140,1039,90,2,17430.69,72
3141,1039,1,5,253.9,8
3142,1039,128,3,5319.49,2
3143,1040,123,5,2794.3,86
3144,1040,94,5,2140.24,33
3145,1040,179,1,2528.54,24
3146,1040,104,2,3389.18,25
3147,1041,116,2,3192.27,11
3148,1041,66,2,6345.81,40
3149,1041,178,3,485.22,91
3150,1041,44,2,70908.36,25
3151,1042,194,4,464.22,13
3152,1042,47,4,497.81,69
3153,1042,82,1,2740.6,59
3154,1043,103,2,1452.77,21
3155,1044,199,1,702.8,77
3156,1045,135,1,802.55,48
3157,1045,126,1,52173.6,28
3158,1046,14,2,42582.22,65
3159,1046,146,3,1205.79,16
3160,1046,55,4,1885.07,63
3161,1046,105,5,2738.82,73
3162,1047,70,-4,5396.07,15
3163,1047,190,2,1227.09,27
3164,1047,59,4,1243.65,9
3165,1048,103,3,1452.77,39
3166,1048,148,3,3368.6,75
3167,1048,70,1,5396.07,92
3168,1048,80,2,274.27,74
3169,1048,46,3,6493.42,6
3170,1049,128,4,5319.49,37
3171,1049,159,5,314.46,5
3172,1050,30,4,1221.85,35
3173,1051,76,1,19136.21,30
3174,1051,53,4,1750.15,26
3175,1051,118,3,2637.64,13
3176,1052,128,4,5319.49,68
3177,1052,71,1,1994.84,18
3178,1052,102,4,68170.84,94
3179,1052,41,4,79285.87,85
3180,1053,49,2,2142.2,23
3181,1053,153,1,98307.89,1
3182,1053,141,2,10789.69,81
3183,1053,150,1,22291.25,62
3184,1053,199,5,702.8,68
3185,1054,186,1,4929.38,80
3186,1054,21,2,4861.87,33
3187,1055,93,4,1383.07,21
3188,1055,16,5,1945.54,69
3189,1055,66,3,6345.81,94
3190,1055,127,4,1797.09,100
3191,1055,13,5,1849.34,56
3192,1056,164,4,2495.26,29
3193,1056,190,5,1227.09,31
3194,1057,158,5,1554.87,22
3195,1058,105,3,2738.82,52
3196,1058,112,1,5163.37,43
3197,1058,157,2,3574.22,73
3198,1058,63,4,430.09,94
3199,1058,55,1,1885.07,63
3200,1059,4,5,18013.15,92
3201,1059,91,4,4806.55,51
3202,1059,69,1,6749.31,58
3203,1059,49,4,2142.2,89
3204,1059,39,1,534.57,51
3205,1060,28,2,702.92,51
3206,1060,197,5,964.09,99
3207,1060,101,2,24788.51,1
3208,1060,175,3,1171.69,97
3209,1061,173,4,14158.62,69
3210,1062,106,1,484.23,84
3211,1062,138,2,3632.53,23
3212,1063,122,3,2349.23,41
3213,1063,20,2,1317.81,11
3214,1064,146,3,1205.79,1
3215,1064,118,3,2637.64,69
3216,1064,132,4,14673.24,13
3217,1064,67,-3,94052.48,51
3218,1065,197,2,964.09,93
3219,1065,139,1,7772.31,66
3220,1065,198,2,2694.15,9
3221,1065,27,5,3860.01,17
3222,1065,47,3,497.81,72
3223,1066,52,4,3961.79,96
3224,1066,36,5,14186.62,5
3225,1066,122,5,2349.23,75
3226,1066,81,5,641.3,98
3227,1067,144,2,382.9,55
3228,1067,195,5,7327.29,77
3229,1067,138,5,3632.53,36
3230,1068,155,1,896.22,20
3231,1068,100,2,2050.98,4
3232,1068,76,3,19136.21,4
3233,1068,16,5,1945.54,88
3234,1068,56,2,23622.11,84
3235,1069,77,4,1679.18,92
3236,1069,112,5,5163.37,91
3237,1069,3,3,52845.51,64
3238,1069,159,3,314.46,82
3239,1069,12,2,37578.36,38
3240,1070,92,3,12217.22,94
3241,1070,131,5,14500.41,65
3242,1070,84,5,529.09,80
3243,1070,168,1,2536.06,82
3244,1070,65,1,8962.94,36
3245,1071,90,4,17430.69,80
3246,1071,11,5,763.98,64
3247,1071,13,4,1849.34,96
3248,1072,185,4,1085.28,11
3249,1073,115,2,729.43,30
3250,1073,191,5,1754.06,51
3251,1073,52,4,3961.79,49
3252,1074,196,2,2283.28,69
3253,1074,198,2,2694.15,3
3254,1074,24,5,2479.74,57
3255,1074,26,3,22441.58,48
3256,1075,145,5,3116.82,8
3257,1076,142,4,11700.98,78
3258,1076,114,5,12262.14,63
3259,1076,15,4,17548.6,69
3260,1076,77,2,1679.18,79
3261,1077,146,4,1205.79,64
3262,1077,82,4,2740.6,91
3263,1077,71,2,1994.84,16
3264,1077,184,-3,19452.92,66
3265,1077,118,5,2637.64,25
3266,1078,119,1,35613.06,82
3267,1078,90,5,17430.69,40
3268,1078,106,5,484.23,0
3269,1078,188,4,41686.05,82
3270,1079,37,2,3250.66,47
3271,1079,44,1,70908.36,89
3272,1080,138,1,3632.53,84
3273,1080,121,3,1118.51,96
3274,1080,35,4,3131.28,48
3275,1081,181,3,3357.0,87
3276,1081,145,4,3116.82,72
3277,1081,21,1,4861.87,3
3278,1081,193,1,1383.66,21
3279,1081,189,3,2811.23,69
3280,1082,91,3,4806.55,47
3281,1082,90,3,17430.69,32
3282,1083,121,5,1118.51,50
3283,1083,130,4,530.75,75
3284,1084,85,-2,2290.94,17
3285,1084,63,3,430.09,78
3286,1084,46,3,6493.42,23
3287,1084,166,-2,2666.16,81
3288,1085,2,5,59090.87,94
3289,1085,3,5,52845.51,34
3290,1086,155,2,896.22,24
3291,1086,111,5,7723.9,73
3292,1086,24,1,2479.74,43
3293,1086,48,4,17690.82,21
3294,1087,147,1,772.56,87
3295,1087,33,3,835.93,23
3296,1087,92,5,12217.22,97
3297,1088,151,4,92003.66,22
3298,1088,117,3,1769.76,49
3299,1088,2,2,59090.87,73
3300,1089,73,4,7599.51,75
3301,1089,124,2,2030.13,88
3302,1090,174,3,7801.61,67
3303,1090,148,5,3368.6,100
3304,1091,116,1,3192.27,28
3305,1091,59,-5,1243.65,13
3306,1091,171,5,5623.35,90
3307,1092,17,3,4055.38,46
3308,1092,64,1,93117.18,82
3309,1092,45,4,9220.4,66
3310,1092,173,3,14158.62,49
3311,1093,142,3,11700.98,2
3312,1093,170,5,13731.85,41
3313,1093,188,4,41686.05,98
3314,1093,51,3,3521.45,33
3315,1093,31,2,1292.25,0
3316,1094,127,3,1797.09,80
3317,1094,187,5,15169.68,15
3318,1095,101,5,24788.51,9
3319,1095,154,1,1413.98,61
3320,1095,103,5,1452.77,61
3321,1095,172,2,16100.85,6
3322,1095,33,2,835.93,66
3323,1096,157,5,3574.22,30
3324,1096,73,3,7599.51,4
3325,1096,154,1,1413.98,46
3326,1097,164,4,2495.26,39
3327,1097,187,1,15169.68,41
3328,1098,77,4,1679.18,13
3329,1098,200,3,3212.97,41
3330,1098,156,2,3615.3,13
3331,1099,35,2,3131.28,46
3332,1099,91,5,4806.55,27
3333,1100,79,4,3269.81,93
3334,1100,131,5,14500.41,12
3335,1100,12,2,37578.36,54
3336,1100,34,4,3262.67,40
3337,1101,142,1,11700.98,79
3338,1102,111,2,7723.9,89
3339,1102,31,1,1292.25,36
3340,1102,165,1,2338.31,4
3341,1103,89,2,18350.3,58
3342,1103,177,4,3546.32,78
3343,1103,70,5,5396.07,15
3344,1104,133,5,4126.14,60
3345,1104,90,5,17430.69,7
3346,1104,105,5,2738.82,93
3347,1104,116,2,3192.27,96
3348,1104,4,4,18013.15,0
3349,1105,165,3,2338.31,16
3350,1105,42,2,15510.68,65
3351,1105,36,5,14186.62,71
3352,1106,49,4,2142.2,20
3353,1106,119,2,35613.06,42
3354,1106,18,5,3084.08,99
3355,1107,196,4,2283.28,7
3356,1107,122,3,2349.23,98
3357,1107,150,5,22291.25,64
3358,1107,133,4,4126.14,96
3359,1108,95,5,29603.95,56
3360,1108,115,3,729.43,38
3361,1108,44,2,70908.36,17
3362,1108,145,4,3116.82,90
3363,1109,156,5,3615.3,43
3364,1109,149,3,3551.09,69
3365,1109,197,3,964.09,93
3366,1110,147,4,772.56,46
3367,1110,15,3,17548.6,100
3368,1110,153,5,98307.89,36
3369,1110,25,-2,3779.14,64
3370,1110,102,2,68170.84,38
3371,1111,6,1,63491.13,10
3372,1111,151,4,92003.66,42
3373,1111,112,1,5163.37,17
3374,1111,177,1,3546.32,5
3375,1111,108,1,3065.18,19
3376,1112,90,3,17430.69,81
3377,1112,144,2,382.9,75
3378,1112,25,2,3779.14,9
3379,1113,97,2,4030.37,82
3380,1113,51,1,3521.45,41
3381,1114,86,1,29410.8,26
3382,1114,196,1,2283.28,41
3383,1114,48,3,17690.82,61
3384,1115,136,5,2848.35,26
3385,1116,89,5,18350.3,94
3386,1116,77,2,1679.18,87
3387,1116,101,1,24788.51,36
3388,1116,38,3,2266.82,36
3389,1117,119,5,35613.06,78
3390,1117,170,4,13731.85,49
3391,1117,35,5,3131.28,79
3392,1117,56,4,23622.11,18
3393,1117,76,4,19136.21,88
3394,1118,151,4,92003.66,57
3395,1118,148,4,3368.6,92
3396,1119,60,4,1918.94,19
3397,1119,186,1,4929.38,16
3398,1119,160,3,14389.43,65
3399,1120,149,3,3551.09,36
3400,1120,118,2,2637.64,8
3401,1121,26,2,22441.58,22
3402,1121,162,5,91765.85,13
3403,1121,108,2,3065.18,24
3404,1121,136,1,2848.35,16
3405,1121,48,2,17690.82,77
3406,1122,85,1,2290.94,80
3407,1122,179,3,2528.54,79
3408,1123,83,1,18455.42,48
3409,1124,19,1,8561.48,66
3410,1125,178,-4,485.22,33
3411,1125,184,4,19452.92,20
3412,1126,170,5,13731.85,59
3413,1126,78,3,40123.29,3
3414,1127,171,2,5623.35,98
3415,1127,164,4,2495.26,51
3416,1127,191,5,1754.06,90
3417,1127,81,1,641.3,85
3418,1127,192,4,7461.34,22
3419,1128,190,3,1227.09,61
3420,1128,89,4,18350.3,41
3421,1129,45,3,9220.4,71
3422,1129,57,3,2504.37,61
3423,1129,139,2,7772.31,48
3424,1130,165,5,2338.31,4
3425,1130,125,3,800.11,18
3426,1131,193,1,1383.66,65
3427,1131,14,4,42582.22,48
3428,1131,72,-5,199.64,30
3429,1131,121,1,1118.51,50
3430,1131,136,1,2848.35,70
3431,1132,106,4,484.23,15
3432,1132,200,4,3212.97,22
3433,1133,24,4,2479.74,87
3434,1134,42,2,15510.68,56
3435,1134,130,2,530.75,72
3436,1135,64,2,93117.18,3
3437,1135,58,3,2469.9,23
3438,1135,181,2,3357.0,19
3439,1135,45,5,9220.4,72
3440,1135,77,5,1679.18,27
3441,1136,179,2,2528.54,12
3442,1136,93,4,1383.07,41
3443,1136,30,5,1221.85,9
3444,1136,162,3,91765.85,30
3445,1137,59,5,1243.65,18
3446,1137,69,2,6749.31,21
3447,1137,138,3,3632.53,83
3448,1137,103,3,1452.77,89
3449,1137,43,-2,98247.37,73
3450,1138,147,2,772.56,40
3451,1138,76,5,19136.21,39
3452,1138,171,3,5623.35,53
3453,1138,174,-1,7801.61,62
3454,1138,152,4,9297.38,94
3455,1139,115,2,729.43,20
3456,1139,49,4,2142.2,37
3457,1139,8,2,4278.68,2
3458,1139,78,5,40123.29,42
3459,1140,176,3,59597.44,73
3460,1140,141,4,10789.69,78
3461,1140,158,1,1554.87,23
3462,1141,97,5,4030.37,74
3463,1141,20,4,1317.81,0
3464,1141,39,-2,534.57,73
3465,1141,8,2,4278.68,56
3466,1142,28,2,702.92,7
3467,1143,73,2,7599.51,85
3468,1143,198,5,2694.15,59
3469,1143,167,5,693.18,63
3470,1144,199,2,702.8,62
3471,1145,122,2,2349.23,74
3472,1145,197,5,964.09,66
3473,1145,137,2,14060.07,16
3474,1146,176,1,59597.44,86
3475,1146,47,1,497.81,17
3476,1147,136,4,2848.35,93
3477,1147,179,1,2528.54,70
3478,1147,181,2,3357.0,22
3479,1148,75,1,1758.88,33
3480,1149,182,4,29049.69,77
3481,1149,53,4,1750.15,66
3482,1149,187,5,15169.68,64
3483,1149,65,5,8962.94,56
3484,1149,50,3,3979.14,87
3485,1150,17,3,4055.38,85
3486,1150,113,5,3469.53,45
3487,1151,193,2,1383.66,81
3488,1151,145,5,3116.82,50
3489,1152,86,1,29410.8,25
3490,1153,45,3,9220.4,38
3491,1154,126,4,52173.6,82
3492,1154,7,1,1545.0,73
3493,1155,144,3,382.9,14
3494,1155,28,4,702.92,8
3495,1155,96,3,26794.28,20
3496,1155,36,2,14186.62,93
3497,1155,169,5,7775.36,11
3498,1156,114,2,12262.14,82
3499,1157,95,2,29603.95,99
3500,1157,170,5,13731.85,95
3501,1157,25,3,3779.14,84
3502,1157,118,1,2637.64,11
3503,1157,112,3,5163.37,25
3504,1158,86,3,29410.8,83
3505,1158,9,5,26698.69,24
3506,1158,188,1,41686.05,78
3507,1158,148,2,3368.6,0
3508,1159,127,4,1797.09,60
3509,1159,178,1,485.22,26
3510,1159,29,5,4216.76,63
3511,1159,197,1,964.09,77
3512,1159,104,1,3389.18,18
3513,1160,132,1,14673.24,81
3514,1160,180,2,308.9,93
3515,1160,43,2,98247.37,14
3516,1160,36,2,14186.62,20
3517,1161,39,4,534.57,52
3518,1162,159,2,314.46,6
3519,1162,191,1,1754.06,77
3520,1162,190,1,1227.09,14
3521,1162,130,1,530.75,48
3522,1163,106,1,484.23,16
3523,1163,167,2,693.18,5
3524,1163,158,1,1554.87,79
3525,1163,37,1,3250.66,57
3526,1164,200,3,3212.97,84
3527,1164,53,5,1750.15,97
3528,1165,60,2,1918.94,25
3529,1165,158,5,1554.87,95
3530,1165,105,2,2738.82,4
3531,1165,36,3,14186.62,73
3532,1166,173,4,14158.62,48
3533,1166,84,3,529.09,26
3534,1167,172,1,16100.85,84
3535,1167,151,2,92003.66,58
3536,1167,153,3,98307.89,99
3537,1167,32,5,3754.44,13
3538,1167,50,2,3979.14,97
3539,1168,160,-2,14389.43,12
3540,1168,158,1,1554.87,36
3541,1168,135,1,802.55,71
3542,1169,137,5,14060.07,17
3543,1169,132,3,14673.24,1
3544,1169,35,5,3131.28,85
3545,1169,99,3,8134.79,17
3546,1170,50,5,3979.14,36
3547,1170,68,4,1575.64,16
3548,1171,178,5,485.22,24
3549,1172,58,3,2469.9,92
3550,1172,51,4,3521.45,8
3551,1172,62,1,4101.85,27
3552,1173,104,5,3389.18,44
3553,1173,108,2,3065.18,99
3554,1173,18,5,3084.08,63
3555,1173,124,1,2030.13,99
3556,1173,165,-1,2338.31,29
3557,1174,171,1,5623.35,18
3558,1174,163,3,33147.7,24
3559,1174,183,4,1718.29,45
3560,1174,124,5,2030.13,41
3561,1175,193,3,1383.66,49
3562,1175,77,3,1679.18,97
3563,1175,84,2,529.09,27
3564,1175,158,1,1554.87,33
3565,1175,157,1,3574.22,95
3566,1176,20,1,1317.81,18
3567,1176,174,4,7801.61,6
3568,1177,22,1,16162.22,46
3569,1177,92,5,12217.22,20
3570,1177,124,4,2030.13,29
3571,1177,127,5,1797.09,63
3572,1178,122,1,2349.23,21
3573,1178,163,5,33147.7,79
3574,1178,42,1,15510.68,56
3575,1179,6,4,63491.13,54
3576,1180,171,1,5623.35,52
3577,1180,33,2,835.93,16
3578,1180,131,2,14500.41,36
3579,1180,82,5,2740.6,83
3580,1180,43,1,98247.37,43
3581,1181,146,3,1205.79,20
3582,1181,134,1,389.01,28
3583,1181,11,3,763.98,4
3584,1182,117,1,1769.76,15
3585,1182,198,1,2694.15,78
3586,1183,174,4,7801.61,63
3587,1183,132,5,14673.24,98
3588,1183,5,4,1198.16,47
3589,1184,92,3,12217.22,79
3590,1184,144,1,382.9,47
3591,1184,133,-4,4126.14,75
3592,1184,31,3,1292.25,47
3593,1185,171,4,5623.35,22
3594,1185,83,2,18455.42,32
3595,1185,12,4,37578.36,13
3596,1186,117,3,1769.76,59
3597,1186,176,4,59597.44,0
3598,1187,94,1,2140.24,71
3599,1188,73,1,7599.51,100
3600,1189,27,1,3860.01,4
3601,1189,55,2,1885.07,3
3602,1189,101,4,24788.51,70
3603,1189,99,2,8134.79,12
3604,1189,9,4,26698.69,51
3605,1190,88,1,7189.72,62
3606,1190,4,2,18013.15,54
3607,1190,159,5,314.46,5
3608,1191,166,-1,2666.16,66
3609,1191,51,1,3521.45,93
3610,1191,161,3,3019.49,57
3611,1191,26,1,22441.58,18
3612,1191,75,5,1758.88,3
3613,1192,158,3,1554.87,90
3614,1193,33,4,835.93,10
3615,1194,122,5,2349.23,5
3616,1194,166,4,2666.16,57
3617,1195,161,2,3019.49,6
3618,1196,63,2,430.09,42
3619,1196,92,1,12217.22,6
3620,1196,57,3,2504.37,46
3621,1196,2,5,59090.87,35
3622,1197,38,3,2266.82,25
3623,1197,133,4,4126.14,22
3624,1197,86,1,29410.8,90
3625,1197,70,2,5396.07,3
3626,1198,115,5,729.43,55
3627,1199,170,3,13731.85,68
3628,1199,91,5,4806.55,86
3629,1200,134,4,389.01,54
3630,1200,136,4,2848.35,76
3631,1200,13,3,1849.34,63
3632,1201,156,2,3615.3,15
3633,1202,33,1,835.93,42
3634,1202,94,2,2140.24,85
3635,1202,113,2,3469.53,77
3636,1202,145,4,3116.82,20
3637,1202,61,4,27642.73,32
3638,1203,188,4,41686.05,55
3639,1203,50,2,3979.14,10
3640,1203,159,3,314.46,74
3641,1203,121,1,1118.51,67
3642,1204,19,2,8561.48,89
3643,1204,15,4,17548.6,2
3644,1205,60,-1,1918.94,34
3645,1206,81,4,641.3,54
3646,1206,110,1,797.25,39
3647,1206,59,3,1243.65,80
3648,1206,93,5,1383.07,3
3649,1207,56,1,23622.11,6
3650,1208,113,5,3469.53,62
3651,1208,23,4,317.81,15
3652,1208,13,3,1849.34,4
3653,1208,125,1,800.11,95
3654,1209,14,5,42582.22,30
3655,1209,186,5,4929.38,98
3656,1209,41,5,79285.87,8
3657,1210,136,3,2848.35,73
3658,1210,37,1,3250.66,40
3659,1210,27,2,3860.01,85
3660,1210,59,1,1243.65,40
3661,1210,19,2,8561.48,5
3662,1211,155,5,896.22,77
3663,1211,158,5,1554.87,4
3664,1211,25,5,3779.14,38
3665,1212,150,4,22291.25,50
3666,1212,189,5,2811.23,67
3667,1212,186,4,4929.38,81
3668,1212,3,2,52845.51,82
3669,1212,9,1,26698.69,25
3670,1213,135,5,802.55,56
3671,1213,47,1,497.81,53
3672,1213,171,4,5623.35,77
3673,1213,41,5,79285.87,95
3674,1214,106,1,484.23,52
3675,1214,167,4,693.18,12
3676,1214,12,2,37578.36,27
3677,1215,88,3,7189.72,6
3678,1215,57,4,2504.37,61
3679,1215,101,5,24788.51,34
3680,1215,86,2,29410.8,29
3681,1216,64,3,93117.18,55
3682,1216,52,2,3961.79,26
3683,1217,161,-5,3019.49,76
3684,1217,136,3,2848.35,74
3685,1217,41,5,79285.87,14
3686,1217,151,5,92003.66,57
3687,1217,130,1,530.75,8
3688,1218,51,2,3521.45,55
3689,1218,69,2,6749.31,3
3690,1218,105,2,2738.82,59
3691,1219,187,5,15169.68,58
3692,1220,176,2,59597.44,13
3693,1220,97,1,4030.37,52
3694,1220,150,1,22291.25,20
3695,1220,143,1,7284.34,80
3696,1220,130,3,530.75,12
3697,1221,11,1,763.98,30
3698,1221,174,3,7801.61,87
3699,1221,127,5,1797.09,73
3700,1221,42,5,15510.68,76
3701,1221,104,5,3389.18,99
3702,1222,70,4,5396.07,18
3703,1222,75,1,1758.88,10
3704,1222,143,4,7284.34,2
3705,1222,54,5,4173.59,64
3706,1222,46,5,6493.42,37
3707,1223,26,1,22441.58,9
3708,1223,123,5,2794.3,51
3709,1223,167,3,693.18,38
3710,1223,59,5,1243.65,17
3711,1223,165,2,2338.31,97
3712,1224,101,4,24788.51,45
3713,1225,24,5,2479.74,94
3714,1225,70,2,5396.07,73
3715,1225,89,4,18350.3,64
3716,1225,54,3,4173.59,56
3717,1225,129,1,4097.17,69
3718,1226,149,1,3551.09,3
3719,1226,91,3,4806.55,69
3720,1227,188,4,41686.05,60
3721,1228,180,4,308.9,85
3722,1228,144,1,382.9,23
3723,1228,183,2,1718.29,48
3724,1229,156,1,3615.3,38
3725,1229,109,5,3878.01,51
3726,1229,150,1,22291.25,97
3727,1229,180,1,308.9,20
3728,1229,183,5,1718.29,63
3729,1230,15,3,17548.6,21
3730,1230,172,5,16100.85,85
3731,1230,44,4,70908.36,71
3732,1230,49,5,2142.2,19
3733,1230,150,4,22291.25,92
3734,1231,121,5,1118.51,85
3735,1231,187,4,15169.68,85
3736,1231,118,-1,2637.64,34
3737,1231,93,1,1383.07,75
3738,1232,49,2,2142.2,91
3739,1232,25,1,3779.14,33
3740,1232,101,1,24788.51,74
3741,1233,61,1,27642.73,45
3742,1233,191,4,1754.06,5
3743,1233,182,4,29049.69,70
3744,1233,109,2,3878.01,22
3745,1234,25,3,3779.14,86
3746,1234,93,5,1383.07,71
3747,1234,42,2,15510.68,42
3748,1234,105,4,2738.82,45
3749,1235,144,4,382.9,74
3750,1236,166,2,2666.16,37
3751,1236,144,1,382.9,77
3752,1236,140,4,3878.75,89
3753,1236,80,3,274.27,78
3754,1237,43,4,98247.37,69
3755,1237,106,2,484.23,92
3756,1237,51,3,3521.45,78
3757,1237,154,4,1413.98,3
3758,1238,157,4,3574.22,65
3759,1238,82,3,2740.6,19
3760,1238,121,1,1118.51,56
3761,1239,163,2,33147.7,71
3762,1240,193,1,1383.66,49
3763,1240,177,2,3546.32,20
3764,1240,172,3,16100.85,74
3765,1241,108,4,3065.18,35
3766,1241,172,5,16100.85,69
3767,1242,125,1,800.11,64
3768,1242,27,5,3860.01,99
3769,1243,110,-3,797.25,68
3770,1243,83,4,18455.42,68
3771,1244,36,2,14186.62,78
3772,1244,150,1,22291.25,55
3773,1244,65,2,8962.94,33
3774,1244,109,4,3878.01,61
3775,1244,38,-2,2266.82,96
3776,1245,190,4,1227.09,77
3777,1245,22,5,16162.22,8
3778,1245,106,4,484.23,2
3779,1245,122,5,2349.23,8
3780,1245,47,1,497.81,38
3781,1246,179,2,2528.54,14
3782,1247,193,2,1383.66,45
3783,1247,93,5,1383.07,81
3784,1247,135,2,802.55,26
3785,1247,177,4,3546.32,13
3786,1247,43,2,98247.37,27
3787,1248,190,4,1227.09,0
3788,1248,127,3,1797.09,23
3789,1248,78,2,40123.29,5
3790,1248,136,3,2848.35,41
3791,1249,135,5,802.55,12
3792,1249,54,4,4173.59,42
3793,1249,185,-1,1085.28,21
3794,1249,180,3,308.9,35
3795,1249,44,3,70908.36,63
3796,1250,64,-3,93117.18,15
3797,1250,65,5,8962.94,12
3798,1251,158,3,1554.87,83
3799,1251,107,1,5474.76,24
3800,1251,171,3,5623.35,35
3801,1251,48,-1,17690.82,100
3802,1252,96,4,26794.28,51
3803,1252,147,1,772.56,60
3804,1252,32,4,3754.44,95
3805,1252,155,1,896.22,98
3806,1252,105,5,2738.82,16
3807,1253,183,5,1718.29,68
3808,1253,127,5,1797.09,96
3809,1253,2,5,59090.87,80
3810,1254,101,5,24788.51,69
3811,1255,17,4,4055.38,59
3812,1256,71,2,1994.84,12
3813,1256,85,3,2290.94,10
3814,1256,42,4,15510.68,34
3815,1256,140,4,3878.75,66
3816,1256,195,1,7327.29,100
3817,1257,25,3,3779.14,79
3818,1257,127,-2,1797.09,50
3819,1258,164,3,2495.26,69
3820,1258,152,4,9297.38,78
3821,1258,180,5,308.9,79
3822,1258,39,2,534.57,89
3823,1259,47,4,497.81,89
3824,1259,173,5,14158.62,70
3825,1259,184,4,19452.92,39
3826,1259,51,5,3521.45,48
3827,1259,160,5,14389.43,39
3828,1260,38,3,2266.82,43
3829,1261,65,3,8962.94,40
3830,1261,182,1,29049.69,14
3831,1261,175,1,1171.69,78
3832,1261,194,2,464.22,92
3833,1261,30,5,1221.85,86
3834,1262,121,-1,1118.51,87
3835,1262,13,4,1849.34,46
3836,1263,60,4,1918.94,88
3837,1263,175,1,1171.69,44
3838,1264,163,1,33147.7,60
3839,1265,143,4,7284.34,87
3840,1266,44,2,70908.36,76
3841,1267,83,5,18455.42,50
3842,1267,92,2,12217.22,53
3843,1267,80,3,274.27,31
3844,1267,91,4,4806.55,90
3845,1267,177,2,3546.32,12
3846,1268,4,5,18013.15,33
3847,1268,54,3,4173.59,47
3848,1268,63,5,430.09,7
3849,1268,29,4,4216.76,62
3850,1268,17,1,4055.38,6
3851,1269,73,5,7599.51,83
3852,1270,200,3,3212.97,17
3853,1270,137,3,14060.07,67
3854,1270,9,5,26698.69,32
3855,1270,95,2,29603.95,6
3856,1270,103,3,1452.77,48
3857,1271,102,3,68170.84,100
3858,1271,200,5,3212.97,78
3859,1271,75,4,1758.88,55
3860,1271,183,4,1718.29,52
3861,1272,64,3,93117.18,55
3862,1273,10,2,3469.21,1
3863,1273,43,3,98247.37,40
3864,1273,153,4,98307.89,46
3865,1274,98,4,1260.01,43
3866,1274,129,5,4097.17,3
3867,1274,151,5,92003.66,57
3868,1274,87,3,68101.36,98
3869,1275,173,2,14158.62,24
3870,1275,121,5,1118.51,77
3871,1275,190,1,1227.09,54
3872,1276,87,2,68101.36,100
3873,1276,18,3,3084.08,33
3874,1277,24,4,2479.74,100
3875,1277,29,2,4216.76,81
3876,1277,136,2,2848.35,98
3877,1277,120,4,67415.8,43
3878,1278,93,1,1383.07,13
3879,1278,16,-4,1945.54,80
3880,1278,163,3,33147.7,77
3881,1279,13,3,1849.34,29
3882,1279,3,1,52845.51,1
3883,1279,198,4,2694.15,20
3884,1279,107,2,5474.76,15
3885,1279,125,2,800.11,19
3886,1280,21,2,4861.87,97
3887,1280,82,4,2740.6,54
3888,1280,58,4,2469.9,88
3889,1281,138,3,3632.53,51
3890,1281,136,2,2848.35,97
3891,1281,37,3,3250.66,78
3892,1281,179,1,2528.54,49
3893,1282,85,1,2290.94,10
3894,1283,145,3,3116.82,90
3895,1283,148,1,3368.6,11
3896,1284,153,5,98307.89,32
3897,1284,60,5,1918.94,66
3898,1284,157,4,3574.22,7
3899,1285,98,5,1260.01,1
3900,1286,29,4,4216.76,75
3901,1287,27,4,3860.01,61
3902,1287,87,4,68101.36,71
3903,1287,70,2,5396.07,25
3904,1287,45,1,9220.4,22
3905,1287,9,5,26698.69,76
3906,1288,77,4,1679.18,100
3907,1288,103,1,1452.77,34
3908,1288,62,4,4101.85,17
3909,1289,191,3,1754.06,21
3910,1289,103,-4,1452.77,9
3911,1289,156,2,3615.3,93
3912,1289,22,1,16162.22,21
3913,1290,145,2,3116.82,67
3914,1291,121,2,1118.51,94
3915,1291,45,4,9220.4,43
3916,1291,192,2,7461.34,55
3917,1292,134,5,389.01,93
3918,1292,141,4,10789.69,96
3919,1292,1,5,253.9,6
3920,1293,102,5,68170.84,44
3921,1293,78,2,40123.29,47
3922,1293,139,3,7772.31,65
3923,1293,192,2,7461.34,39
3924,1294,77,1,1679.18,85
3925,1294,142,5,11700.98,88
3926,1295,157,5,3574.22,41
3927,1295,27,3,3860.01,46
3928,1296,194,-1,464.22,4
3929,1296,73,4,7599.51,32
3930,1296,190,3,1227.09,83
3931,1297,100,3,2050.98,83
3932,1297,118,4,2637.64,43
3933,1297,131,2,14500.41,25
3934,1298,10,1,3469.21,17
3935,1299,51,2,3521.45,91
3936,1299,190,4,1227.09,36
3937,1300,68,5,1575.64,97
3938,1300,139,-4,7772.31,87
3939,1300,13,5,1849.34,93
3940,1300,128,1,5319.49,57
3941,1300,85,4,2290.94,99
3942,1301,25,2,3779.14,31
3943,1301,139,3,7772.31,82
3944,1301,59,2,1243.65,62
3945,1301,175,2,1171.69,3
3946,1302,42,5,15510.68,68
3947,1302,5,4,1198.16,87
3948,1303,82,1,2740.6,60
3949,1303,47,3,497.81,91
3950,1304,187,5,15169.68,7
3951,1305,87,5,68101.36,100
3952,1306,166,2,2666.16,5
3953,1306,12,3,37578.36,42
3954,1306,178,2,485.22,4
3955,1306,86,4,29410.8,77
3956,1307,53,3,1750.15,92
3957,1307,90,5,17430.69,64
3958,1308,44,3,70908.36,79
3959,1308,122,2,2349.23,42
3960,1309,171,3,5623.35,1
3961,1309,184,1,19452.92,89
3962,1310,34,5,3262.67,8
3963,1311,133,4,4126.14,60
3964,1311,8,5,4278.68,36
3965,1311,70,5,5396.07,8
3966,1311,35,4,3131.28,44
3967,1312,198,3,2694.15,32
3968,1312,124,3,2030.13,85
3969,1313,102,3,68170.84,33
3970,1313,152,4,9297.38,6
3971,1313,76,5,19136.21,26
3972,1314,13,3,1849.34,88
3973,1314,14,1,42582.22,60
3974,1314,150,5,22291.25,79
3975,1314,116,2,3192.27,57
3976,1314,187,5,15169.68,13
3977,1315,196,3,2283.28,30
3978,1316,86,1,29410.8,18
3979,1316,96,5,26794.28,58
3980,1316,68,5,1575.64,65
3981,1316,135,3,802.55,68
3982,1316,55,4,1885.07,79
3983,1317,84,5,529.09,54
3984,1317,120,5,67415.8,67
3985,1317,10,5,3469.21,99
3986,1317,159,2,314.46,97
3987,1317,122,5,2349.23,7
3988,1318,53,3,1750.15,61
3989,1318,82,5,2740.6,89
3990,1318,170,2,13731.85,61
3991,1319,111,3,7723.9,57
3992,1320,187,3,15169.68,48
3993,1320,121,2,1118.51,4
3994,1321,68,5,1575.64,69
3995,1322,71,3,1994.84,22
3996,1322,110,-3,797.25,16
3997,1322,57,2,2504.37,71
3998,1322,10,2,3469.21,75
3999,1323,15,2,17548.6,66
4000,1323,68,-2,1575.64,30
4001,1323,167,5,693.18,13
4002,1323,148,2,3368.6,14
4003,1324,53,4,1750.15,3
4004,1324,13,4,1849.34,20
4005,1324,48,5,17690.82,26
4006,1324,157,2,3574.22,66
4007,1324,51,5,3521.45,6
4008,1325,28,5,702.92,27
4009,1325,113,2,3469.53,18
4010,1325,5,1,1198.16,5
4011,1325,4,1,18013.15,1
4012,1325,76,2,19136.21,29
4013,1326,97,1,4030.37,2
4014,1326,22,1,16162.22,88
4015,1327,171,4,5623.35,59
4016,1327,175,4,1171.69,48
4017,1327,55,1,1885.07,5
4018,1327,21,1,4861.87,65
4019,1327,119,5,35613.06,85
4020,1328,63,4,430.09,91
4021,1328,185,4,1085.28,15
4022,1328,72,1,199.64,70
4023,1328,71,1,1994.84,37
4024,1328,4,2,18013.15,47
4025,1329,195,1,7327.29,36
4026,1329,123,1,2794.3,92
4027,1329,200,2,3212.97,70
4028,1329,19,-3,8561.48,40
4029,1330,83,1,18455.42,75
4030,1330,29,5,4216.76,96
4031,1331,46,4,6493.42,35
4032,1332,118,5,2637.64,82
4033,1332,126,2,52173.6,24
4034,1332,67,3,94052.48,39
4035,1332,130,4,530.75,75
4036,1333,58,1,2469.9,4
4037,1333,134,1,389.01,25
4038,1333,17,1,4055.38,58
4039,1334,106,2,484.23,0
4040,1334,20,3,1317.81,35
4041,1334,8,3,4278.68,95
4042,1334,47,5,497.81,48
4043,1335,23,1,317.81,42
4044,1335,129,1,4097.17,88
4045,1335,64,1,93117.18,55
4046,1335,57,4,2504.37,85
4047,1336,189,4,2811.23,34
4048,1336,3,-1,52845.51,9
4049,1336,173,1,14158.62,82
4050,1336,177,4,3546.32,47
4051,1337,81,1,641.3,90
4052,1337,21,1,4861.87,90
4053,1337,139,2,7772.31,36
4054,1338,93,4,1383.07,69
4055,1339,172,1,16100.85,51
4056,1339,152,5,9297.38,75
4057,1339,149,3,3551.09,98
4058,1340,4,4,18013.15,5
4059,1340,188,5,41686.05,78
4060,1340,1,1,253.9,47
4061,1340,178,5,485.22,97
4062,1340,192,2,7461.34,55
4063,1341,5,5,1198.16,25
4064,1341,149,3,3551.09,70
4065,1341,58,2,2469.9,48
4066,1341,50,5,3979.14,92
4067,1342,140,5,3878.75,79
4068,1342,173,4,14158.62,20
4069,1342,113,4,3469.53,77
4070,1342,24,4,2479.74,100
4071,1342,101,1,24788.51,67
4072,1343,78,-5,40123.29,55
4073,1343,200,5,3212.97,71
4074,1344,94,5,2140.24,15
4075,1344,162,4,91765.85,67
4076,1344,64,4,93117.18,100
4077,1344,3,5,52845.51,9
4078,1344,55,3,1885.07,3
4079,1345,76,5,19136.21,54
4080,1345,133,2,4126.14,46
4081,1345,8,4,4278.68,9
4082,1346,91,4,4806.55,48
4083,1346,49,1,2142.2,88
4084,1346,116,5,3192.27,30
4085,1346,113,2,3469.53,2
4086,1346,68,1,1575.64,16
4087,1347,5,3,1198.16,58
4088,1347,109,5,3878.01,73
4089,1347,74,5,245.13,23
4090,1347,49,4,2142.2,1
4091,1348,16,1,1945.54,70
4092,1348,49,1,2142.2,97
4093,1348,180,5,308.9,47
4094,1349,101,1,24788.51,100
4095,1349,156,4,3615.3,46
4096,1350,78,5,40123.29,40
4097,1350,97,1,4030.37,58
4098,1350,111,4,7723.9,58
4099,1351,95,1,29603.95,85
4100,1351,40,2,6624.33,62
4101,1351,182,3,29049.69,49
4102,1352,84,2,529.09,100
4103,1352,176,1,59597.44,12
4104,1352,140,5,3878.75,86
4105,1352,48,5,17690.82,18
4106,1352,4,-3,18013.15,11
4107,1353,23,5,317.81,51
4108,1353,4,2,18013.15,55
4109,1353,103,3,1452.77,22
4110,1353,182,-2,29049.69,18
4111,1353,48,5,17690.82,61
4112,1354,11,5,763.98,75
4113,1354,96,1,26794.28,57
4114,1354,10,1,3469.21,90
4115,1355,129,3,4097.17,34
4116,1355,82,2,2740.6,13
4117,1355,4,5,18013.15,44
4118,1356,7,3,1545.0,62
4119,1356,138,1,3632.53,40
4120,1356,151,-4,92003.66,99
4121,1357,180,2,308.9,0
4122,1357,33,5,835.93,18
4123,1357,30,2,1221.85,46
4124,1357,184,4,19452.92,0
4125,1357,195,5,7327.29,2
4126,1358,36,1,14186.62,80
4127,1359,12,2,37578.36,90
4128,1359,124,3,2030.13,52
4129,1359,86,3,29410.8,6
4130,1359,5,4,1198.16,21
4131,1360,132,2,14673.24,35
4132,1360,1,4,253.9,22
4133,1361,196,2,2283.28,71
4134,1361,65,5,8962.94,41
4135,1361,162,3,91765.85,0
4136,1361,67,1,94052.48,11
4137,1361,76,4,19136.21,66
4138,1362,71,2,1994.84,20
4139,1362,62,-3,4101.85,91
4140,1362,86,4,29410.8,30
4141,1362,117,1,1769.76,17
4142,1362,87,4,68101.36,9
4143,1363,162,5,91765.85,98
4144,1363,48,3,17690.82,0
4145,1363,163,4,33147.7,8
4146,1363,11,1,763.98,100
4147,1364,65,5,8962.94,82
4148,1364,11,-1,763.98,11
4149,1364,83,1,18455.42,73
4150,1365,65,1,8962.94,78
4151,1365,157,2,3574.22,59
4152,1365,73,1,7599.51,84
4153,1366,129,3,4097.17,23
4154,1367,110,1,797.25,95
4155,1367,171,1,5623.35,95
4156,1367,132,3,14673.24,29
4157,1367,41,4,79285.87,6
4158,1368,57,2,2504.37,25
4159,1368,123,1,2794.3,4
4160,1368,161,4,3019.49,9
4161,1368,82,-4,2740.6,75
4162,1368,27,3,3860.01,87
4163,1369,135,1,802.55,61
4164,1370,74,1,245.13,64
4165,1370,21,5,4861.87,100
4166,1370,97,3,4030.37,71
4167,1371,176,3,59597.44,29
4168,1371,107,2,5474.76,72
4169,1371,105,5,2738.82,59
4170,1372,68,5,1575.64,71
4171,1372,56,5,23622.11,27
4172,1372,49,4,2142.2,44
4173,1372,156,-2,3615.3,76
4174,1373,104,-3,3389.18,60
4175,1373,108,1,3065.18,52
4176,1373,5,1,1198.16,79
4177,1374,145,2,3116.82,60
4178,1374,165,2,2338.31,39
4179,1374,7,5,1545.0,10
4180,1374,88,2,7189.72,98
4181,1374,5,1,1198.16,4
4182,1375,149,3,3551.09,5
4183,1375,15,2,17548.6,45
4184,1375,91,5,4806.55,84
4185,1376,3,4,52845.51,28
4186,1376,76,-2,19136.21,8
4187,1376,78,4,40123.29,37
4188,1376,47,2,497.81,100
4189,1376,193,3,1383.66,56
4190,1377,94,5,2140.24,97
4191,1377,3,2,52845.51,43
4192,1377,126,2,52173.6,53
4193,1378,149,1,3551.09,51
4194,1378,34,3,3262.67,69
4195,1378,194,4,464.22,4
4196,1378,181,4,3357.0,57
4197,1378,133,2,4126.14,75
4198,1379,7,-2,1545.0,91
4199,1379,174,3,7801.61,38
4200,1379,90,5,17430.69,64
4201,1379,166,2,2666.16,70
4202,1379,40,3,6624.33,22
4203,1380,113,2,3469.53,48
4204,1380,97,3,4030.37,51
4205,1380,139,2,7772.31,69
4206,1381,142,3,11700.98,42
4207,1382,21,4,4861.87,56
4208,1383,30,1,1221.85,50
4209,1383,134,-3,389.01,57
4210,1383,8,5,4278.68,42
4211,1384,158,1,1554.87,46
4212,1384,8,4,4278.68,20
4213,1384,102,2,68170.84,72
4214,1385,112,-1,5163.37,76
4215,1385,126,1,52173.6,69
4216,1386,56,3,23622.11,13
4217,1386,156,1,3615.3,63
4218,1386,150,3,22291.25,93
4219,1387,125,5,800.11,13
4220,1388,156,1,3615.3,10
4221,1388,113,1,3469.53,59
4222,1389,164,4,2495.26,12
4223,1389,159,5,314.46,87
4224,1389,147,1,772.56,18
4225,1389,131,3,14500.41,37
4226,1389,45,4,9220.4,87
4227,1390,81,1,641.3,87
4228,1390,42,2,15510.68,21
4229,1390,103,1,1452.77,51
4230,1390,99,5,8134.79,47
4231,1391,20,3,1317.81,34
4232,1391,122,1,2349.23,87
4233,1392,104,1,3389.18,10
4234,1392,155,2,896.22,23
4235,1393,101,3,24788.51,100
4236,1393,123,5,2794.3,45
4237,1393,183,1,1718.29,1
4238,1393,42,2,15510.68,53
4239,1394,59,1,1243.65,40
4240,1395,154,3,1413.98,27
4241,1396,61,3,27642.73,83
4242,1396,8,5,4278.68,33
4243,1397,91,5,4806.55,43
4244,1397,199,1,702.8,56
4245,1397,90,3,17430.69,5
4246,1397,97,4,4030.37,12
4247,1398,170,2,13731.85,16
4248,1398,45,4,9220.4,76
4249,1398,197,5,964.09,6
4250,1398,48,3,17690.82,90
4251,1399,113,3,3469.53,82
4252,1399,128,1,5319.49,29
4253,1399,94,1,2140.24,6
4254,1399,100,1,2050.98,50
4255,1399,5,3,1198.16,86
4256,1400,19,2,8561.48,38
4257,1400,154,1,1413.98,26
4258,1400,95,5,29603.95,15
4259,1400,147,1,772.56,35
4260,1400,137,3,14060.07,16
4261,1401,13,2,1849.34,54
4262,1402,8,5,4278.68,78
4263,1403,75,1,1758.88,9
4264,1403,77,5,1679.18,38
4265,1403,138,5,3632.53,12
4266,1404,34,3,3262.67,78
4267,1404,84,5,529.09,22
4268,1405,63,3,430.09,44
4269,1405,149,2,3551.09,47
4270,1405,66,5,6345.81,43
4271,1405,140,2,3878.75,5
4272,1405,91,3,4806.55,49
4273,1406,7,1,1545.0,7
4274,1407,64,4,93117.18,72
4275,1407,141,5,10789.69,1
4276,1407,13,1,1849.34,50
4277,1407,200,5,3212.97,54
4278,1408,12,1,37578.36,9
4279,1408,1,5,253.9,49
4280,1408,16,4,1945.54,61
4281,1408,188,3,41686.05,5
4282,1408,184,2,19452.92,61
4283,1409,39,3,534.57,88
4284,1409,199,2,702.8,91
4285,1409,133,2,4126.14,84
4286,1409,147,2,772.56,72
4287,1409,188,-3,41686.05,39
4288,1410,135,3,802.55,28
4289,1410,70,1,5396.07,0
4290,1410,176,4,59597.44,62
4291,1410,22,4,16162.22,48
4292,1410,183,2,1718.29,42
4293,1411,190,1,1227.09,27
4294,1411,174,2,7801.61,81
4295,1411,154,3,1413.98,1
4296,1412,82,4,2740.6,27
4297,1413,33,3,835.93,32
4298,1413,129,2,4097.17,50
4299,1413,14,2,42582.22,36
4300,1413,76,1,19136.21,58
4301,1414,162,3,91765.85,23
4302,1414,19,5,8561.48,7
4303,1414,124,2,2030.13,84
4304,1414,194,5,464.22,89
4305,1414,110,2,797.25,28
4306,1415,144,3,382.9,42
4307,1415,173,1,14158.62,8
4308,1416,77,1,1679.18,73
4309,1417,18,4,3084.08,86
4310,1418,83,3,18455.42,31
4311,1419,187,5,15169.68,71
4312,1420,67,5,94052.48,32
4313,1420,133,2,4126.14,1
4314,1420,16,2,1945.54,14
4315,1420,124,-1,2030.13,49
4316,1421,30,4,1221.85,28
4317,1421,178,2,485.22,78
4318,1421,138,1,3632.53,36
4319,1421,90,3,17430.69,58
4320,1422,133,5,4126.14,71
4321,1422,197,5,964.09,57
4322,1422,9,3,26698.69,72
4323,1423,115,1,729.43,21
4324,1423,30,5,1221.85,94
4325,1424,67,4,94052.48,39
4326,1424,144,2,382.9,50
4327,1424,33,1,835.93,29
4328,1424,177,2,3546.32,53
4329,1424,74,2,245.13,1
4330,1425,31,4,1292.25,47
4331,1425,112,3,5163.37,66
4332,1426,125,1,800.11,32
4333,1426,57,4,2504.37,59
4334,1427,25,5,3779.14,16
4335,1428,120,4,67415.8,14
4336,1429,149,3,3551.09,20
4337,1430,80,5,274.27,0
4338,1430,149,2,3551.09,24
4339,1431,46,2,6493.42,12
4340,1431,84,5,529.09,92
4341,1431,178,2,485.22,8
4342,1431,87,3,68101.36,67
4343,1432,111,5,7723.9,73
4344,1433,123,1,2794.3,87
4345,1433,153,3,98307.89,72
4346,1433,89,1,18350.3,55
4347,1433,117,1,1769.76,98
4348,1434,116,5,3192.27,55
4349,1435,82,5,2740.6,47
4350,1435,111,3,7723.9,70
4351,1436,91,1,4806.55,93
4352,1436,117,5,1769.76,40
4353,1436,175,5,1171.69,95
4354,1436,193,4,1383.66,88
4355,1436,103,4,1452.77,21
4356,1437,197,4,964.09,71
4357,1438,115,1,729.43,90
4358,1438,164,1,2495.26,96
4359,1438,78,-3,40123.29,30
4360,1438,45,4,9220.4,68
4361,1438,154,5,1413.98,27
4362,1439,60,5,1918.94,48
4363,1440,118,2,2637.64,65
4364,1440,158,5,1554.87,61
4365,1440,109,2,3878.01,65
4366,1440,103,3,1452.77,42
4367,1440,15,3,17548.6,6
4368,1441,130,5,530.75,17
4369,1442,74,4,245.13,20
4370,1442,62,1,4101.85,6
4371,1443,153,5,98307.89,27
4372,1443,5,5,1198.16,37
4373,1444,47,2,497.81,80
4374,1444,20,2,1317.81,17
4375,1444,162,2,91765.85,7
4376,1444,4,3,18013.15,11
4377,1444,19,3,8561.48,35
4378,1445,101,3,24788.51,83
4379,1445,111,2,7723.9,93
4380,1445,75,2,1758.88,95
4381,1445,113,5,3469.53,95
4382,1446,80,1,274.27,53
4383,1447,113,5,3469.53,77
4384,1447,159,2,314.46,89
4385,1447,97,-1,4030.37,86
4386,1448,107,1,5474.76,16
4387,1448,68,1,1575.64,81
4388,1449,193,1,1383.66,35
4389,1449,151,2,92003.66,28
4390,1450,77,2,1679.18,91
4391,1450,13,4,1849.34,63
4392,1451,132,2,14673.24,89
4393,1451,88,1,7189.72,31
4394,1451,128,3,5319.49,91
4395,1452,64,1,93117.18,99
4396,1452,22,2,16162.22,64
4397,1453,26,4,22441.58,42
4398,1454,179,4,2528.54,32
4399,1455,161,2,3019.49,0
4400,1455,160,1,14389.43,44
4401,1455,50,5,3979.14,29
4402,1455,124,4,2030.13,58
4403,1456,192,3,7461.34,50
4404,1456,99,5,8134.79,12
4405,1456,25,5,3779.14,68
4406,1456,108,2,3065.18,16
4407,1457,144,1,382.9,83
4408,1458,29,5,4216.76,11
4409,1458,37,4,3250.66,87
4410,1459,7,4,1545.0,38
4411,1460,137,5,14060.07,5
4412,1460,47,2,497.81,74
4413,1460,43,5,98247.37,27
4414,1460,104,1,3389.18,100
4415,1461,30,3,1221.85,31
4416,1462,179,3,2528.54,8
4417,1462,118,5,2637.64,49
4418,1462,114,4,12262.14,20
4419,1462,85,2,2290.94,72
4420,1462,12,1,37578.36,25
4421,1463,186,4,4929.38,62
4422,1464,148,5,3368.6,7
4423,1465,118,4,2637.64,71
4424,1465,13,3,1849.34,53
4425,1465,28,4,702.92,58
4426,1466,111,4,7723.9,29
4427,1467,133,2,4126.14,10
4428,1467,88,5,7189.72,65
4429,1467,105,4,2738.82,46
4430,1467,7,3,1545.0,7
4431,1468,2,5,59090.87,36
4432,1468,196,3,2283.28,38
4433,1468,127,1,1797.09,56
4434,1469,147,4,772.56,25
4435,1469,151,3,92003.66,77
4436,1469,116,2,3192.27,91
4437,1469,179,2,2528.54,72
4438,1470,31,3,1292.25,1
4439,1470,161,3,3019.49,82
4440,1470,67,5,94052.48,48
4441,1470,25,2,3779.14,58
4442,1471,189,2,2811.23,21
4443,1471,31,4,1292.25,17
4444,1472,45,1,9220.4,11
4445,1472,164,3,2495.26,18
4446,1472,168,3,2536.06,27
4447,1472,64,4,93117.18,85
4448,1473,127,3,1797.09,83
4449,1473,148,5,3368.6,89
4450,1474,136,3,2848.35,86
4451,1474,64,2,93117.18,12
4452,1474,56,5,23622.11,65
4453,1475,188,5,41686.05,94
4454,1476,127,5,1797.09,87
4455,1476,46,5,6493.42,12
4456,1476,64,5,93117.18,52
4457,1476,101,2,24788.51,81
4458,1477,10,3,3469.21,91
4459,1477,16,1,1945.54,84
4460,1478,88,5,7189.72,87
4461,1478,110,4,797.25,33
4462,1478,72,-2,199.64,25
4463,1478,20,-5,1317.81,43
4464,1478,56,2,23622.11,17
4465,1479,6,4,63491.13,23
4466,1479,188,3,41686.05,85
4467,1479,138,1,3632.53,46
4468,1480,31,2,1292.25,28
4469,1480,144,2,382.9,33
4470,1480,189,2,2811.23,4
4471,1480,94,2,2140.24,9
4472,1480,44,1,70908.36,90
4473,1481,41,5,79285.87,63
4474,1481,150,4,22291.25,3
4475,1481,164,3,2495.26,92
4476,1482,185,3,1085.28,59
4477,1482,143,4,7284.34,88
4478,1482,14,5,42582.22,86
4479,1483,27,4,3860.01,42
4480,1483,133,4,4126.14,51
4481,1483,179,5,2528.54,91
4482,1484,27,3,3860.01,25
4483,1484,169,3,7775.36,30
4484,1484,127,4,1797.09,47
4485,1485,32,4,3754.44,34
4486,1485,80,4,274.27,49
4487,1485,180,5,308.9,99
4488,1485,51,5,3521.45,48
4489,1485,20,1,1317.81,55
4490,1486,146,3,1205.79,16
4491,1486,23,1,317.81,22
4492,1487,96,3,26794.28,47
4493,1487,3,1,52845.51,68
4494,1487,103,1,1452.77,73
4495,1488,177,5,3546.32,39
4496,1488,14,5,42582.22,11
4497,1488,42,3,15510.68,23
4498,1489,48,5,17690.82,18
4499,1489,62,3,4101.85,100
4500,1489,170,3,13731.85,73
4501,1489,114,4,12262.14,50
4502,1490,197,4,964.09,23
4503,1490,39,1,534.57,30
4504,1490,160,1,14389.43,58
4505,1491,191,2,1754.06,30
4506,1491,65,3,8962.94,99
4507,1491,107,5,5474.76,15
4508,1492,189,2,2811.23,49
4509,1492,134,1,389.01,36
4510,1492,94,1,2140.24,85
4511,1493,151,5,92003.66,74
4512,1493,3,2,52845.51,31
4513,1493,16,2,1945.54,53
4514,1494,7,-3,1545.0,99
4515,1495,78,3,40123.29,27
4516,1495,39,1,534.57,57
4517,1495,175,5,1171.69,52
4518,1496,83,4,18455.42,28
4519,1496,17,1,4055.38,87
4520,1497,6,1,63491.13,68
4521,1498,123,4,2794.3,67
4522,1499,100,2,2050.98,18
4523,1499,123,1,2794.3,10
4524,1499,196,3,2283.28,93
4525,1500,104,4,3389.18,11
4526,1500,197,5,964.09,35
4527,1500,57,3,2504.37,20
4528,1500,174,2,7801.61,46
4529,1500,7,3,1545.0,94
4530,1501,60,4,1918.94,64
4531,1501,5,4,1198.16,33
4532,1502,80,4,274.27,6
4533,1502,154,1,1413.98,63
4534,1502,8,2,4278.68,82
4535,1503,45,1,9220.4,88
4536,1503,51,5,3521.45,52
4537,1504,74,2,245.13,28
4538,1504,179,4,2528.54,59
4539,1504,8,4,4278.68,16
4540,1505,125,-4,800.11,51
4541,1505,116,3,3192.27,52
4542,1505,172,2,16100.85,24
4543,1505,40,4,6624.33,0
4544,1505,105,1,2738.82,35
4545,1506,24,1,2479.74,97
4546,1507,16,2,1945.54,56
4547,1507,95,5,29603.95,8
4548,1507,121,1,1118.51,47
4549,1508,82,5,2740.6,84
4550,1508,68,1,1575.64,4
4551,1508,102,1,68170.84,19
4552,1509,151,2,92003.66,93
4553,1509,42,2,15510.68,8
4554,1509,16,3,1945.54,23
4555,1509,63,3,430.09,59
4556,1510,38,1,2266.82,54
4557,1510,69,-1,6749.31,77
4558,1511,182,2,29049.69,73
4559,1511,91,1,4806.55,98
4560,1511,107,2,5474.76,97
4561,1512,30,5,1221.85,80
4562,1512,165,1,2338.31,63
4563,1512,71,2,1994.84,4
4564,1512,40,-2,6624.33,15
4565,1513,15,4,17548.6,79
4566,1513,83,3,18455.42,44
4567,1514,34,5,3262.67,99
4568,1514,109,4,3878.01,22
4569,1515,196,5,2283.28,82
4570,1516,167,5,693.18,92
4571,1516,131,4,14500.41,100
4572,1517,65,3,8962.94,16
4573,1517,154,3,1413.98,78
4574,1518,59,2,1243.65,30
4575,1518,140,2,3878.75,21
4576,1518,137,2,14060.07,81
4577,1519,94,2,2140.24,89
4578,1519,60,5,1918.94,24
4579,1519,6,5,63491.13,77
4580,1519,110,5,797.25,22
4581,1520,167,3,693.18,46
4582,1521,27,2,3860.01,100
4583,1521,143,3,7284.34,28
4584,1521,193,2,1383.66,29
4585,1521,38,4,2266.82,54
4586,1522,159,5,314.46,44
4587,1523,163,4,33147.7,50
4588,1524,116,1,3192.27,70
4589,1525,76,1,19136.21,65
4590,1525,105,2,2738.82,49
4591,1525,79,5,3269.81,63
4592,1525,36,1,14186.62,97
4593,1526,37,2,3250.66,25
4594,1526,25,4,3779.14,4
4595,1526,136,1,2848.35,1
4596,1526,68,4,1575.64,15
4597,1526,118,2,2637.64,50
4598,1527,104,3,3389.18,82
4599,1528,147,2,772.56,71
4600,1528,32,5,3754.44,80
4601,1528,171,2,5623.35,90
4602,1528,103,1,1452.77,63
4603,1528,118,4,2637.64,90
4604,1529,7,5,1545.0,33
4605,1529,199,4,702.8,61
4606,1529,52,2,3961.79,41
4607,1530,193,3,1383.66,16
4608,1530,6,2,63491.13,26
4609,1530,180,2,308.9,88
4610,1530,39,2,534.57,18
4611,1531,147,5,772.56,2
4612,1531,127,1,1797.09,96
4613,1532,165,3,2338.31,32
4614,1532,157,2,3574.22,44
4615,1532,143,5,7284.34,85
4616,1532,46,-5,6493.42,19
4617,1532,15,2,17548.6,22
4618,1533,125,4,800.11,7
4619,1533,90,4,17430.69,23
4620,1533,159,5,314.46,43
4621,1534,195,-3,7327.29,83
4622,1534,40,1,6624.33,49
4623,1535,32,4,3754.44,31
4624,1535,18,1,3084.08,82
4625,1536,119,5,35613.06,7
4626,1537,126,4,52173.6,87
4627,1537,75,4,1758.88,35
4628,1537,79,1,3269.81,30
4629,1538,107,4,5474.76,85
4630,1539,23,2,317.81,71
4631,1539,41,3,79285.87,98
4632,1539,107,1,5474.76,83
4633,1540,10,3,3469.21,19
4634,1540,161,1,3019.49,84
4635,1540,73,1,7599.51,28
4636,1540,29,4,4216.76,22
4637,1540,187,4,15169.68,84
4638,1541,181,5,3357.0,100
4639,1542,91,4,4806.55,29
4640,1542,28,5,702.92,92
4641,1542,130,4,530.75,84
4642,1543,61,4,27642.73,8
4643,1543,84,3,529.09,93
4644,1543,143,3,7284.34,60
4645,1544,160,3,14389.43,40
4646,1545,91,5,4806.55,9
4647,1545,151,2,92003.66,80
4648,1545,19,1,8561.48,47
4649,1546,108,4,3065.18,92
4650,1547,133,1,4126.14,9
4651,1547,79,5,3269.81,98
4652,1547,125,3,800.11,42
4653,1548,117,3,1769.76,2
4654,1548,185,5,1085.28,85
4655,1548,98,1,1260.01,73
4656,1548,21,4,4861.87,75
4657,1549,31,5,1292.25,41
4658,1549,57,4,2504.37,70
4659,1550,104,3,3389.18,23
4660,1550,155,1,896.22,61
4661,1550,30,1,1221.85,17
4662,1550,81,1,641.3,32
4663,1551,63,4,430.09,20
4664,1551,150,1,22291.25,9
4665,1552,90,4,17430.69,12
4666,1552,86,2,29410.8,93
4667,1552,12,1,37578.36,19
4668,1552,185,3,1085.28,9
4669,1552,51,2,3521.45,73
4670,1553,188,4,41686.05,79
4671,1553,196,4,2283.28,59
4672,1554,22,5,16162.22,82
4673,1554,15,4,17548.6,51
4674,1554,67,1,94052.48,72
4675,1554,44,5,70908.36,60
4676,1554,14,2,42582.22,9
4677,1555,194,4,464.22,62
4678,1555,154,4,1413.98,29
4679,1556,21,5,4861.87,98
4680,1557,45,2,9220.4,56
4681,1557,35,4,3131.28,86
4682,1558,151,4,92003.66,43
4683,1559,125,5,800.11,68
4684,1559,106,5,484.23,60
4685,1559,195,5,7327.29,53
4686,1559,143,3,7284.34,30
4687,1559,140,2,3878.75,80
4688,1560,131,3,14500.41,25
4689,1560,147,1,772.56,77
4690,1560,38,1,2266.82,80
4691,1560,5,4,1198.16,42
4692,1560,15,3,17548.6,24
4693,1561,69,5,6749.31,86
4694,1562,46,3,6493.42,23
4695,1562,121,2,1118.51,15
4696,1562,26,2,22441.58,5
4697,1562,85,2,2290.94,15
4698,1562,139,5,7772.31,8
4699,1563,22,1,16162.22,99
4700,1563,101,3,24788.51,62
4701,1563,36,4,14186.62,34
4702,1564,14,5,42582.22,81
4703,1564,17,4,4055.38,36
4704,1564,122,4,2349.23,0
4705,1565,6,1,63491.13,17
4706,1566,146,5,1205.79,59
4707,1566,20,4,1317.81,39
4708,1566,118,3,2637.64,69
4709,1566,56,4,23622.11,63
4710,1567,83,3,18455.42,73
4711,1567,149,-4,3551.09,75
4712,1567,24,4,2479.74,39
4713,1567,169,1,7775.36,53
4714,1568,191,4,1754.06,44
4715,1568,141,4,10789.69,88
4716,1569,137,3,14060.07,42
4717,1570,61,1,27642.73,52
4718,1571,31,3,1292.25,40
4719,1571,12,2,37578.36,60
4720,1572,58,1,2469.9,75
4721,1572,66,4,6345.81,34
4722,1573,109,4,3878.01,78
4723,1573,168,2,2536.06,59
4724,1573,46,4,6493.42,10
4725,1573,31,1,1292.25,81
4726,1573,160,5,14389.43,83
4727,1574,36,2,14186.62,72
4728,1574,160,4,14389.43,28
4729,1574,163,3,33147.7,26
4730,1575,134,3,389.01,75
4731,1576,41,1,79285.87,22
4732,1576,114,3,12262.14,44
4733,1576,168,1,2536.06,20
4734,1576,81,-5,641.3,20
4735,1577,116,4,3192.27,86
4736,1577,59,2,1243.65,54
4737,1577,61,3,27642.73,30
4738,1577,192,1,7461.34,40
4739,1578,153,3,98307.89,67
4740,1578,117,5,1769.76,71
4741,1578,22,5,16162.22,97
4742,1578,69,3,6749.31,78
4743,1578,25,4,3779.14,44
4744,1579,56,4,23622.11,84
4745,1579,104,4,3389.18,31
4746,1579,190,-3,1227.09,42
4747,1580,147,3,772.56,95
4748,1580,194,2,464.22,39
4749,1580,86,3,29410.8,100
4750,1581,142,3,11700.98,78
4751,1582,56,4,23622.11,72
4752,1583,74,5,245.13,31
4753,1583,112,5,5163.37,31
4754,1583,115,3,729.43,35
4755,1583,69,5,6749.31,57
4756,1583,172,-3,16100.85,28
4757,1584,172,3,16100.85,52
4758,1584,83,3,18455.42,2
4759,1584,15,5,17548.6,97
4760,1584,180,5,308.9,21
4761,1584,122,2,2349.23,28
4762,1585,154,5,1413.98,42
4763,1586,47,4,497.81,16
4764,1586,20,5,1317.81,92
4765,1586,174,4,7801.61,92
4766,1586,164,2,2495.26,73
4767,1586,27,5,3860.01,82
4768,1587,50,5,3979.14,34
4769,1587,152,1,9297.38,31
4770,1587,130,2,530.75,13
4771,1587,137,1,14060.07,97
4772,1587,136,5,2848.35,57
4773,1588,148,1,3368.6,88
4774,1588,179,2,2528.54,14
4775,1589,170,1,13731.85,61
4776,1589,50,3,3979.14,38
4777,1589,73,5,7599.51,44
4778,1589,193,2,1383.66,36
4779,1590,30,3,1221.85,43
4780,1590,111,4,7723.9,74
4781,1590,38,2,2266.82,99
4782,1590,125,2,800.11,4
4783,1591,147,1,772.56,5
4784,1591,135,3,802.55,35
4785,1592,32,4,3754.44,38
4786,1592,151,4,92003.66,8
4787,1592,179,2,2528.54,92
4788,1592,94,-5,2140.24,28
4789,1592,22,5,16162.22,6
4790,1593,185,2,1085.28,94
4791,1594,153,1,98307.89,17
4792,1594,90,1,17430.69,26
4793,1594,65,4,8962.94,42
4794,1595,100,3,2050.98,67
4795,1595,19,5,8561.48,50
4796,1595,170,-2,13731.85,42
4797,1595,94,5,2140.24,43
4798,1596,61,1,27642.73,71
4799,1596,66,4,6345.81,10
4800,1596,84,5,529.09,78
4801,1596,162,2,91765.85,8
4802,1597,126,3,52173.6,70
4803,1597,149,3,3551.09,24
4804,1597,168,3,2536.06,89
4805,1598,18,4,3084.08,49
4806,1598,111,2,7723.9,10
4807,1598,17,1,4055.38,28
4808,1599,110,5,797.25,47
4809,1599,174,1,7801.61,26
4810,1599,146,3,1205.79,23
4811,1599,43,2,98247.37,52
4812,1599,106,2,484.23,85
4813,1600,125,1,800.11,31
4814,1600,49,-2,2142.2,39
4815,1601,74,3,245.13,23
4816,1601,43,3,98247.37,52
4817,1601,84,2,529.09,83
4818,1601,135,1,802.55,2
4819,1602,49,2,2142.2,84
4820,1602,80,4,274.27,91
4821,1602,134,5,389.01,53
4822,1603,74,4,245.13,100
4823,1603,165,5,2338.31,3
4824,1603,48,1,17690.82,70
4825,1603,174,3,7801.61,90
4826,1603,32,2,3754.44,72
4827,1604,186,4,4929.38,96
4828,1604,197,5,964.09,6
4829,1604,35,2,3131.28,83
4830,1605,50,4,3979.14,56
4831,1606,30,1,1221.85,59
4832,1606,49,3,2142.2,24
4833,1606,93,1,1383.07,38
4834,1607,173,3,14158.62,7
4835,1607,75,2,1758.88,29
4836,1608,186,3,4929.38,6
4837,1608,69,2,6749.31,20
4838,1608,65,5,8962.94,78
4839,1608,194,-3,464.22,54
4840,1608,95,4,29603.95,43
4841,1609,117,4,1769.76,96
4842,1609,116,3,3192.27,93
4843,1610,1,2,253.9,25
4844,1610,161,2,3019.49,66
4845,1611,180,-5,308.9,29
4846,1611,57,1,2504.37,17
4847,1612,73,2,7599.51,42
4848,1613,11,5,763.98,13
4849,1613,145,2,3116.82,26
4850,1613,187,1,15169.68,29
4851,1613,87,1,68101.36,28
4852,1614,58,3,2469.9,52
4853,1614,86,4,29410.8,56
4854,1615,25,1,3779.14,85
4855,1616,80,4,274.27,46
4856,1616,75,1,1758.88,56
4857,1616,100,4,2050.98,18
4858,1616,50,4,3979.14,78
4859,1617,2,3,59090.87,96
4860,1617,23,3,317.81,31
4861,1617,34,1,3262.67,22
4862,1617,75,3,1758.88,82
4863,1617,111,3,7723.9,26
4864,1618,26,1,22441.58,22
4865,1619,7,5,1545.0,71
4866,1619,125,3,800.11,62
4867,1620,146,2,1205.79,3
4868,1620,133,2,4126.14,34
4869,1621,3,1,52845.51,16
4870,1621,49,5,2142.2,37
4871,1622,114,1,12262.14,74
4872,1622,63,1,430.09,11
4873,1622,162,4,91765.85,91
4874,1622,25,2,3779.14,20
4875,1623,88,3,7189.72,6
4876,1623,177,3,3546.32,7
4877,1624,118,4,2637.64,33
4878,1624,50,5,3979.14,59
4879,1624,175,1,1171.69,60
4880,1624,156,4,3615.3,41
4881,1625,142,4,11700.98,13
4882,1625,37,5,3250.66,100
4883,1625,35,5,3131.28,23
4884,1626,20,1,1317.81,49
4885,1626,123,3,2794.3,81
4886,1626,21,5,4861.87,29
4887,1627,164,4,2495.26,19
4888,1627,125,4,800.11,80
4889,1627,101,2,24788.51,43
4890,1627,189,5,2811.23,8
4891,1627,77,2,1679.18,19
4892,1628,169,5,7775.36,5
4893,1628,147,5,772.56,100
4894,1628,99,3,8134.79,49
4895,1629,34,5,3262.67,36
4896,1629,74,3,245.13,64
4897,1629,156,2,3615.3,31
4898,1629,101,4,24788.51,31
4899,1630,110,4,797.25,73
4900,1630,98,1,1260.01,23
4901,1631,32,2,3754.44,10
4902,1632,200,1,3212.97,15
4903,1633,159,4,314.46,65
4904,1633,52,1,3961.79,30
4905,1633,4,3,18013.15,88
4906,1633,91,5,4806.55,53
4907,1633,147,5,772.56,6
4908,1634,66,4,6345.81,6
4909,1635,165,3,2338.31,88
4910,1635,15,1,17548.6,80
4911,1635,46,2,6493.42,76
4912,1635,69,2,6749.31,45
4913,1636,44,5,70908.36,79
4914,1637,162,3,91765.85,88
4915,1637,25,3,3779.14,22
4916,1637,39,5,534.57,40
4917,1637,30,1,1221.85,63
4918,1637,44,1,70908.36,22
4919,1638,67,2,94052.48,63
4920,1638,48,4,17690.82,95
4921,1639,33,2,835.93,28
4922,1639,6,5,63491.13,58
4923,1639,34,2,3262.67,20
4924,1640,129,3,4097.17,37
4925,1641,144,2,382.9,14
4926,1641,198,4,2694.15,22
4927,1642,92,3,12217.22,87
4928,1642,159,3,314.46,75
4929,1642,166,4,2666.16,24
4930,1642,82,2,2740.6,94
4931,1643,166,5,2666.16,25
4932,1644,178,3,485.22,37
4933,1644,95,3,29603.95,56
4934,1645,154,3,1413.98,64
4935,1646,33,4,835.93,65
4936,1646,90,5,17430.69,74
4937,1646,165,3,2338.31,1
4938,1646,93,3,1383.07,59
4939,1646,179,1,2528.54,21
4940,1647,167,3,693.18,78
4941,1648,148,5,3368.6,87
4942,1648,20,3,1317.81,9
4943,1648,134,5,389.01,98
4944,1648,91,3,4806.55,24
4945,1649,22,4,16162.22,32
4946,1649,19,5,8561.48,89
4947,1649,179,2,2528.54,50
4948,1649,195,4,7327.29,81
4949,1650,163,2,33147.7,76
4950,1650,59,3,1243.65,53
4951,1651,47,3,497.81,23
4952,1651,22,4,16162.22,63
4953,1652,21,3,4861.87,21
4954,1652,86,2,29410.8,45
4955,1652,29,5,4216.76,19
4956,1652,103,1,1452.77,53
4957,1653,87,4,68101.36,44
4958,1654,104,1,3389.18,18
4959,1654,139,5,7772.31,17
4960,1654,102,1,68170.84,83
4961,1654,90,3,17430.69,73
4962,1654,187,2,15169.68,19
4963,1655,22,3,16162.22,14
4964,1655,179,1,2528.54,41
4965,1655,56,4,23622.11,27
4966,1655,104,1,3389.18,19
4967,1655,110,5,797.25,40
4968,1656,168,5,2536.06,51
4969,1656,126,2,52173.6,55
4970,1656,61,2,27642.73,59
4971,1657,3,4,52845.51,22
4972,1657,50,5,3979.14,92
4973,1658,15,2,17548.6,5
4974,1658,62,4,4101.85,48
4975,1658,192,1,7461.34,42
4976,1659,6,5,63491.13,65
4977,1659,72,1,199.64,82
4978,1659,23,5,317.81,43
4979,1660,11,2,763.98,26
4980,1661,122,2,2349.23,83
4981,1662,163,1,33147.7,5
4982,1662,139,3,7772.31,73
4983,1662,97,5,4030.37,28
4984,1662,110,2,797.25,8
4985,1662,99,1,8134.79,22
4986,1663,187,1,15169.68,22
4987,1663,152,1,9297.38,47
4988,1664,86,5,29410.8,84
4989,1664,8,1,4278.68,91
4990,1664,19,3,8561.48,68
4991,1665,14,-4,42582.22,69
4992,1665,26,4,22441.58,68
4993,1666,135,4,802.55,38
4994,1666,134,1,389.01,13
4995,1666,10,5,3469.21,14
4996,1666,21,5,4861.87,41
4997,1667,197,5,964.09,68
4998,1667,48,1,17690.82,49
4999,1667,8,3,4278.68,39
5000,1668,12,1,37578.36,5
5001,1668,130,4,530.75,22
5002,1669,50,5,3979.14,63
5003,1669,33,4,835.93,81
5004,1669,65,5,8962.94,61
5005,1669,180,2,308.9,40
5006,1669,19,5,8561.48,41
5007,1670,36,4,14186.62,36
5008,1670,110,4,797.25,95
5009,1670,135,3,802.55,99
5010,1670,74,1,245.13,76
5011,1671,29,2,4216.76,27
5012,1671,152,3,9297.38,84
5013,1671,150,2,22291.25,14
5014,1671,13,5,1849.34,18
5015,1672,156,2,3615.3,22
5016,1672,100,-1,2050.98,24
5017,1672,38,2,2266.82,2
5018,1672,137,3,14060.07,88
5019,1673,165,1,2338.31,36
5020,1674,84,5,529.09,32
5021,1674,121,5,1118.51,27
5022,1675,55,3,1885.07,93
5023,1676,34,5,3262.67,72
5024,1676,101,1,24788.51,11
5025,1676,150,4,22291.25,78
5026,1676,195,4,7327.29,19
5027,1677,60,5,1918.94,78
5028,1677,75,5,1758.88,78
5029,1677,113,3,3469.53,73
5030,1677,120,5,67415.8,12
5031,1678,47,5,497.81,89
5032,1678,99,2,8134.79,14
5033,1679,174,1,7801.61,7
5034,1679,36,2,14186.62,55
5035,1679,167,4,693.18,52
5036,1679,34,1,3262.67,94
5037,1679,64,2,93117.18,90
5038,1680,41,1,79285.87,0
5039,1681,177,2,3546.32,95
5040,1681,171,2,5623.35,69
5041,1681,193,3,1383.66,24
5042,1682,124,4,2030.13,24
5043,1682,198,1,2694.15,0
5044,1682,194,3,464.22,80
5045,1682,74,1,245.13,41
5046,1682,17,2,4055.38,34
5047,1683,80,5,274.27,30
5048,1683,56,5,23622.11,90
5049,1684,197,3,964.09,70
5050,1685,94,4,2140.24,78
5051,1685,158,2,1554.87,84
5052,1686,67,5,94052.48,7
5053,1686,13,1,1849.34,57
5054,1686,68,4,1575.64,68
5055,1686,169,4,7775.36,20
5056,1686,175,4,1171.69,96
5057,1687,15,2,17548.6,29
5058,1687,113,2,3469.53,71
5059,1687,191,2,1754.06,64
5060,1687,140,5,3878.75,49
5061,1688,145,2,3116.82,61
5062,1688,68,4,1575.64,95
5063,1689,193,5,1383.66,43
5064,1690,16,5,1945.54,96
5065,1691,36,2,14186.62,50
5066,1691,124,4,2030.13,13
5067,1691,51,2,3521.45,55
5068,1691,193,5,1383.66,39
5069,1692,168,1,2536.06,9
5070,1693,180,2,308.9,84
5071,1693,75,5,1758.88,20
5072,1694,81,2,641.3,91
5073,1694,8,5,4278.68,19
5074,1695,36,5,14186.62,65
5075,1696,19,3,8561.48,23
5076,1696,1,4,253.9,94
5077,1697,90,1,17430.69,67
5078,1697,92,4,12217.22,41
5079,1697,177,1,3546.32,51
5080,1697,174,-4,7801.61,63
5081,1697,172,4,16100.85,12
5082,1698,45,4,9220.4,96
5083,1699,76,5,19136.21,21
5084,1699,145,1,3116.82,81
5085,1699,64,5,93117.18,66
5086,1700,176,3,59597.44,31
5087,1701,96,5,26794.28,16
5088,1702,39,5,534.57,56
5089,1702,69,4,6749.31,14
5090,1702,87,4,68101.36,64
5091,1702,56,1,23622.11,45
5092,1703,111,4,7723.9,74
5093,1703,194,5,464.22,82
5094,1703,21,2,4861.87,69
5095,1703,57,3,2504.37,44
5096,1703,193,4,1383.66,22
5097,1704,9,2,26698.69,89
5098,1705,125,4,800.11,47
5099,1705,116,4,3192.27,68
5100,1705,188,4,41686.05,97
5101,1705,44,2,70908.36,78
5102,1706,73,5,7599.51,12
5103,1706,143,2,7284.34,41
5104,1706,103,4,1452.77,26
5105,1707,134,5,389.01,64
5106,1707,159,5,314.46,72
5107,1707,195,2,7327.29,43
5108,1708,133,2,4126.14,77
5109,1708,39,3,534.57,85
5110,1708,94,4,2140.24,80
5111,1709,76,4,19136.21,94
5112,1710,7,2,1545.0,74
5113,1710,34,5,3262.67,2
5114,1710,150,4,22291.25,34
5115,1711,85,2,2290.94,97
5116,1711,60,5,1918.94,52
5117,1711,5,4,1198.16,75
5118,1711,123,3,2794.3,8
5119,1712,78,5,40123.29,79
5120,1712,169,4,7775.36,62
5121,1712,15,1,17548.6,71
5122,1712,94,1,2140.24,70
5123,1713,180,4,308.9,39
5124,1713,157,4,3574.22,32
5125,1713,75,5,1758.88,45
5126,1713,73,5,7599.51,73
5127,1713,54,3,4173.59,51
5128,1714,21,1,4861.87,65
5129,1714,145,2,3116.82,77
5130,1714,48,5,17690.82,38
5131,1715,126,4,52173.6,59
5132,1716,153,3,98307.89,58
5133,1716,131,5,14500.41,80
5134,1717,8,2,4278.68,51
5135,1717,186,5,4929.38,68
5136,1717,167,5,693.18,13
5137,1718,79,3,3269.81,99
5138,1718,115,5,729.43,68
5139,1718,11,1,763.98,33
5140,1718,130,3,530.75,40
5141,1719,100,5,2050.98,21
5142,1720,65,4,8962.94,1
5143,1720,37,3,3250.66,21
5144,1720,27,1,3860.01,4
5145,1720,96,2,26794.28,51
5146,1720,133,2,4126.14,58
5147,1721,143,4,7284.34,51
5148,1722,29,5,4216.76,77
5149,1722,144,1,382.9,2
5150,1722,178,5,485.22,22
5151,1723,176,5,59597.44,32
5152,1723,106,3,484.23,66
5153,1723,74,1,245.13,98
5154,1724,131,1,14500.41,71
5155,1724,132,5,14673.24,73
5156,1725,169,2,7775.36,85
5157,1725,135,1,802.55,42
5158,1725,171,4,5623.35,39
5159,1725,46,5,6493.42,70
5160,1725,42,2,15510.68,79
5161,1726,162,-4,91765.85,33
5162,1726,4,1,18013.15,70
5163,1726,108,-3,3065.18,53
5164,1726,18,2,3084.08,1
5165,1726,107,2,5474.76,57
5166,1727,90,1,17430.69,6
5167,1727,105,1,2738.82,27
5168,1727,108,1,3065.18,86
5169,1728,143,4,7284.34,97
5170,1728,20,4,1317.81,13
5171,1728,161,5,3019.49,99
5172,1729,182,3,29049.69,82
5173,1729,55,2,1885.07,2
5174,1729,116,3,3192.27,49
5175,1729,157,3,3574.22,12
5176,1729,134,5,389.01,33
5177,1730,80,2,274.27,56
5178,1730,72,5,199.64,85
5179,1730,124,3,2030.13,55
5180,1730,182,4,29049.69,72
5181,1730,165,1,2338.31,64
5182,1731,120,1,67415.8,83
5183,1731,169,1,7775.36,67
5184,1731,150,4,22291.25,20
5185,1731,119,4,35613.06,82
5186,1732,157,1,3574.22,14
5187,1733,79,4,3269.81,47
5188,1733,156,1,3615.3,6
5189,1734,175,3,1171.69,37
5190,1734,61,3,27642.73,32
5191,1735,166,-5,2666.16,76
5192,1735,155,1,896.22,50
5193,1736,115,3,729.43,85
5194,1736,141,3,10789.69,54
5195,1736,27,5,3860.01,51
5196,1736,99,3,8134.79,21
5197,1737,155,1,896.22,48
5198,1737,9,2,26698.69,100
5199,1737,148,2,3368.6,14
5200,1738,163,3,33147.7,78
5201,1738,84,5,529.09,55
5202,1738,153,4,98307.89,17
5203,1739,173,4,14158.62,98
5204,1739,94,2,2140.24,23
5205,1739,122,2,2349.23,15
5206,1740,186,1,4929.38,42
5207,1740,48,2,17690.82,27
5208,1740,99,3,8134.79,56
5209,1740,25,1,3779.14,33
5210,1740,65,4,8962.94,39
5211,1741,44,4,70908.36,38
5212,1741,135,5,802.55,36
5213,1741,76,3,19136.21,47
5214,1741,125,5,800.11,28
5215,1742,188,4,41686.05,41
5216,1742,158,2,1554.87,12
5217,1742,16,2,1945.54,68
5218,1742,71,2,1994.84,40
5219,1742,107,1,5474.76,62
5220,1743,109,2,3878.01,36
5221,1744,150,3,22291.25,27
5222,1744,135,1,802.55,21
5223,1744,86,5,29410.8,7
5224,1745,28,2,702.92,50
5225,1746,52,2,3961.79,11
5226,1746,88,1,7189.72,91
5227,1747,177,2,3546.32,99
5228,1747,56,2,23622.11,81
5229,1747,195,4,7327.29,63
5230,1747,35,2,3131.28,54
5231,1748,10,5,3469.21,82
5232,1748,16,-5,1945.54,93
5233,1748,136,2,2848.35,79
5234,1749,57,5,2504.37,41
5235,1749,120,3,67415.8,70
5236,1749,87,3,68101.36,21
5237,1750,33,5,835.93,85
5238,1750,143,3,7284.34,21
5239,1751,5,2,1198.16,91
5240,1751,65,3,8962.94,12
5241,1751,69,4,6749.31,14
5242,1752,174,3,7801.61,62
5243,1752,71,3,1994.84,78
5244,1752,128,1,5319.49,57
5245,1752,82,1,2740.6,7
5246,1752,147,3,772.56,6
5247,1753,148,1,3368.6,46
5248,1753,4,3,18013.15,76
5249,1753,126,1,52173.6,33
5250,1753,86,4,29410.8,58
5251,1753,22,3,16162.22,34
5252,1754,133,2,4126.14,97
5253,1754,43,3,98247.37,81
5254,1754,158,2,1554.87,45
5255,1754,125,2,800.11,38
5256,1755,135,5,802.55,93
5257,1755,80,3,274.27,14
5258,1755,163,4,33147.7,15
5259,1755,24,3,2479.74,74
5260,1756,151,5,92003.66,58
5261,1756,105,2,2738.82,33
5262,1756,89,3,18350.3,77
5263,1757,6,1,63491.13,42
5264,1757,3,2,52845.51,62
5265,1758,69,5,6749.31,3
5266,1758,165,2,2338.31,24
5267,1758,40,1,6624.33,67
5268,1758,72,2,199.64,53
5269,1758,121,1,1118.51,100
5270,1759,102,2,68170.84,30
5271,1760,25,5,3779.14,23
5272,1760,144,4,382.9,4
5273,1760,78,5,40123.29,60
5274,1760,125,5,800.11,68
5275,1760,44,2,70908.36,71
5276,1761,63,3,430.09,22
5277,1762,152,5,9297.38,60
5278,1762,6,2,63491.13,1
5279,1762,188,3,41686.05,71
5280,1762,52,4,3961.79,23
5281,1763,45,1,9220.4,40
5282,1763,109,2,3878.01,15
5283,1763,163,4,33147.7,88
5284,1764,30,4,1221.85,41
5285,1764,174,2,7801.61,41
5286,1764,19,2,8561.48,61
5287,1765,58,1,2469.9,12
5288,1765,177,5,3546.32,72
5289,1765,2,1,59090.87,45
5290,1765,52,4,3961.79,87
5291,1765,50,4,3979.14,24
5292,1766,159,3,314.46,48
5293,1766,163,4,33147.7,11
5294,1766,143,4,7284.34,56
5295,1767,47,2,497.81,75
5296,1767,119,4,35613.06,75
5297,1767,74,1,245.13,39
5298,1767,19,2,8561.48,26
5299,1768,40,2,6624.33,75
5300,1768,135,5,802.55,73
5301,1768,159,3,314.46,48
5302,1768,61,4,27642.73,33
5303,1769,125,1,800.11,78
5304,1769,106,5,484.23,73
5305,1769,185,5,1085.28,3
5306,1770,187,1,15169.68,6
5307,1771,78,5,40123.29,70
5308,1771,61,3,27642.73,61
5309,1771,51,2,3521.45,73
5310,1771,136,1,2848.35,68
5311,1771,199,2,702.8,87
5312,1772,110,2,797.25,12
5313,1772,30,1,1221.85,69
5314,1772,145,5,3116.82,52
5315,1773,80,3,274.27,36
5316,1773,121,2,1118.51,83
5317,1773,105,3,2738.82,49
5318,1773,16,3,1945.54,94
5319,1773,109,5,3878.01,99
5320,1774,72,3,199.64,79
5321,1774,133,5,4126.14,92
5322,1774,92,4,12217.22,74
5323,1774,15,3,17548.6,56
5324,1774,42,2,15510.68,71
5325,1775,88,4,7189.72,42
5326,1775,194,5,464.22,44
5327,1775,7,5,1545.0,16
5328,1776,54,1,4173.59,75
5329,1776,101,1,24788.51,22
5330,1776,111,2,7723.9,9
5331,1776,105,4,2738.82,95
5332,1776,90,5,17430.69,59
5333,1777,52,5,3961.79,84
5334,1777,12,1,37578.36,17
5335,1777,25,3,3779.14,67
5336,1777,189,5,2811.23,24
5337,1777,182,5,29049.69,57
5338,1778,24,4,2479.74,1
5339,1779,164,5,2495.26,67
5340,1779,2,3,59090.87,33
5341,1779,51,3,3521.45,12
5342,1780,197,2,964.09,54
5343,1780,114,4,12262.14,97
5344,1780,66,2,6345.81,66
5345,1781,137,5,14060.07,13
5346,1781,10,1,3469.21,23
5347,1781,46,2,6493.42,81
5348,1781,186,1,4929.38,26
5349,1782,178,5,485.22,43
5350,1782,64,4,93117.18,68
5351,1782,20,1,1317.81,99
5352,1782,104,1,3389.18,73
5353,1782,23,2,317.81,78
5354,1783,188,5,41686.05,10
5355,1783,132,3,14673.24,43
5356,1783,149,5,3551.09,1
5357,1783,129,1,4097.17,94
5358,1784,127,5,1797.09,80
5359,1784,133,2,4126.14,13
5360,1784,97,4,4030.37,59
5361,1784,6,5,63491.13,6
5362,1784,121,3,1118.51,40
5363,1785,128,5,5319.49,54
5364,1785,41,4,79285.87,74
5365,1786,39,2,534.57,47
5366,1786,81,1,641.3,80
5367,1787,158,5,1554.87,68
5368,1787,99,-1,8134.79,96
5369,1787,160,4,14389.43,95
5370,1788,36,3,14186.62,24
5371,1789,90,4,17430.69,2
5372,1789,82,1,2740.6,15
5373,1790,7,2,1545.0,100
5374,1790,76,5,19136.21,10
5375,1790,49,1,2142.2,31
5376,1790,11,5,763.98,16
5377,1790,178,5,485.22,60
5378,1791,80,2,274.27,82
5379,1791,90,3,17430.69,44
5380,1791,70,1,5396.07,31
5381,1792,118,1,2637.64,73
5382,1792,154,1,1413.98,88
5383,1792,19,5,8561.48,41
5384,1792,84,-5,529.09,12
5385,1793,100,1,2050.98,5
5386,1793,32,3,3754.44,41
5387,1793,11,1,763.98,17
5388,1793,147,3,772.56,27
5389,1793,13,4,1849.34,26
5390,1794,125,1,800.11,43
5391,1794,101,5,24788.51,63
5392,1794,6,-2,63491.13,48
5393,1794,74,4,245.13,17
5394,1795,10,1,3469.21,27
5395,1795,181,3,3357.0,65
5396,1795,32,5,3754.44,51
5397,1795,70,5,5396.07,31
5398,1796,24,3,2479.74,30
5399,1796,173,5,14158.62,7
5400,1797,91,-3,4806.55,69
5401,1798,13,4,1849.34,11
5402,1798,109,3,3878.01,81
5403,1798,121,3,1118.51,57
5404,1799,86,1,29410.8,83
5405,1799,22,3,16162.22,49
5406,1800,35,2,3131.28,74
5407,1800,138,4,3632.53,72
5408,1800,141,2,10789.69,45
5409,1800,194,3,464.22,14
5410,1801,40,4,6624.33,37
5411,1802,58,4,2469.9,86
5412,1802,85,5,2290.94,5
5413,1803,198,5,2694.15,30
5414,1803,15,4,17548.6,62
5415,1804,34,4,3262.67,3
5416,1804,43,2,98247.37,69
5417,1805,86,4,29410.8,98
5418,1805,140,4,3878.75,52
5419,1805,154,1,1413.98,43
5420,1805,4,2,18013.15,37
5421,1805,121,2,1118.51,66
5422,1806,71,4,1994.84,32
5423,1807,60,1,1918.94,90
5424,1807,83,4,18455.42,9
5425,1807,126,1,52173.6,13
5426,1808,175,4,1171.69,41
5427,1808,155,2,896.22,42
5428,1808,55,5,1885.07,81
5429,1808,150,3,22291.25,52
5430,1808,102,3,68170.84,5
5431,1809,111,1,7723.9,4
5432,1809,101,2,24788.51,85
5433,1809,187,5,15169.68,69
5434,1810,126,2,52173.6,62
5435,1811,122,1,2349.23,33
5436,1811,63,2,430.09,62
5437,1812,35,2,3131.28,54
5438,1812,92,2,12217.22,65
5439,1812,108,1,3065.18,33
5440,1812,34,3,3262.67,86
5441,1813,5,4,1198.16,14
5442,1813,24,5,2479.74,96
5443,1813,160,5,14389.43,29
5444,1814,153,3,98307.89,27
5445,1814,128,1,5319.49,73
5446,1814,200,4,3212.97,73
5447,1814,130,1,530.75,53
5448,1814,105,4,2738.82,51
5449,1815,18,5,3084.08,80
5450,1815,123,1,2794.3,72
5451,1815,35,-2,3131.28,22
5452,1816,70,5,5396.07,97
5453,1816,134,3,389.01,78
5454,1816,20,5,1317.81,58
5455,1816,46,3,6493.42,40
5456,1816,113,3,3469.53,14
5457,1817,131,3,14500.41,68
5458,1817,113,4,3469.53,17
5459,1818,179,1,2528.54,58
5460,1818,111,3,7723.9,25
5461,1818,197,1,964.09,82
5462,1818,61,4,27642.73,70
5463,1819,15,1,17548.6,100
5464,1819,3,1,52845.51,96
5465,1819,101,4,24788.51,34
5466,1819,182,1,29049.69,25
5467,1819,70,3,5396.07,26
5468,1820,129,5,4097.17,97
5469,1820,157,5,3574.22,8
5470,1820,24,5,2479.74,63
5471,1820,6,2,63491.13,70
5472,1820,39,4,534.57,56
5473,1821,125,5,800.11,28
5474,1821,41,2,79285.87,27
5475,1821,87,-4,68101.36,36
5476,1822,70,4,5396.07,1
5477,1822,79,3,3269.81,12
5478,1822,73,2,7599.51,91
5479,1822,12,1,37578.36,77
5480,1823,26,5,22441.58,14
5481,1824,105,2,2738.82,65
5482,1824,10,-4,3469.21,2
5483,1824,52,2,3961.79,69
5484,1825,11,4,763.98,17
5485,1825,154,3,1413.98,33
5486,1826,84,1,529.09,33
5487,1826,42,1,15510.68,83
5488,1827,84,2,529.09,10
5489,1827,76,5,19136.21,4
5490,1828,175,4,1171.69,59
5491,1828,159,2,314.46,0
5492,1828,130,3,530.75,97
5493,1829,14,1,42582.22,2
5494,1829,132,1,14673.24,90
5495,1829,9,4,26698.69,88
5496,1830,117,3,1769.76,12
5497,1830,3,5,52845.51,27
5498,1830,158,2,1554.87,34
5499,1830,52,3,3961.79,99
5500,1830,83,2,18455.42,70
5501,1831,18,1,3084.08,79
5502,1832,99,5,8134.79,39
5503,1832,172,1,16100.85,81
5504,1832,40,2,6624.33,18
5505,1832,2,3,59090.87,69
5506,1833,106,1,484.23,75
5507,1833,175,5,1171.69,60
5508,1833,51,2,3521.45,95
5509,1833,14,4,42582.22,32
5510,1834,116,4,3192.27,26
5511,1834,162,2,91765.85,22
5512,1834,96,-3,26794.28,10
5513,1834,73,4,7599.51,38
5514,1834,151,2,92003.66,23
5515,1835,104,1,3389.18,33
5516,1835,40,2,6624.33,22
5517,1835,178,4,485.22,12
5518,1836,87,5,68101.36,79
5519,1837,42,1,15510.68,24
5520,1838,165,4,2338.31,67
5521,1838,94,4,2140.24,12
5522,1838,196,4,2283.28,27
5523,1839,12,4,37578.36,1
5524,1840,184,5,19452.92,51
5525,1840,17,4,4055.38,88
5526,1841,3,1,52845.51,19
5527,1841,80,1,274.27,4
5528,1842,197,3,964.09,99
5529,1842,42,2,15510.68,50
5530,1842,112,4,5163.37,92
5531,1842,200,2,3212.97,8
5532,1842,5,5,1198.16,46
5533,1843,9,4,26698.69,69
5534,1843,13,5,1849.34,3
5535,1844,76,3,19136.21,59
5536,1845,67,5,94052.48,40
5537,1845,190,1,1227.09,7
5538,1845,34,1,3262.67,63
5539,1845,76,2,19136.21,17
5540,1846,139,5,7772.31,1
5541,1846,23,1,317.81,59
5542,1846,82,2,2740.6,78
5543,1847,3,-1,52845.51,24
5544,1847,101,1,24788.51,83
5545,1847,180,4,308.9,21
5546,1847,176,2,59597.44,11
5547,1848,165,2,2338.31,69
5548,1849,63,5,430.09,5
5549,1849,85,5,2290.94,60
5550,1849,95,1,29603.95,83
5551,1849,52,4,3961.79,63
5552,1850,42,2,15510.68,15
5553,1850,152,1,9297.38,32
5554,1851,56,3,23622.11,95
5555,1851,60,4,1918.94,14
5556,1851,152,4,9297.38,14
5557,1852,117,2,1769.76,70
5558,1852,148,1,3368.6,60
5559,1852,178,1,485.22,58
5560,1852,200,3,3212.97,39
5561,1852,14,2,42582.22,52
5562,1853,125,2,800.11,28
5563,1854,53,3,1750.15,100
5564,1854,15,2,17548.6,23
5565,1854,85,3,2290.94,18
5566,1855,79,4,3269.81,1
5567,1856,12,3,37578.36,23
5568,1856,176,-2,59597.44,75
5569,1857,148,1,3368.6,18
5570,1857,146,1,1205.79,74
5571,1857,4,3,18013.15,39
5572,1858,43,4,98247.37,23
5573,1858,109,4,3878.01,78
5574,1858,94,1,2140.24,26
5575,1858,68,2,1575.64,53
5576,1859,190,3,1227.09,12
5577,1859,163,2,33147.7,16
5578,1859,108,4,3065.18,52
5579,1860,119,4,35613.06,77
5580,1861,171,5,5623.35,3
5581,1861,189,2,2811.23,34
5582,1861,23,3,317.81,88
5583,1862,37,5,3250.66,69
5584,1862,66,3,6345.81,14
5585,1862,102,4,68170.84,4
5586,1863,26,1,22441.58,13
5587,1863,160,5,14389.43,85
5588,1864,178,3,485.22,68
5589,1865,35,1,3131.28,21
5590,1865,75,4,1758.88,69
5591,1865,56,4,23622.11,96
5592,1865,142,3,11700.98,93
5593,1865,16,5,1945.54,68
5594,1866,27,3,3860.01,61
5595,1866,115,5,729.43,54
5596,1866,176,5,59597.44,86
5597,1866,44,4,70908.36,16
5598,1867,24,4,2479.74,48
5599,1867,179,1,2528.54,1
5600,1868,95,5,29603.95,34
5601,1868,162,3,91765.85,58
5602,1868,174,3,7801.61,3
5603,1868,51,5,3521.45,95
5604,1868,185,2,1085.28,56
5605,1869,25,1,3779.14,72
5606,1869,184,1,19452.92,73
5607,1869,4,1,18013.15,62
5608,1869,34,3,3262.67,79
5609,1869,1,5,253.9,16
5610,1870,150,4,22291.25,38
5611,1871,118,1,2637.64,51
5612,1872,188,5,41686.05,98
5613,1872,108,2,3065.18,50
5614,1872,100,5,2050.98,93
5615,1872,190,2,1227.09,25
5616,1872,187,3,15169.68,29
5617,1873,91,5,4806.55,55
5618,1873,141,3,10789.69,57
5619,1873,194,1,464.22,64
5620,1874,19,1,8561.48,28
5621,1874,31,5,1292.25,67
5622,1875,43,-3,98247.37,35
5623,1875,70,4,5396.07,23
5624,1875,17,2,4055.38,91
5625,1875,110,1,797.25,21
5626,1876,59,2,1243.65,25
5627,1877,197,2,964.09,1
5628,1877,176,3,59597.44,42
5629,1877,155,1,896.22,26
5630,1877,113,2,3469.53,0
5631,1878,55,1,1885.07,2
5632,1879,60,5,1918.94,48
5633,1879,8,2,4278.68,37
5634,1879,94,4,2140.24,58
5635,1879,171,2,5623.35,75
5636,1879,128,1,5319.49,78
5637,1880,17,1,4055.38,66
5638,1881,97,5,4030.37,98
5639,1881,169,5,7775.36,11
5640,1881,154,1,1413.98,32
5641,1881,162,1,91765.85,51
5642,1881,58,1,2469.9,2
5643,1882,32,1,3754.44,49
5644,1882,132,5,14673.24,96
5645,1882,66,2,6345.81,30
5646,1882,115,2,729.43,87
5647,1882,103,4,1452.77,25
5648,1883,129,5,4097.17,86
5649,1883,16,5,1945.54,98
5650,1883,83,5,18455.42,93
5651,1883,79,4,3269.81,94
5652,1884,139,1,7772.31,49
5653,1884,20,1,1317.81,69
5654,1884,14,3,42582.22,38
5655,1884,114,5,12262.14,10
5656,1884,149,5,3551.09,54
5657,1885,43,3,98247.37,49
5658,1885,182,2,29049.69,5
5659,1885,169,1,7775.36,2
5660,1885,23,5,317.81,75
5661,1886,111,3,7723.9,87
5662,1886,116,2,3192.27,31
5663,1886,145,4,3116.82,15
5664,1886,184,1,19452.92,92
5665,1886,40,-2,6624.33,57
5666,1887,50,1,3979.14,66
5667,1888,146,3,1205.79,11
5668,1889,130,5,530.75,82
5669,1889,163,3,33147.7,88
5670,1889,168,-3,2536.06,42
5671,1889,103,5,1452.77,18
5672,1889,98,5,1260.01,39
5673,1890,104,1,3389.18,24
5674,1890,141,3,10789.69,85
5675,1891,122,1,2349.23,46
5676,1892,70,3,5396.07,97
5677,1892,79,2,3269.81,35
5678,1893,116,4,3192.27,3
5679,1893,183,4,1718.29,41
5680,1893,191,4,1754.06,73
5681,1893,59,5,1243.65,76
5682,1894,62,3,4101.85,74
5683,1894,11,3,763.98,51
5684,1894,138,4,3632.53,56
5685,1895,87,1,68101.36,12
5686,1895,34,1,3262.67,70
5687,1896,186,3,4929.38,82
5688,1896,49,1,2142.2,17
5689,1897,121,1,1118.51,88
5690,1897,35,5,3131.28,19
5691,1897,123,2,2794.3,83
5692,1897,45,2,9220.4,65
5693,1897,47,4,497.81,76
5694,1898,100,1,2050.98,19
5695,1898,155,4,896.22,18
5696,1898,175,1,1171.69,67
5697,1899,173,5,14158.62,8
5698,1899,127,4,1797.09,33
5699,1899,44,3,70908.36,17
5700,1900,21,2,4861.87,45
5701,1900,136,2,2848.35,52
5702,1900,132,3,14673.24,20
5703,1900,66,2,6345.81,44
5704,1901,88,1,7189.72,1
5705,1901,77,3,1679.18,11
5706,1901,93,2,1383.07,79
5707,1901,157,1,3574.22,98
5708,1902,148,2,3368.6,70
5709,1902,111,3,7723.9,13
5710,1902,37,5,3250.66,14
5711,1902,189,4,2811.23,8
5712,1902,115,2,729.43,100
5713,1903,63,3,430.09,72
5714,1903,163,1,33147.7,36
5715,1903,21,4,4861.87,14
5716,1904,68,1,1575.64,59
5717,1905,2,2,59090.87,28
5718,1905,161,1,3019.49,33
5719,1905,166,4,2666.16,52
5720,1905,34,1,3262.67,6
5721,1905,96,1,26794.28,16
5722,1906,62,2,4101.85,66
5723,1906,160,2,14389.43,58
5724,1906,72,1,199.64,3
5725,1906,176,1,59597.44,92
5726,1906,120,2,67415.8,25
5727,1907,12,5,37578.36,94
5728,1907,84,4,529.09,8
5729,1908,9,1,26698.69,16
5730,1908,68,1,1575.64,83
5731,1908,14,3,42582.22,68
5732,1909,163,1,33147.7,63
5733,1909,188,4,41686.05,55
5734,1909,94,3,2140.24,28
5735,1910,97,3,4030.37,48
5736,1910,195,1,7327.29,39
5737,1910,92,2,12217.22,18
5738,1911,1,4,253.9,28
5739,1911,155,3,896.22,49
5740,1911,154,1,1413.98,13
5741,1911,163,5,33147.7,11
5742,1912,118,2,2637.64,0
5743,1912,31,3,1292.25,63
5744,1912,32,2,3754.44,93
5745,1913,154,4,1413.98,19
5746,1913,152,3,9297.38,30
5747,1913,103,3,1452.77,71
5748,1914,124,1,2030.13,62
5749,1914,78,4,40123.29,68
5750,1914,39,2,534.57,20
5751,1914,24,3,2479.74,96
5752,1915,148,2,3368.6,58
5753,1916,59,4,1243.65,57
5754,1916,83,1,18455.42,65
5755,1917,86,4,29410.8,90
5756,1917,74,4,245.13,44
5757,1917,132,4,14673.24,19
5758,1917,136,2,2848.35,35
5759,1918,81,5,641.3,56
5760,1919,47,5,497.81,56
5761,1919,12,5,37578.36,34
5762,1919,182,5,29049.69,37
5763,1919,86,4,29410.8,59
5764,1920,65,2,8962.94,74
5765,1921,47,2,497.81,46
5766,1922,16,1,1945.54,52
5767,1923,92,5,12217.22,38
5768,1924,166,5,2666.16,61
5769,1924,139,3,7772.31,18
5770,1924,113,2,3469.53,30
5771,1924,161,3,3019.49,34
5772,1924,143,2,7284.34,39
5773,1925,134,3,389.01,92
5774,1926,106,4,484.23,70
5775,1926,188,2,41686.05,14
5776,1926,67,2,94052.48,11
5777,1926,108,3,3065.18,81
5778,1927,101,3,24788.51,77
5779,1927,178,3,485.22,20
5780,1927,17,3,4055.38,32
5781,1927,183,5,1718.29,100
5782,1928,108,1,3065.18,51
5783,1928,164,3,2495.26,36
5784,1929,75,1,1758.88,12
5785,1930,94,4,2140.24,99
5786,1930,36,2,14186.62,69
5787,1930,173,5,14158.62,10
5788,1930,110,5,797.25,18
5789,1930,28,4,702.92,31
5790,1931,126,4,52173.6,29
5791,1932,82,2,2740.6,43
5792,1932,103,5,1452.77,100
5793,1932,112,3,5163.37,64
5794,1933,114,2,12262.14,92
5795,1933,102,1,68170.84,67
5796,1933,190,5,1227.09,35
5797,1933,130,5,530.75,53
5798,1933,47,5,497.81,2
5799,1934,200,4,3212.97,33
5800,1934,105,1,2738.82,44
5801,1934,141,1,10789.69,12
5802,1934,163,1,33147.7,23
5803,1935,148,2,3368.6,47
5804,1936,18,-2,3084.08,84
5805,1936,189,3,2811.23,10
5806,1936,176,2,59597.44,31
5807,1937,137,1,14060.07,90
5808,1938,199,1,702.8,39
5809,1938,70,5,5396.07,95
5810,1938,23,5,317.81,54
5811,1938,15,1,17548.6,30
5812,1939,87,2,68101.36,12
5813,1939,131,-5,14500.41,49
5814,1939,141,1,10789.69,7
5815,1939,175,2,1171.69,20
5816,1940,200,2,3212.97,13
5817,1941,111,4,7723.9,70
5818,1941,76,5,19136.21,79
5819,1941,65,5,8962.94,6
5820,1941,48,1,17690.82,11
5821,1941,156,3,3615.3,4
5822,1942,160,2,14389.43,38
5823,1943,182,1,29049.69,30
5824,1943,62,1,4101.85,96
5825,1943,172,4,16100.85,95
5826,1943,110,-1,797.25,75
5827,1944,17,5,4055.38,53
5828,1944,50,1,3979.14,99
5829,1944,74,1,245.13,80
5830,1944,96,4,26794.28,19
5831,1945,114,5,12262.14,96
5832,1945,32,1,3754.44,92
5833,1945,93,5,1383.07,33
5834,1946,133,5,4126.14,82
5835,1947,190,4,1227.09,67
5836,1947,83,3,18455.42,46
5837,1947,132,1,14673.24,80
5838,1948,159,1,314.46,26
5839,1949,32,-3,3754.44,28
5840,1949,159,3,314.46,67
5841,1949,76,2,19136.21,90
5842,1949,5,-1,1198.16,2
5843,1950,179,2,2528.54,71
5844,1950,184,5,19452.92,86
5845,1950,31,4,1292.25,66
5846,1950,200,1,3212.97,60
5847,1951,25,-4,3779.14,76
5848,1951,179,1,2528.54,91
5849,1952,51,4,3521.45,14
5850,1952,28,4,702.92,13
5851,1953,115,1,729.43,70
5852,1953,146,5,1205.79,14
5853,1953,51,5,3521.45,60
5854,1953,21,2,4861.87,16
5855,1954,199,5,702.8,97
5856,1954,122,5,2349.23,81
5857,1955,165,3,2338.31,61
5858,1955,88,4,7189.72,99
5859,1955,112,1,5163.37,68
5860,1955,21,2,4861.87,62
5861,1956,169,2,7775.36,5
5862,1956,12,4,37578.36,53
5863,1956,155,5,896.22,13
5864,1957,195,-2,7327.29,36
5865,1958,55,1,1885.07,86
5866,1958,157,5,3574.22,46
5867,1958,16,3,1945.54,59
5868,1958,92,5,12217.22,4
5869,1958,94,1,2140.24,21
5870,1959,147,3,772.56,24
5871,1959,142,2,11700.98,27
5872,1959,43,4,98247.37,23
5873,1960,137,1,14060.07,50
5874,1960,69,5,6749.31,4
5875,1961,62,5,4101.85,85
5876,1961,52,4,3961.79,70
5877,1961,21,3,4861.87,58
5878,1961,191,3,1754.06,50
5879,1962,155,1,896.22,49
5880,1962,183,4,1718.29,87
5881,1962,48,3,17690.82,8
5882,1962,119,4,35613.06,79
5883,1963,169,2,7775.36,73
5884,1964,159,2,314.46,11
5885,1964,47,3,497.81,7
5886,1964,108,1,3065.18,52
5887,1965,4,2,18013.15,49
5888,1965,6,1,63491.13,0
5889,1965,169,4,7775.36,1
5890,1966,200,2,3212.97,46
5891,1966,8,1,4278.68,83
5892,1967,27,3,3860.01,100
5893,1967,187,2,15169.68,36
5894,1967,75,2,1758.88,89
5895,1967,13,1,1849.34,79
5896,1967,177,5,3546.32,28
5897,1968,15,2,17548.6,36
5898,1968,126,5,52173.6,37
5899,1968,140,5,3878.75,8
5900,1968,128,2,5319.49,3
5901,1968,88,1,7189.72,38
5902,1969,4,4,18013.15,76
5903,1970,104,1,3389.18,40
5904,1971,169,1,7775.36,18
5905,1971,17,1,4055.38,47
5906,1972,1,4,253.9,60
5907,1973,18,5,3084.08,49
5908,1973,95,3,29603.95,51
5909,1973,194,2,464.22,29
5910,1974,136,3,2848.35,29
5911,1974,62,3,4101.85,70
5912,1974,79,1,3269.81,11
5913,1974,96,1,26794.28,41
5914,1974,10,1,3469.21,15
5915,1975,159,4,314.46,53
5916,1975,75,3,1758.88,98
5917,1975,71,2,1994.84,62
5918,1976,45,5,9220.4,100
5919,1976,125,4,800.11,15
5920,1976,37,3,3250.66,60
5921,1976,93,2,1383.07,70
5922,1976,65,3,8962.94,41
5923,1977,174,2,7801.61,69
5924,1978,137,4,14060.07,63
5925,1979,48,1,17690.82,17
5926,1979,72,2,199.64,75
5927,1979,60,3,1918.94,97
5928,1980,81,4,641.3,64
5929,1980,146,1,1205.79,43
5930,1980,8,3,4278.68,33
5931,1980,161,2,3019.49,48
5932,1980,198,1,2694.15,97
5933,1981,82,4,2740.6,20
5934,1981,51,2,3521.45,93
5935,1981,40,4,6624.33,2
5936,1981,141,2,10789.69,37
5937,1981,199,3,702.8,55
5938,1982,99,3,8134.79,54
5939,1982,76,4,19136.21,59
5940,1982,121,2,1118.51,4
5941,1983,73,1,7599.51,56
5942,1983,165,1,2338.31,3
5943,1983,23,4,317.81,26
5944,1984,57,5,2504.37,59
5945,1985,139,3,7772.31,49
5946,1986,77,4,1679.18,68
5947,1986,25,2,3779.14,61
5948,1986,186,1,4929.38,27
5949,1987,19,4,8561.48,40
5950,1988,171,2,5623.35,67
5951,1988,174,1,7801.61,99
5952,1988,189,2,2811.23,56
5953,1989,114,1,12262.14,38
5954,1989,152,5,9297.38,41
5955,1989,15,4,17548.6,85
5956,1990,62,4,4101.85,6
5957,1990,99,2,8134.79,72
5958,1991,78,3,40123.29,33
5959,1991,142,4,11700.98,87
5960,1992,126,4,52173.6,18
5961,1992,66,4,6345.81,23
5962,1992,113,5,3469.53,66
5963,1992,139,3,7772.31,5
5964,1992,91,4,4806.55,53
5965,1993,69,3,6749.31,17
5966,1993,126,1,52173.6,57
5967,1993,86,4,29410.8,87
5968,1993,200,2,3212.97,18
5969,1994,195,1,7327.29,90
5970,1994,115,2,729.43,43
5971,1994,105,2,2738.82,93
5972,1994,149,5,3551.09,51
5973,1995,129,4,4097.17,88
5974,1995,176,-2,59597.44,45
5975,1995,28,5,702.92,16
5976,1995,155,2,896.22,67
5977,1996,191,5,1754.06,60
5978,1996,137,5,14060.07,6
5979,1996,1,4,253.9,85
5980,1996,197,1,964.09,33
5981,1997,181,-5,3357.0,50
5982,1997,30,5,1221.85,86
5983,1997,101,2,24788.51,22
5984,1997,197,1,964.09,88
5985,1997,172,3,16100.85,99
5986,1998,68,2,1575.64,33
5987,1998,75,-1,1758.88,44
5988,1998,72,1,199.64,87
5989,1999,141,5,10789.69,98
5990,1999,42,2,15510.68,60
5991,1999,153,2,98307.89,73
5992,1999,140,4,3878.75,95
5993,1999,16,1,1945.54,41
5994,2000,108,4,3065.18,54
5995,2000,128,3,5319.49,99
5996,2000,6,1,63491.13,40
5997,2000,126,2,52173.6,87
5998,2000,58,3,2469.9,52
5999,2001,129,1,4097.17,94
6000,2001,121,4,1118.51,64
6001,2001,1,5,253.9,59
6002,2001,39,4,534.57,90
6003,2002,159,3,314.46,32
6004,2002,8,2,4278.68,55
6005,2002,136,1,2848.35,75
6006,2003,15,2,17548.6,100
6007,2004,114,3,12262.14,18
6008,2004,110,-2,797.25,61
6009,2004,34,2,3262.67,51
6010,2004,27,2,3860.01,58
6011,2004,191,2,1754.06,23
6012,2005,126,2,52173.6,22
6013,2006,197,4,964.09,13
6014,2006,177,1,3546.32,97
6015,2007,49,4,2142.2,47
6016,2008,193,4,1383.66,77
6017,2008,15,1,17548.6,62
6018,2008,195,1,7327.29,54
6019,2008,39,2,534.57,7
6020,2009,54,2,4173.59,78
6021,2009,67,5,94052.48,47
6022,2009,147,1,772.56,36
6023,2010,178,5,485.22,51
6024,2010,143,5,7284.34,70
6025,2010,7,2,1545.0,4
6026,2011,95,2,29603.95,13
6027,2011,32,4,3754.44,74
6028,2011,77,1,1679.18,26
6029,2012,134,2,389.01,23
6030,2012,42,1,15510.68,23
6031,2012,48,4,17690.82,72
6032,2012,179,5,2528.54,1
6033,2012,148,1,3368.6,34
6034,2013,76,4,19136.21,34
6035,2013,89,4,18350.3,9
6036,2014,144,4,382.9,69
6037,2015,104,1,3389.18,57
6038,2016,57,1,2504.37,27
6039,2016,140,1,3878.75,51
6040,2016,148,2,3368.6,57
6041,2016,48,1,17690.82,43
6042,2017,101,1,24788.51,37
6043,2018,103,2,1452.77,26
6044,2018,72,2,199.64,52
6045,2018,60,4,1918.94,23
6046,2018,161,3,3019.49,35
6047,2018,168,4,2536.06,73
6048,2019,122,1,2349.23,56
6049,2019,77,2,1679.18,72
6050,2020,19,4,8561.48,55
6051,2020,133,2,4126.14,71
6052,2020,7,1,1545.0,69
6053,2021,143,5,7284.34,4
6054,2021,10,4,3469.21,96
6055,2022,8,3,4278.68,7
6056,2022,174,2,7801.61,44
6057,2022,56,5,23622.11,93
6058,2023,198,5,2694.15,41
6059,2023,129,1,4097.17,89
6060,2023,128,5,5319.49,28
6061,2023,152,5,9297.38,28
6062,2023,183,2,1718.29,59
6063,2024,125,4,800.11,23
6064,2024,142,5,11700.98,11
6065,2025,88,5,7189.72,15
6066,2025,169,4,7775.36,28
6067,2026,119,1,35613.06,38
6068,2026,52,5,3961.79,54
6069,2026,169,1,7775.36,16
6070,2027,25,4,3779.14,57
6071,2027,122,4,2349.23,82
6072,2027,115,3,729.43,21
6073,2027,149,4,3551.09,21
6074,2028,21,3,4861.87,45
6075,2028,158,2,1554.87,75
6076,2028,157,4,3574.22,33
6077,2028,195,5,7327.29,95
6078,2028,58,5,2469.9,47
6079,2029,112,4,5163.37,92
6080,2030,106,5,484.23,69
6081,2031,14,3,42582.22,0
6082,2031,196,4,2283.28,95
6083,2031,75,4,1758.88,46
6084,2031,57,4,2504.37,2
6085,2032,193,1,1383.66,69
6086,2032,44,1,70908.36,85
6087,2033,88,5,7189.72,21
6088,2034,179,1,2528.54,21
6089,2034,187,2,15169.68,98
6090,2034,99,1,8134.79,47
6091,2034,140,3,3878.75,30
6092,2034,113,5,3469.53,4
6093,2035,129,3,4097.17,69
6094,2035,153,5,98307.89,4
6095,2035,180,5,308.9,28
6096,2036,5,2,1198.16,44
6097,2036,149,2,3551.09,31
6098,2037,66,2,6345.81,0
6099,2037,29,2,4216.76,31
6100,2038,152,1,9297.38,5
6101,2038,164,2,2495.26,47
6102,2038,38,3,2266.82,44
6103,2039,92,1,12217.22,79
6104,2040,81,3,641.3,36
6105,2040,15,3,17548.6,91
6106,2041,200,2,3212.97,51
6107,2042,148,5,3368.6,70
6108,2042,33,5,835.93,36
6109,2042,98,2,1260.01,79
6110,2042,23,2,317.81,96
6111,2042,126,2,52173.6,24
6112,2043,60,3,1918.94,31
6113,2043,70,4,5396.07,20
6114,2044,95,4,29603.95,16
6115,2044,3,1,52845.51,68
6116,2044,4,1,18013.15,44
6117,2044,62,5,4101.85,95
6118,2044,42,5,15510.68,82
6119,2045,71,-1,1994.84,16
6120,2045,86,3,29410.8,96
6121,2046,136,1,2848.35,20
6122,2046,145,5,3116.82,7
6123,2046,110,4,797.25,99
6124,2047,5,5,1198.16,50
6125,2047,135,3,802.55,78
6126,2047,145,5,3116.82,78
6127,2048,111,1,7723.9,15
6128,2048,83,2,18455.42,31
6129,2049,129,4,4097.17,25
6130,2049,147,1,772.56,61
6131,2049,135,4,802.55,39
6132,2049,35,5,3131.28,47
6133,2050,109,2,3878.01,8
6134,2050,64,1,93117.18,49
6135,2050,45,2,9220.4,76
6136,2051,81,1,641.3,72
6137,2051,150,2,22291.25,57
6138,2051,8,3,4278.68,79
6139,2052,38,5,2266.82,16
6140,2053,95,4,29603.95,57
6141,2053,187,1,15169.68,89
6142,2054,80,-1,274.27,61
6143,2054,42,3,15510.68,29
6144,2055,30,2,1221.85,54
6145,2055,47,3,497.81,60
6146,2055,7,3,1545.0,19
6147,2055,166,5,2666.16,80
6148,2056,142,3,11700.98,49
6149,2056,147,1,772.56,18
6150,2056,1,1,253.9,79
6151,2056,97,4,4030.37,15
6152,2057,23,2,317.81,3
6153,2057,177,1,3546.32,73
6154,2057,11,5,763.98,20
6155,2057,123,5,2794.3,34
6156,2058,2,2,59090.87,34
6157,2058,7,1,1545.0,24
6158,2058,57,2,2504.37,90
6159,2059,53,1,1750.15,45
6160,2060,199,3,702.8,45
6161,2060,155,1,896.22,40
6162,2061,96,3,26794.28,26
6163,2062,89,1,18350.3,74
6164,2062,114,1,12262.14,38
6165,2063,49,1,2142.2,66
6166,2063,133,4,4126.14,62
6167,2064,195,4,7327.29,81
6168,2064,142,2,11700.98,33
6169,2064,182,4,29049.69,77
6170,2064,76,2,19136.21,47
6171,2064,32,3,3754.44,16
6172,2065,186,1,4929.38,64
6173,2065,47,5,497.81,30
6174,2066,27,3,3860.01,89
6175,2066,51,5,3521.45,14
6176,2066,66,5,6345.81,23
6177,2067,76,3,19136.21,98
6178,2068,98,-4,1260.01,63
6179,2068,156,1,3615.3,55
6180,2068,28,4,702.92,81
6181,2068,142,4,11700.98,73
6182,2068,108,2,3065.18,26
6183,2069,162,2,91765.85,75
6184,2069,94,5,2140.24,71
6185,2070,41,3,79285.87,12
6186,2070,63,3,430.09,79
6187,2070,44,1,70908.36,21
6188,2070,155,3,896.22,59
6189,2071,173,3,14158.62,55
6190,2071,100,3,2050.98,7
6191,2071,80,5,274.27,42
6192,2071,180,5,308.9,100
6193,2071,73,3,7599.51,94
6194,2072,111,5,7723.9,24
6195,2072,159,5,314.46,21
6196,2072,50,3,3979.14,89
6197,2072,21,4,4861.87,90
6198,2072,156,4,3615.3,17
6199,2073,36,2,14186.62,2
6200,2073,191,-5,1754.06,34
6201,2073,190,-4,1227.09,61
6202,2073,97,2,4030.37,84
6203,2074,126,2,52173.6,46
6204,2074,156,3,3615.3,27
6205,2074,112,3,5163.37,94
6206,2074,33,3,835.93,10
6207,2074,148,5,3368.6,50
6208,2075,125,5,800.11,20
6209,2075,6,2,63491.13,23
6210,2076,184,1,19452.92,96
6211,2076,152,1,9297.38,68
6212,2076,103,2,1452.77,45
6213,2077,110,2,797.25,96
6214,2077,8,3,4278.68,57
6215,2077,27,2,3860.01,70
6216,2077,122,4,2349.23,24
6217,2078,1,3,253.9,23
6218,2078,7,1,1545.0,11
6219,2078,13,2,1849.34,20
6220,2078,98,2,1260.01,35
6221,2078,151,1,92003.66,36
6222,2079,44,5,70908.36,22
6223,2079,26,5,22441.58,1
6224,2079,121,1,1118.51,77
6225,2079,111,4,7723.9,50
6226,2079,8,2,4278.68,88
6227,2080,58,1,2469.9,17
6228,2080,41,4,79285.87,51
6229,2080,8,1,4278.68,33
6230,2080,20,3,1317.81,6
6231,2081,168,3,2536.06,55
6232,2081,64,2,93117.18,23
6233,2081,177,1,3546.32,61
6234,2081,76,3,19136.21,82
6235,2081,44,1,70908.36,2
6236,2082,194,5,464.22,9
6237,2082,153,1,98307.89,94
6238,2083,107,5,5474.76,28
6239,2084,83,3,18455.42,97
6240,2084,40,2,6624.33,68
6241,2085,25,2,3779.14,17
6242,2085,40,2,6624.33,38
6243,2085,131,4,14500.41,11
6244,2085,24,1,2479.74,75
6245,2085,97,2,4030.37,48
6246,2086,141,1,10789.69,53
6247,2087,149,5,3551.09,18
6248,2088,164,4,2495.26,84
6249,2088,145,1,3116.82,41
6250,2088,93,4,1383.07,35
6251,2088,155,4,896.22,14
6252,2089,86,1,29410.8,60
6253,2089,194,4,464.22,16
6254,2089,191,4,1754.06,36
6255,2089,139,2,7772.31,90
6256,2090,134,3,389.01,1
6257,2090,55,1,1885.07,73
6258,2090,132,3,14673.24,29
6259,2090,21,4,4861.87,22
6260,2090,143,2,7284.34,34
6261,2091,118,1,2637.64,56
6262,2091,55,4,1885.07,84
6263,2091,165,2,2338.31,28
6264,2091,63,1,430.09,26
6265,2092,95,4,29603.95,14
6266,2092,101,1,24788.51,82
6267,2093,96,3,26794.28,36
6268,2093,77,1,1679.18,55
6269,2093,98,3,1260.01,17
6270,2093,197,2,964.09,91
6271,2093,92,1,12217.22,49
6272,2094,156,3,3615.3,36
6273,2094,64,1,93117.18,95
6274,2094,195,2,7327.29,58
6275,2095,89,4,18350.3,60
6276,2095,139,4,7772.31,66
6277,2096,166,4,2666.16,53
6278,2096,87,1,68101.36,54
6279,2096,134,2,389.01,32
6280,2097,49,3,2142.2,23
6281,2097,178,5,485.22,5
6282,2097,27,3,3860.01,54
6283,2097,44,1,70908.36,60
6284,2097,114,3,12262.14,43
6285,2098,116,5,3192.27,70
6286,2099,188,1,41686.05,11
6287,2099,19,4,8561.48,79
6288,2099,187,5,15169.68,72
6289,2099,8,2,4278.68,22
6290,2100,111,2,7723.9,5
6291,2100,24,2,2479.74,36
6292,2100,169,5,7775.36,28
6293,2101,109,3,3878.01,34
6294,2101,116,3,3192.27,9
6295,2101,39,4,534.57,21
6296,2101,21,2,4861.87,34
6297,2102,70,4,5396.07,99
6298,2102,154,3,1413.98,25
6299,2102,181,5,3357.0,49
6300,2103,48,3,17690.82,57
6301,2103,109,5,3878.01,97
6302,2103,40,1,6624.33,21
6303,2103,51,3,3521.45,37
6304,2103,99,5,8134.79,47
6305,2104,98,4,1260.01,97
6306,2104,78,2,40123.29,53
6307,2105,192,-5,7461.34,5
6308,2105,4,3,18013.15,88
6309,2105,27,4,3860.01,22
6310,2105,20,2,1317.81,66
6311,2105,184,4,19452.92,93
6312,2106,123,1,2794.3,83
6313,2106,184,1,19452.92,0
6314,2106,56,5,23622.11,43
6315,2107,117,5,1769.76,43
6316,2107,156,-3,3615.3,61
6317,2108,120,2,67415.8,11
6318,2108,175,4,1171.69,92
6319,2108,106,3,484.23,30
6320,2109,150,5,22291.25,77
6321,2109,122,1,2349.23,4
6322,2109,21,5,4861.87,99
6323,2110,21,4,4861.87,68
6324,2110,137,1,14060.07,33
6325,2111,189,1,2811.23,39
6326,2111,106,4,484.23,82
6327,2111,95,4,29603.95,94
6328,2111,73,1,7599.51,37
6329,2112,90,4,17430.69,64
6330,2112,129,5,4097.17,33
6331,2113,110,2,797.25,58
6332,2113,32,1,3754.44,50
6333,2113,33,4,835.93,10
6334,2114,62,4,4101.85,83
6335,2114,91,3,4806.55,53
6336,2114,83,3,18455.42,53
6337,2114,95,4,29603.95,16
6338,2114,122,4,2349.23,96
6339,2115,73,4,7599.51,70
6340,2115,166,1,2666.16,47
6341,2116,98,1,1260.01,66
6342,2116,79,3,3269.81,66
6343,2116,191,5,1754.06,73
6344,2117,43,1,98247.37,19
6345,2118,185,4,1085.28,89
6346,2118,192,2,7461.34,73
6347,2118,150,1,22291.25,1
6348,2118,189,5,2811.23,39
6349,2119,174,1,7801.61,89
6350,2119,141,4,10789.69,83
6351,2119,177,5,3546.32,49
6352,2120,150,3,22291.25,30
6353,2121,95,4,29603.95,96
6354,2121,50,4,3979.14,4
6355,2121,165,3,2338.31,4
6356,2122,45,2,9220.4,56
6357,2122,130,3,530.75,54
6358,2123,118,5,2637.64,31
6359,2123,65,2,8962.94,3
6360,2123,84,4,529.09,61
6361,2123,46,4,6493.42,85
6362,2123,2,2,59090.87,2
6363,2124,87,4,68101.36,89
6364,2124,64,1,93117.18,70
6365,2124,177,2,3546.32,23
6366,2124,117,2,1769.76,53
6367,2125,192,4,7461.34,73
6368,2125,70,3,5396.07,99
6369,2125,117,1,1769.76,78
6370,2125,108,1,3065.18,98
6371,2126,17,4,4055.38,65
6372,2126,80,5,274.27,55
6373,2126,147,3,772.56,27
6374,2126,108,5,3065.18,97
6375,2126,29,3,4216.76,86
6376,2127,172,1,16100.85,49
6377,2127,99,4,8134.79,96
6378,2127,34,2,3262.67,73
6379,2127,100,4,2050.98,26
6380,2127,21,-3,4861.87,87
6381,2128,67,5,94052.48,88
6382,2128,146,5,1205.79,64
6383,2129,173,4,14158.62,3
6384,2129,184,3,19452.92,81
6385,2129,53,3,1750.15,2
6386,2129,146,3,1205.79,73
6387,2130,96,2,26794.28,15
6388,2130,122,4,2349.23,7
6389,2131,167,5,693.18,54
6390,2131,40,1,6624.33,69
6391,2131,45,4,9220.4,87
6392,2132,159,1,314.46,52
6393,2132,11,4,763.98,26
6394,2132,192,2,7461.34,7
6395,2132,141,1,10789.69,51
6396,2133,180,5,308.9,86
6397,2133,131,1,14500.41,60
6398,2134,150,5,22291.25,74
6399,2134,175,2,1171.69,98
6400,2135,7,5,1545.0,10
6401,2135,116,5,3192.27,68
6402,2135,10,2,3469.21,62
6403,2135,175,1,1171.69,71
6404,2135,123,2,2794.3,53
6405,2136,197,2,964.09,98
6406,2136,101,2,24788.51,59
6407,2136,146,1,1205.79,58
6408,2137,63,5,430.09,54
6409,2138,187,5,15169.68,33
6410,2138,7,2,1545.0,51
6411,2138,122,5,2349.23,37
6412,2139,15,1,17548.6,26
6413,2139,13,5,1849.34,68
6414,2140,96,1,26794.28,86
6415,2140,164,2,2495.26,41
6416,2141,118,5,2637.64,88
6417,2141,19,1,8561.48,14
6418,2141,151,3,92003.66,45
6419,2142,189,5,2811.23,53
6420,2142,198,4,2694.15,3
6421,2142,17,4,4055.38,76
6422,2142,19,2,8561.48,8
6423,2142,78,5,40123.29,43
6424,2143,139,4,7772.31,24
6425,2143,200,1,3212.97,47
6426,2143,110,3,797.25,77
6427,2143,198,5,2694.15,20
6428,2143,94,3,2140.24,29
6429,2144,172,5,16100.85,95
6430,2144,183,3,1718.29,84
6431,2144,117,-2,1769.76,6
6432,2144,22,2,16162.22,100
6433,2144,122,1,2349.23,59
6434,2145,113,1,3469.53,53
6435,2145,14,4,42582.22,64
6436,2145,86,1,29410.8,49
6437,2145,148,4,3368.6,82
6438,2145,199,3,702.8,84
6439,2146,91,-1,4806.55,43
6440,2146,156,5,3615.3,74
6441,2147,57,1,2504.37,48
6442,2148,159,5,314.46,92
6443,2148,59,2,1243.65,83
6444,2148,21,5,4861.87,11
6445,2149,135,1,802.55,25
6446,2149,45,4,9220.4,99
6447,2149,58,1,2469.9,14
6448,2150,106,1,484.23,76
6449,2150,143,2,7284.34,52
6450,2150,141,3,10789.69,5
6451,2150,161,4,3019.49,6
6452,2151,26,-1,22441.58,65
6453,2151,74,5,245.13,4
6454,2152,2,1,59090.87,58
6455,2152,42,2,15510.68,51
6456,2152,158,2,1554.87,67
6457,2152,89,2,18350.3,76
6458,2152,113,4,3469.53,70
6459,2153,124,3,2030.13,38
6460,2153,159,5,314.46,41
6461,2154,86,1,29410.8,58
6462,2155,32,5,3754.44,64
6463,2155,43,5,98247.37,43
6464,2156,29,-2,4216.76,82
6465,2156,69,4,6749.31,80
6466,2156,3,3,52845.51,11
6467,2156,54,1,4173.59,53
6468,2156,19,5,8561.48,0
6469,2157,16,5,1945.54,87
6470,2157,176,1,59597.44,92
6471,2157,85,5,2290.94,49
6472,2157,128,1,5319.49,21
6473,2158,94,4,2140.24,50
6474,2158,87,2,68101.36,1
6475,2158,49,5,2142.2,4
6476,2158,40,5,6624.33,17
6477,2159,185,2,1085.28,79
6478,2160,44,4,70908.36,7
6479,2161,151,4,92003.66,24
6480,2161,74,3,245.13,35
6481,2162,180,2,308.9,41
6482,2162,145,5,3116.82,48
6483,2162,26,2,22441.58,82
6484,2163,182,3,29049.69,66
6485,2163,101,4,24788.51,0
6486,2163,7,1,1545.0,22
6487,2164,16,-3,1945.54,84
6488,2165,84,3,529.09,20
6489,2165,24,3,2479.74,27
6490,2166,25,5,3779.14,2
6491,2166,78,-5,40123.29,11
6492,2166,170,2,13731.85,28
6493,2166,115,4,729.43,46
6494,2167,60,1,1918.94,23
6495,2167,86,5,29410.8,34
6496,2168,157,4,3574.22,51
6497,2168,167,1,693.18,31
6498,2168,80,5,274.27,48
6499,2168,145,4,3116.82,0
6500,2168,137,2,14060.07,96
6501,2169,131,2,14500.41,48
6502,2169,197,3,964.09,17
6503,2169,185,3,1085.28,5
6504,2170,185,3,1085.28,28
6505,2170,110,4,797.25,32
6506,2170,180,5,308.9,96
6507,2171,125,-5,800.11,56
6508,2172,101,3,24788.51,86
6509,2172,196,1,2283.28,31
6510,2172,175,4,1171.69,89
6511,2173,69,5,6749.31,69
6512,2173,64,-2,93117.18,15
6513,2173,105,3,2738.82,91
6514,2174,49,4,2142.2,63
6515,2174,132,2,14673.24,66
6516,2174,45,3,9220.4,35
6517,2174,156,4,3615.3,52
6518,2174,168,2,2536.06,25
6519,2175,135,2,802.55,54
6520,2175,86,1,29410.8,48
6521,2176,104,4,3389.18,77
6522,2176,38,5,2266.82,67
6523,2176,87,4,68101.36,36
6524,2176,79,5,3269.81,9
6525,2177,127,3,1797.09,74
6526,2177,13,3,1849.34,72
6527,2178,51,2,3521.45,17
6528,2178,136,1,2848.35,32
6529,2178,10,2,3469.21,77
6530,2178,159,5,314.46,49
6531,2179,44,2,70908.36,52
6532,2179,151,5,92003.66,79
6533,2180,3,1,52845.51,49
6534,2180,35,4,3131.28,50
6535,2181,191,4,1754.06,72
6536,2182,17,4,4055.38,22
6537,2182,74,2,245.13,44
6538,2182,163,4,33147.7,78
6539,2182,99,5,8134.79,76
6540,2182,79,2,3269.81,75
6541,2183,50,5,3979.14,31
6542,2183,33,2,835.93,41
6543,2183,106,5,484.23,94
6544,2183,80,4,274.27,51
6545,2183,180,5,308.9,65
6546,2184,7,4,1545.0,57
6547,2184,138,5,3632.53,23
6548,2184,77,3,1679.18,99
6549,2184,2,4,59090.87,1
6550,2185,73,1,7599.51,31
6551,2185,190,3,1227.09,67
6552,2185,90,2,17430.69,6
6553,2186,53,3,1750.15,77
6554,2186,32,2,3754.44,12
6555,2186,67,3,94052.48,25
6556,2186,141,5,10789.69,67
6557,2186,8,2,4278.68,97
6558,2187,38,1,2266.82,19
6559,2187,156,2,3615.3,51
6560,2187,190,-1,1227.09,3
6561,2187,179,1,2528.54,8
6562,2187,101,3,24788.51,38
6563,2188,200,4,3212.97,51
6564,2189,184,5,19452.92,92
6565,2189,104,1,3389.18,39
6566,2190,121,1,1118.51,36
6567,2190,88,5,7189.72,9
6568,2191,82,3,2740.6,15
6569,2191,23,1,317.81,26
6570,2192,143,5,7284.34,63
6571,2192,119,3,35613.06,19
6572,2192,78,5,40123.29,60
6573,2192,23,2,317.81,4
6574,2192,120,5,67415.8,78
6575,2193,128,4,5319.49,82
6576,2193,86,3,29410.8,85
6577,2193,120,4,67415.8,38
6578,2193,3,2,52845.51,95
6579,2193,137,2,14060.07,37
6580,2194,25,3,3779.14,79
6581,2195,104,1,3389.18,66
6582,2195,128,2,5319.49,29
6583,2196,91,2,4806.55,3
6584,2196,34,5,3262.67,62
6585,2196,44,4,70908.36,54
6586,2197,184,1,19452.92,79
6587,2197,23,3,317.81,71
6588,2197,177,5,3546.32,51
6589,2197,68,-2,1575.64,72
6590,2197,171,5,5623.35,4
6591,2198,25,4,3779.14,68
6592,2198,71,2,1994.84,0
6593,2198,105,1,2738.82,60
6594,2199,146,2,1205.79,80
6595,2199,171,1,5623.35,57
6596,2199,109,5,3878.01,52
6597,2200,164,1,2495.26,67
6598,2200,58,4,2469.9,73
6599,2200,117,3,1769.76,61
6600,2200,24,2,2479.74,96
6601,2201,3,1,52845.51,39
6602,2201,150,2,22291.25,39
6603,2201,185,4,1085.28,32
6604,2202,27,2,3860.01,40
6605,2203,32,1,3754.44,84
6606,2203,40,2,6624.33,61
6607,2204,67,3,94052.48,51
6608,2204,55,1,1885.07,1
6609,2204,153,1,98307.89,63
6610,2204,2,4,59090.87,63
6611,2204,138,2,3632.53,82
6612,2205,139,1,7772.31,63
6613,2205,166,3,2666.16,7
6614,2206,46,4,6493.42,11
6615,2206,63,5,430.09,97
6616,2207,27,1,3860.01,18
6617,2207,183,3,1718.29,79
6618,2208,200,5,3212.97,92
6619,2208,77,1,1679.18,75
6620,2208,53,2,1750.15,66
6621,2208,9,4,26698.69,24
6622,2208,23,2,317.81,58
6623,2209,136,2,2848.35,38
6624,2210,83,3,18455.42,39
6625,2210,115,3,729.43,57
6626,2211,97,5,4030.37,77
6627,2211,119,1,35613.06,99
6628,2211,60,3,1918.94,63
6629,2212,69,1,6749.31,56
6630,2212,124,5,2030.13,53
6631,2212,199,2,702.8,99
6632,2212,161,2,3019.49,40
6633,2213,116,1,3192.27,88
6634,2214,105,-4,2738.82,41
6635,2214,183,1,1718.29,99
6636,2214,195,5,7327.29,9
6637,2214,6,4,63491.13,80
6638,2215,173,5,14158.62,99
6639,2216,200,1,3212.97,61
6640,2216,152,2,9297.38,84
6641,2216,102,2,68170.84,68
6642,2217,94,3,2140.24,10
6643,2217,163,3,33147.7,45
6644,2217,11,4,763.98,24
6645,2217,145,3,3116.82,4
6646,2217,192,5,7461.34,9
6647,2218,24,3,2479.74,65
6648,2218,200,1,3212.97,44
6649,2218,61,3,27642.73,69
6650,2218,173,1,14158.62,93
6651,2218,12,1,37578.36,41
6652,2219,140,3,3878.75,34
6653,2219,73,5,7599.51,50
6654,2219,158,3,1554.87,31
6655,2219,90,5,17430.69,85
6656,2220,35,4,3131.28,6
6657,2221,118,4,2637.64,0
6658,2221,53,1,1750.15,36
6659,2221,178,1,485.22,75
6660,2221,41,2,79285.87,1
6661,2222,14,3,42582.22,39
6662,2222,74,1,245.13,69
6663,2222,152,3,9297.38,2
6664,2223,194,5,464.22,100
6665,2223,186,5,4929.38,19
6666,2224,65,1,8962.94,69
6667,2224,187,1,15169.68,87
6668,2225,62,5,4101.85,48
6669,2225,8,4,4278.68,98
6670,2226,116,1,3192.27,30
6671,2226,99,5,8134.79,47
6672,2227,106,5,484.23,51
6673,2227,5,3,1198.16,80
6674,2227,59,1,1243.65,84
6675,2227,170,4,13731.85,68
6676,2227,99,5,8134.79,1
6677,2228,22,4,16162.22,41
6678,2228,167,2,693.18,77
6679,2229,38,1,2266.82,48
6680,2229,41,3,79285.87,88
6681,2229,30,4,1221.85,90
6682,2230,77,2,1679.18,26
6683,2230,160,2,14389.43,43
6684,2230,106,4,484.23,16
6685,2230,95,2,29603.95,7
6686,2230,86,2,29410.8,77
6687,2231,77,3,1679.18,33
6688,2231,82,1,2740.6,64
6689,2231,46,5,6493.42,6
6690,2231,93,4,1383.07,62
6691,2232,50,5,3979.14,92
6692,2233,38,5,2266.82,61
6693,2233,47,1,497.81,76
6694,2233,184,2,19452.92,5
6695,2233,19,1,8561.48,76
6696,2233,17,5,4055.38,11
6697,2234,52,3,3961.79,28
6698,2234,117,1,1769.76,11
6699,2234,122,2,2349.23,87
6700,2234,64,2,93117.18,49
6701,2234,33,4,835.93,12
6702,2235,132,3,14673.24,68
6703,2236,69,5,6749.31,43
6704,2236,161,5,3019.49,6
6705,2236,25,3,3779.14,20
6706,2237,29,2,4216.76,23
6707,2237,119,1,35613.06,14
6708,2237,143,5,7284.34,83
6709,2237,190,4,1227.09,4
6710,2238,7,4,1545.0,87
6711,2238,71,2,1994.84,18
6712,2238,5,1,1198.16,40
6713,2239,54,5,4173.59,60
6714,2239,44,1,70908.36,60
6715,2240,95,3,29603.95,46
6716,2240,88,3,7189.72,37
6717,2240,29,4,4216.76,92
6718,2240,13,1,1849.34,68
6719,2241,11,2,763.98,10
6720,2241,125,4,800.11,96
6721,2242,187,3,15169.68,49
6722,2243,189,5,2811.23,73
6723,2244,7,2,1545.0,73
6724,2244,160,3,14389.43,53
6725,2244,116,4,3192.27,49
6726,2245,49,2,2142.2,52
6727,2245,190,2,1227.09,31
6728,2245,158,3,1554.87,89
6729,2245,23,5,317.81,48
6730,2246,74,3,245.13,29
6731,2247,74,2,245.13,95
6732,2248,113,-1,3469.53,94
6733,2248,48,5,17690.82,38
6734,2248,101,1,24788.51,16
6735,2248,58,3,2469.9,62
6736,2249,171,4,5623.35,0
6737,2249,166,2,2666.16,49
6738,2249,20,5,1317.81,51
6739,2249,27,1,3860.01,42
6740,2249,19,1,8561.48,50
6741,2250,24,1,2479.74,50
6742,2250,76,-4,19136.21,30
6743,2251,72,1,199.64,47
6744,2251,166,1,2666.16,16
6745,2251,151,5,92003.66,82
6746,2251,31,1,1292.25,82
6747,2252,65,3,8962.94,1
6748,2252,14,5,42582.22,69
6749,2252,9,5,26698.69,15
6750,2252,105,1,2738.82,27
6751,2253,32,1,3754.44,75
6752,2253,8,1,4278.68,21
6753,2253,69,1,6749.31,94
6754,2253,135,2,802.55,81
6755,2253,6,1,63491.13,18
6756,2254,115,2,729.43,2
6757,2254,91,5,4806.55,33
6758,2254,65,3,8962.94,20
6759,2255,42,4,15510.68,96
6760,2255,130,3,530.75,72
6761,2256,16,5,1945.54,46
6762,2256,42,2,15510.68,14
6763,2256,93,5,1383.07,83
6764,2256,141,2,10789.69,50
6765,2257,128,1,5319.49,79
6766,2258,193,4,1383.66,5
6767,2258,151,2,92003.66,59
6768,2258,96,3,26794.28,63
6769,2258,127,3,1797.09,84
6770,2258,41,3,79285.87,32
6771,2259,46,5,6493.42,17
6772,2259,110,1,797.25,40
6773,2259,102,3,68170.84,95
6774,2260,181,5,3357.0,36
6775,2260,123,3,2794.3,42
6776,2260,81,2,641.3,65
6777,2260,91,1,4806.55,15
6778,2260,126,5,52173.6,2
6779,2261,19,1,8561.48,91
6780,2261,154,5,1413.98,76
6781,2261,93,4,1383.07,44
6782,2261,172,3,16100.85,67
6783,2261,34,2,3262.67,36
6784,2262,187,3,15169.68,50
6785,2262,118,4,2637.64,20
6786,2262,18,2,3084.08,76
6787,2263,121,2,1118.51,15
6788,2263,167,4,693.18,78
6789,2263,198,4,2694.15,6
6790,2264,191,4,1754.06,48
6791,2264,15,1,17548.6,30
6792,2264,113,4,3469.53,13
6793,2265,120,2,67415.8,39
6794,2265,117,5,1769.76,54
6795,2265,152,1,9297.38,57
6796,2265,30,1,1221.85,37
6797,2266,178,2,485.22,96
6798,2266,47,4,497.81,51
6799,2266,98,1,1260.01,16
6800,2266,144,2,382.9,45
6801,2267,52,3,3961.79,64
6802,2268,150,1,22291.25,9
6803,2268,39,3,534.57,25
6804,2268,107,1,5474.76,8
6805,2269,63,2,430.09,86
6806,2269,181,1,3357.0,54
6807,2269,198,4,2694.15,12
6808,2269,82,3,2740.6,54
6809,2270,65,3,8962.94,67
6810,2271,13,5,1849.34,7
6811,2271,76,3,19136.21,16
6812,2271,113,2,3469.53,32
6813,2271,199,3,702.8,9
6814,2272,6,2,63491.13,75
6815,2272,9,3,26698.69,39
6816,2273,1,5,253.9,33
6817,2273,43,1,98247.37,90
6818,2273,76,4,19136.21,33
6819,2273,17,3,4055.38,27
6820,2274,6,3,63491.13,88
6821,2275,65,5,8962.94,6
6822,2275,67,3,94052.48,92
6823,2275,85,4,2290.94,15
6824,2275,117,5,1769.76,94
6825,2276,184,5,19452.92,81
6826,2277,36,5,14186.62,50
6827,2277,10,4,3469.21,95
6828,2277,156,3,3615.3,91
6829,2277,137,4,14060.07,74
6830,2277,166,2,2666.16,54
6831,2278,118,4,2637.64,15
6832,2278,75,5,1758.88,30
6833,2278,51,-2,3521.45,41
6834,2279,200,-4,3212.97,33
6835,2279,167,5,693.18,58
6836,2279,199,4,702.8,70
6837,2279,22,1,16162.22,47
6838,2279,165,4,2338.31,6
6839,2280,71,2,1994.84,95
6840,2280,78,4,40123.29,60
6841,2281,115,5,729.43,33
6842,2282,20,1,1317.81,82
6843,2282,36,1,14186.62,72
6844,2283,129,2,4097.17,3
6845,2283,95,5,29603.95,46
6846,2284,159,4,314.46,30
6847,2284,118,2,2637.64,24
6848,2284,14,2,42582.22,88
6849,2284,125,5,800.11,89
6850,2285,5,2,1198.16,100
6851,2285,95,2,29603.95,26
6852,2285,166,5,2666.16,51
6853,2285,45,3,9220.4,33
6854,2286,6,2,63491.13,71
6855,2287,147,3,772.56,30
6856,2287,75,2,1758.88,50
6857,2288,80,4,274.27,79
6858,2288,99,5,8134.79,83
6859,2288,42,2,15510.68,33
6860,2288,168,2,2536.06,56
6861,2289,1,-2,253.9,79
6862,2289,109,2,3878.01,28
6863,2289,4,5,18013.15,43
6864,2289,69,2,6749.31,5
6865,2290,91,2,4806.55,87
6866,2290,179,2,2528.54,2
6867,2291,140,1,3878.75,32
6868,2291,101,1,24788.51,8
6869,2291,117,4,1769.76,78
6870,2291,79,2,3269.81,29
6871,2291,191,2,1754.06,66
6872,2292,111,3,7723.9,17
6873,2292,184,2,19452.92,38
6874,2292,148,4,3368.6,84
6875,2293,87,5,68101.36,75
6876,2294,63,2,430.09,77
6877,2294,121,1,1118.51,86
6878,2294,5,4,1198.16,42
6879,2294,183,3,1718.29,10
6880,2294,75,3,1758.88,34
6881,2295,99,2,8134.79,49
6882,2295,191,1,1754.06,56
6883,2295,40,3,6624.33,55
6884,2296,78,5,40123.29,79
6885,2296,14,1,42582.22,25
6886,2296,62,5,4101.85,28
6887,2296,191,1,1754.06,3
6888,2296,143,1,7284.34,91
6889,2297,155,3,896.22,31
6890,2297,111,2,7723.9,86
6891,2297,103,2,1452.77,23
6892,2297,32,4,3754.44,80
6893,2298,130,2,530.75,63
6894,2298,196,4,2283.28,59
6895,2299,168,2,2536.06,26
6896,2299,39,1,534.57,53
6897,2299,50,5,3979.14,89
6898,2299,19,1,8561.48,50
6899,2300,153,3,98307.89,93
6900,2300,179,4,2528.54,3
6901,2300,161,4,3019.49,0
6902,2300,151,2,92003.66,71
6903,2301,141,1,10789.69,30
6904,2301,151,4,92003.66,4
6905,2301,125,3,800.11,78
6906,2302,149,2,3551.09,79
6907,2302,178,5,485.22,38
6908,2302,87,2,68101.36,80
6909,2303,112,1,5163.37,93
6910,2303,186,1,4929.38,81
6911,2303,54,4,4173.59,90
6912,2304,149,1,3551.09,16
6913,2304,139,4,7772.31,34
6914,2304,39,1,534.57,86
6915,2305,110,4,797.25,100
6916,2305,173,3,14158.62,64
6917,2305,54,2,4173.59,54
6918,2305,125,4,800.11,53
6919,2306,42,3,15510.68,72
6920,2306,142,1,11700.98,55
6921,2307,47,1,497.81,5
6922,2307,31,2,1292.25,90
6923,2308,50,2,3979.14,65
6924,2308,162,3,91765.85,81
6925,2308,47,4,497.81,33
6926,2308,126,4,52173.6,93
6927,2309,157,3,3574.22,73
6928,2310,141,3,10789.69,40
6929,2310,153,5,98307.89,62
6930,2310,177,5,3546.32,26
6931,2310,98,1,1260.01,66
6932,2311,171,5,5623.35,89
6933,2311,194,5,464.22,86
6934,2312,121,5,1118.51,69
6935,2312,79,3,3269.81,76
6936,2312,9,1,26698.69,32
6937,2312,195,5,7327.29,90
6938,2313,71,4,1994.84,4
6939,2313,183,5,1718.29,94
6940,2313,12,5,37578.36,40
6941,2313,166,3,2666.16,1
6942,2313,35,3,3131.28,76
6943,2314,135,2,802.55,53
6944,2314,84,4,529.09,37
6945,2315,183,2,1718.29,16
6946,2315,149,2,3551.09,75
6947,2316,62,4,4101.85,12
6948,2316,55,2,1885.07,12
6949,2316,32,2,3754.44,91
6950,2317,45,5,9220.4,90
6951,2317,59,5,1243.65,83
6952,2317,20,1,1317.81,84
6953,2317,165,1,2338.31,42
6954,2317,2,5,59090.87,36
6955,2318,98,3,1260.01,29
6956,2318,3,3,52845.51,2
6957,2318,79,1,3269.81,89
6958,2318,174,1,7801.61,23
6959,2318,147,4,772.56,55
6960,2319,75,2,1758.88,24
6961,2319,56,5,23622.11,67
6962,2320,199,4,702.8,38
6963,2320,107,2,5474.76,81
6964,2320,11,2,763.98,43
6965,2321,15,4,17548.6,95
6966,2321,188,5,41686.05,89
6967,2321,164,4,2495.26,8
6968,2321,198,5,2694.15,99
6969,2322,93,5,1383.07,18
6970,2322,197,2,964.09,26
6971,2322,59,4,1243.65,67
6972,2322,189,5,2811.23,83
6973,2322,49,4,2142.2,7
6974,2323,66,-5,6345.81,37
6975,2323,38,1,2266.82,49
6976,2323,158,5,1554.87,6
6977,2324,151,1,92003.66,93
6978,2324,92,2,12217.22,89
6979,2324,8,3,4278.68,73
6980,2324,88,3,7189.72,51
6981,2325,113,4,3469.53,95
6982,2325,49,5,2142.2,76
6983,2325,84,5,529.09,34
6984,2326,87,1,68101.36,96
6985,2326,57,3,2504.37,65
6986,2326,99,4,8134.79,87
6987,2326,124,4,2030.13,79
6988,2327,57,5,2504.37,99
6989,2327,142,4,11700.98,24
6990,2327,61,5,27642.73,30
6991,2328,194,5,464.22,56
6992,2329,172,2,16100.85,50
6993,2329,62,1,4101.85,6
6994,2330,46,1,6493.42,73
6995,2330,188,2,41686.05,53
6996,2330,191,1,1754.06,49
6997,2330,70,4,5396.07,16
6998,2330,106,1,484.23,12
6999,2331,38,3,2266.82,45
7000,2331,139,3,7772.31,93
7001,2331,130,4,530.75,87
7002,2331,19,-5,8561.48,52
7003,2332,111,3,7723.9,63
7004,2332,69,5,6749.31,51
7005,2332,155,3,896.22,41
7006,2333,180,4,308.9,45
7007,2333,19,1,8561.48,22
7008,2333,47,3,497.81,60
7009,2334,175,3,1171.69,0
7010,2334,147,1,772.56,6
7011,2334,79,4,3269.81,67
7012,2334,57,4,2504.37,43
7013,2335,3,4,52845.51,67
7014,2335,38,2,2266.82,37
7015,2335,189,1,2811.23,45
7016,2335,192,1,7461.34,53
7017,2335,159,4,314.46,45
7018,2336,168,3,2536.06,13
7019,2336,172,2,16100.85,22
7020,2336,4,3,18013.15,38
7021,2337,83,1,18455.42,98
7022,2337,74,5,245.13,75
7023,2337,87,5,68101.36,60
7024,2338,37,1,3250.66,18
7025,2338,76,2,19136.21,25
7026,2338,63,5,430.09,52
7027,2339,151,4,92003.66,2
7028,2339,18,5,3084.08,99
7029,2339,177,2,3546.32,40
7030,2339,61,4,27642.73,5
7031,2339,72,1,199.64,57
7032,2340,188,2,41686.05,52
7033,2341,199,1,702.8,79
7034,2341,142,3,11700.98,34
7035,2342,7,2,1545.0,65
7036,2342,81,4,641.3,7
7037,2343,30,1,1221.85,88
7038,2343,176,3,59597.44,93
7039,2344,28,5,702.92,78
7040,2345,156,2,3615.3,3
7041,2345,100,5,2050.98,99
7042,2345,126,3,52173.6,95
7043,2345,198,1,2694.15,27
7044,2345,199,3,702.8,85
7045,2346,121,1,1118.51,74
7046,2346,125,4,800.11,81
7047,2346,98,-1,1260.01,77
7048,2346,136,4,2848.35,76
7049,2346,160,4,14389.43,73
7050,2347,100,2,2050.98,34
7051,2347,199,3,702.8,19
7052,2347,64,5,93117.18,34
7053,2347,98,1,1260.01,26
7054,2348,193,4,1383.66,78
7055,2348,16,-3,1945.54,67
7056,2348,64,1,93117.18,38
7057,2349,152,1,9297.38,59
7058,2349,169,2,7775.36,45
7059,2349,94,4,2140.24,96
7060,2350,121,3,1118.51,65
7061,2350,99,1,8134.79,73
7062,2350,40,3,6624.33,63
7063,2350,28,2,702.92,73
7064,2351,195,1,7327.29,43
7065,2351,130,5,530.75,80
7066,2351,186,5,4929.38,5
7067,2352,91,4,4806.55,0
7068,2352,117,2,1769.76,91
7069,2353,98,3,1260.01,34
7070,2353,129,2,4097.17,83
7071,2353,55,1,1885.07,29
7072,2353,163,1,33147.7,45
7073,2353,110,5,797.25,76
7074,2354,23,3,317.81,66
7075,2354,188,3,41686.05,78
7076,2355,159,4,314.46,24
7077,2356,12,2,37578.36,5
7078,2356,48,2,17690.82,12
7079,2356,79,5,3269.81,95
7080,2357,6,4,63491.13,60
7081,2357,62,3,4101.85,68
7082,2357,189,4,2811.23,58
7083,2357,180,3,308.9,78
7084,2358,191,1,1754.06,84
7085,2358,110,3,797.25,8
7086,2358,142,5,11700.98,54
7087,2359,51,5,3521.45,92
7088,2359,125,2,800.11,25
7089,2359,64,1,93117.18,64
7090,2360,32,2,3754.44,77
7091,2360,152,3,9297.38,100
7092,2360,120,5,67415.8,50
7093,2360,49,5,2142.2,35
7094,2360,68,1,1575.64,73
7095,2361,96,2,26794.28,31
7096,2361,111,2,7723.9,21
7097,2361,63,4,430.09,3
7098,2361,11,3,763.98,92
7099,2362,28,4,702.92,91
7100,2362,194,5,464.22,96
7101,2362,53,3,1750.15,21
7102,2362,45,4,9220.4,53
7103,2362,169,4,7775.36,37
7104,2363,164,2,2495.26,12
7105,2363,86,4,29410.8,24
7106,2363,26,1,22441.58,49
7107,2363,186,-4,4929.38,23
7108,2363,114,5,12262.14,27
7109,2364,118,3,2637.64,11
7110,2365,90,1,17430.69,59
7111,2365,70,5,5396.07,64
7112,2365,183,2,1718.29,37
7113,2365,51,2,3521.45,48
7114,2365,170,3,13731.85,43
7115,2366,41,3,79285.87,53
7116,2366,112,5,5163.37,70
7117,2366,46,5,6493.42,2
7118,2366,84,4,529.09,19
7119,2366,45,2,9220.4,17
7120,2367,48,2,17690.82,28
7121,2367,51,4,3521.45,15
7122,2367,69,4,6749.31,79
7123,2367,62,5,4101.85,74
7124,2368,89,2,18350.3,21
7125,2369,122,4,2349.23,86
7126,2369,180,5,308.9,7
7127,2370,71,4,1994.84,40
7128,2371,108,5,3065.18,80
7129,2371,176,4,59597.44,7
7130,2371,112,5,5163.37,35
7131,2372,99,4,8134.79,74
7132,2372,107,3,5474.76,90
7133,2372,153,3,98307.89,9
7134,2372,200,4,3212.97,53
7135,2373,144,3,382.9,40
7136,2373,109,2,3878.01,75
7137,2373,169,5,7775.36,9
7138,2373,6,5,63491.13,69
7139,2374,126,1,52173.6,57
7140,2374,44,2,70908.36,59
7141,2374,25,5,3779.14,8
7142,2374,74,3,245.13,74
7143,2374,144,1,382.9,41
7144,2375,13,5,1849.34,7
7145,2375,153,5,98307.89,74
7146,2375,181,3,3357.0,47
7147,2375,53,5,1750.15,77
7148,2376,57,2,2504.37,51
7149,2376,74,5,245.13,26
7150,2376,75,-5,1758.88,33
7151,2376,97,5,4030.37,65
7152,2377,164,4,2495.26,26
7153,2377,139,5,7772.31,2
7154,2377,87,2,68101.36,2
7155,2377,44,4,70908.36,51
7156,2378,91,2,4806.55,30
7157,2379,84,4,529.09,87
7158,2379,197,1,964.09,23
7159,2379,58,1,2469.9,80
7160,2379,199,5,702.8,3
7161,2379,61,3,27642.73,94
7162,2380,161,5,3019.49,69
7163,2381,187,2,15169.68,72
7164,2382,150,5,22291.25,82
7165,2382,194,4,464.22,83
7166,2382,111,1,7723.9,65
7167,2382,121,2,1118.51,3
7168,2382,142,4,11700.98,0
7169,2383,64,4,93117.18,91
7170,2383,195,5,7327.29,4
7171,2383,29,1,4216.76,6
7172,2383,139,4,7772.31,75
7173,2384,18,2,3084.08,61
7174,2384,103,2,1452.77,75
7175,2385,194,2,464.22,49
7176,2385,176,5,59597.44,77
7177,2385,19,2,8561.48,28
7178,2385,164,3,2495.26,90
7179,2385,51,5,3521.45,84
7180,2386,91,3,4806.55,77
7181,2386,92,4,12217.22,5
7182,2386,172,2,16100.85,91
7183,2386,17,3,4055.38,5
7184,2387,66,4,6345.81,41
7185,2387,10,4,3469.21,65
7186,2387,63,5,430.09,52
7187,2387,179,5,2528.54,100
7188,2388,152,2,9297.38,43
7189,2388,104,3,3389.18,88
7190,2389,72,1,199.64,62
7191,2389,44,4,70908.36,30
7192,2389,162,1,91765.85,98
7193,2389,66,2,6345.81,84
7194,2390,136,1,2848.35,41
7195,2390,57,3,2504.37,43
7196,2391,66,3,6345.81,56
7197,2392,155,3,896.22,16
7198,2393,25,5,3779.14,61
7199,2394,166,5,2666.16,86
7200,2394,33,2,835.93,66
7201,2394,158,3,1554.87,90
7202,2394,28,3,702.92,33
7203,2394,4,1,18013.15,39
7204,2395,189,5,2811.23,68
7205,2395,126,2,52173.6,13
7206,2395,80,1,274.27,39
7207,2396,170,3,13731.85,61
7208,2397,52,1,3961.79,96
7209,2398,53,2,1750.15,82
7210,2398,106,3,484.23,6
7211,2399,177,4,3546.32,68
7212,2399,192,4,7461.34,14
7213,2400,52,4,3961.79,99
7214,2400,99,5,8134.79,77
7215,2400,144,1,382.9,95
7216,2401,7,5,1545.0,81
7217,2402,199,-4,702.8,79
7218,2402,161,4,3019.49,68
7219,2402,156,1,3615.3,18
7220,2402,30,2,1221.85,81
7221,2403,107,3,5474.76,45
7222,2403,74,4,245.13,65
7223,2403,76,3,19136.21,33
7224,2404,114,4,12262.14,73
7225,2404,164,3,2495.26,3
7226,2404,117,2,1769.76,98
7227,2404,121,4,1118.51,92
7228,2405,128,-3,5319.49,2
7229,2405,5,1,1198.16,55
7230,2405,110,2,797.25,17
7231,2405,177,5,3546.32,40
7232,2406,7,2,1545.0,97
7233,2406,9,4,26698.69,64
7234,2406,20,2,1317.81,15
7235,2406,188,3,41686.05,74
7236,2407,85,3,2290.94,57
7237,2407,109,2,3878.01,76
7238,2407,56,2,23622.11,84
7239,2407,169,4,7775.36,29
7240,2408,129,5,4097.17,50
7241,2409,119,2,35613.06,90
7242,2409,78,1,40123.29,17
7243,2409,102,5,68170.84,11
7244,2409,151,3,92003.66,71
7245,2409,148,3,3368.6,90
7246,2410,108,2,3065.18,29
7247,2410,90,2,17430.69,22
7248,2410,53,3,1750.15,11
7249,2411,7,3,1545.0,8
7250,2411,6,-5,63491.13,44
7251,2411,37,3,3250.66,68
7252,2411,123,2,2794.3,74
7253,2412,193,4,1383.66,3
7254,2412,35,4,3131.28,26
7255,2412,192,3,7461.34,37
7256,2412,63,4,430.09,60
7257,2413,119,4,35613.06,22
7258,2413,116,1,3192.27,44
7259,2413,153,5,98307.89,45
7260,2414,116,3,3192.27,83
7261,2414,154,1,1413.98,80
7262,2414,122,4,2349.23,34
7263,2414,184,5,19452.92,14
7264,2414,68,4,1575.64,8
7265,2415,192,1,7461.34,43
7266,2415,63,1,430.09,20
7267,2415,14,2,42582.22,9
7268,2415,165,5,2338.31,85
7269,2416,68,4,1575.64,72
7270,2417,136,1,2848.35,82
7271,2417,25,3,3779.14,12
7272,2417,140,2,3878.75,100
7273,2417,19,3,8561.48,35
7274,2417,188,4,41686.05,49
7275,2418,126,5,52173.6,32
7276,2419,190,2,1227.09,88
7277,2419,137,4,14060.07,57
7278,2419,152,3,9297.38,3
7279,2419,25,2,3779.14,75
7280,2419,100,2,2050.98,68
7281,2420,165,3,2338.31,85
7282,2420,161,2,3019.49,25
7283,2420,188,-1,41686.05,19
7284,2420,10,4,3469.21,81
7285,2421,9,1,26698.69,73
7286,2421,89,5,18350.3,49
7287,2421,2,2,59090.87,14
7288,2422,60,2,1918.94,53
7289,2422,27,4,3860.01,57
7290,2422,5,4,1198.16,15
7291,2422,68,5,1575.64,95
7292,2422,189,4,2811.23,53
7293,2423,29,4,4216.76,9
7294,2423,10,1,3469.21,17
7295,2423,116,3,3192.27,95
7296,2423,140,4,3878.75,30
7297,2424,46,2,6493.42,4
7298,2424,193,2,1383.66,16
7299,2424,75,2,1758.88,87
7300,2425,176,3,59597.44,78
7301,2425,123,5,2794.3,69
7302,2426,8,1,4278.68,26
7303,2427,106,4,484.23,70
7304,2427,199,2,702.8,53
7305,2427,63,4,430.09,45
7306,2427,103,5,1452.77,94
7307,2428,117,1,1769.76,60
7308,2429,148,5,3368.6,9
7309,2429,169,3,7775.36,19
7310,2429,136,3,2848.35,35
7311,2429,65,4,8962.94,15
7312,2430,10,3,3469.21,3
7313,2430,83,5,18455.42,21
7314,2430,187,2,15169.68,31
7315,2431,184,1,19452.92,58
7316,2431,193,3,1383.66,50
7317,2431,96,3,26794.28,55
7318,2432,167,2,693.18,48
7319,2432,87,1,68101.36,14
7320,2432,177,5,3546.32,49
7321,2433,27,4,3860.01,96
7322,2433,123,2,2794.3,48
7323,2434,27,1,3860.01,72
7324,2434,168,5,2536.06,100
7325,2435,189,4,2811.23,78
7326,2435,97,3,4030.37,45
7327,2435,183,5,1718.29,97
7328,2436,85,2,2290.94,62
7329,2436,128,4,5319.49,48
7330,2437,111,1,7723.9,38
7331,2437,86,5,29410.8,5
7332,2437,166,1,2666.16,27
7333,2438,42,3,15510.68,0
7334,2438,143,2,7284.34,95
7335,2438,56,3,23622.11,43
7336,2438,32,1,3754.44,93
7337,2438,21,2,4861.87,100
7338,2439,35,3,3131.28,87
7339,2439,90,3,17430.69,70
7340,2439,39,4,534.57,61
7341,2440,162,2,91765.85,68
7342,2440,45,5,9220.4,29
7343,2441,6,1,63491.13,38
7344,2441,51,4,3521.45,96
7345,2441,177,2,3546.32,29
7346,2441,37,1,3250.66,32
7347,2441,121,3,1118.51,35
7348,2442,168,1,2536.06,47
7349,2442,169,4,7775.36,37
7350,2442,52,5,3961.79,25
7351,2442,23,2,317.81,45
7352,2443,42,1,15510.68,33
7353,2444,57,4,2504.37,67
7354,2444,117,5,1769.76,59
7355,2444,131,5,14500.41,40
7356,2444,125,2,800.11,8
7357,2444,77,2,1679.18,88
7358,2445,15,3,17548.6,1
7359,2446,150,3,22291.25,36
7360,2446,153,2,98307.89,56
7361,2446,16,4,1945.54,83
7362,2446,40,4,6624.33,54
7363,2446,22,1,16162.22,65
7364,2447,73,1,7599.51,89
7365,2447,69,5,6749.31,47
7366,2448,118,-1,2637.64,7
7367,2448,53,1,1750.15,92
7368,2448,24,5,2479.74,61
7369,2448,46,2,6493.42,10
7370,2448,82,3,2740.6,26
7371,2449,186,1,4929.38,41
7372,2449,125,1,800.11,8
7373,2449,81,3,641.3,29
7374,2449,199,4,702.8,61
7375,2449,83,5,18455.42,52
7376,2450,27,1,3860.01,1
7377,2450,86,4,29410.8,70
7378,2451,45,5,9220.4,58
7379,2452,165,1,2338.31,78
7380,2453,82,5,2740.6,40
7381,2453,50,4,3979.14,38
7382,2453,170,2,13731.85,42
7383,2453,21,4,4861.87,6
7384,2454,199,5,702.8,83
7385,2454,91,-1,4806.55,18
7386,2454,178,4,485.22,74
7387,2454,47,2,497.81,31
7388,2455,69,3,6749.31,33
7389,2456,170,2,13731.85,1
7390,2456,27,4,3860.01,4
7391,2457,109,2,3878.01,24
7392,2458,118,2,2637.64,64
7393,2459,199,3,702.8,82
7394,2459,200,3,3212.97,89
7395,2459,156,1,3615.3,86
7396,2459,118,3,2637.64,17
7397,2460,48,3,17690.82,94
7398,2460,40,1,6624.33,12
7399,2461,9,2,26698.69,3
7400,2461,49,4,2142.2,52
7401,2461,162,4,91765.85,4
7402,2462,131,3,14500.41,9
7403,2463,45,3,9220.4,94
7404,2463,179,5,2528.54,72
7405,2463,161,2,3019.49,2
7406,2464,16,4,1945.54,54
7407,2465,193,2,1383.66,94
7408,2465,110,5,797.25,18
7409,2466,184,2,19452.92,17
7410,2466,14,3,42582.22,4
7411,2467,48,3,17690.82,29
7412,2468,26,2,22441.58,23
7413,2468,162,2,91765.85,6
7414,2468,130,3,530.75,48
7415,2468,199,2,702.8,83
7416,2468,19,1,8561.48,12
7417,2469,107,1,5474.76,9
7418,2469,55,1,1885.07,97
7419,2469,186,2,4929.38,32
7420,2469,42,5,15510.68,39
7421,2469,135,2,802.55,28
7422,2470,113,1,3469.53,24
7423,2470,89,2,18350.3,82
7424,2470,182,2,29049.69,46
7425,2470,14,2,42582.22,66
7426,2470,147,4,772.56,14
7427,2471,32,2,3754.44,31
7428,2471,188,5,41686.05,32
7429,2472,65,4,8962.94,86
7430,2472,68,3,1575.64,42
7431,2472,64,2,93117.18,27
7432,2473,104,2,3389.18,64
7433,2473,142,4,11700.98,38
7434,2473,44,3,70908.36,78
7435,2474,144,4,382.9,0
7436,2474,103,2,1452.77,33
7437,2474,97,5,4030.37,65
7438,2474,73,4,7599.51,54
7439,2475,112,3,5163.37,22
7440,2475,91,1,4806.55,93
7441,2476,190,3,1227.09,31
7442,2476,180,4,308.9,96
7443,2476,98,4,1260.01,81
7444,2476,81,4,641.3,80
7445,2476,161,2,3019.49,35
7446,2477,67,5,94052.48,81
7447,2477,193,3,1383.66,22
7448,2477,122,5,2349.23,60
7449,2477,146,2,1205.79,45
7450,2477,79,4,3269.81,99
7451,2478,136,3,2848.35,88
7452,2479,83,4,18455.42,51
7453,2479,87,3,68101.36,42
7454,2480,35,1,3131.28,34
7455,2480,34,4,3262.67,97
7456,2480,58,4,2469.9,20
7457,2480,116,-3,3192.27,100
7458,2480,65,2,8962.94,81
7459,2481,92,1,12217.22,79
7460,2481,28,-4,702.92,53
7461,2481,170,3,13731.85,13
7462,2481,147,3,772.56,60
7463,2481,47,3,497.81,28
7464,2482,116,4,3192.27,74
7465,2482,196,3,2283.28,20
7466,2483,164,4,2495.26,99
7467,2483,75,3,1758.88,97
7468,2483,46,4,6493.42,55
7469,2484,187,2,15169.68,43
7470,2484,167,2,693.18,71
7471,2484,43,5,98247.37,89
7472,2485,150,2,22291.25,97
7473,2485,156,5,3615.3,70
7474,2485,21,3,4861.87,95
7475,2485,92,2,12217.22,19
7476,2486,50,2,3979.14,90
7477,2486,195,4,7327.29,63
7478,2486,155,5,896.22,19
7479,2487,96,1,26794.28,43
7480,2487,63,4,430.09,10
7481,2487,109,2,3878.01,82
7482,2488,113,4,3469.53,25
7483,2488,75,5,1758.88,28
7484,2488,44,3,70908.36,34
7485,2488,171,2,5623.35,84
7486,2489,165,4,2338.31,70
7487,2489,48,3,17690.82,64
7488,2489,101,4,24788.51,31
7489,2490,123,1,2794.3,52
7490,2490,166,1,2666.16,50
7491,2490,187,5,15169.68,18
7492,2490,65,3,8962.94,72
7493,2490,112,4,5163.37,75
7494,2491,74,5,245.13,77
7495,2491,23,5,317.81,100
7496,2492,198,4,2694.15,12
7497,2493,104,2,3389.18,86
7498,2493,86,5,29410.8,10
7499,2493,43,1,98247.37,50
7500,2494,123,2,2794.3,88
7501,2494,171,4,5623.35,11
7502,2494,62,1,4101.85,31
7503,2494,157,1,3574.22,63
7504,2494,106,2,484.23,60
7505,2495,44,4,70908.36,7
7506,2495,127,4,1797.09,88
7507,2496,61,1,27642.73,12
7508,2496,38,3,2266.82,68
7509,2497,145,4,3116.82,61
7510,2497,17,5,4055.38,91
7511,2497,20,1,1317.81,71
7512,2497,21,2,4861.87,49
7513,2497,111,3,7723.9,73
7514,2498,96,1,26794.28,16
7515,2498,88,1,7189.72,36
7516,2499,113,2,3469.53,75
7517,2499,69,3,6749.31,100
7518,2499,133,-4,4126.14,50
7519,2499,70,2,5396.07,41
7520,2500,17,2,4055.38,95
7521,2500,12,5,37578.36,81
7522,2500,101,2,24788.51,49
7523,2501,117,3,1769.76,96
7524,2501,59,4,1243.65,26
7525,2501,42,2,15510.68,76
7526,2502,194,4,464.22,17
7527,2503,133,5,4126.14,80
7528,2503,71,3,1994.84,1
7529,2503,21,2,4861.87,50
7530,2503,96,5,26794.28,33
7531,2503,114,5,12262.14,85
7532,2504,89,1,18350.3,23
7533,2505,118,4,2637.64,91
7534,2505,120,3,67415.8,72
7535,2505,18,4,3084.08,11
7536,2505,142,-5,11700.98,52
7537,2506,21,1,4861.87,52
7538,2506,51,5,3521.45,28
7539,2506,173,2,14158.62,42
7540,2506,103,2,1452.77,76
7541,2507,13,1,1849.34,13
7542,2508,61,1,27642.73,21
7543,2508,144,3,382.9,100
7544,2508,138,5,3632.53,3
7545,2508,92,1,12217.22,51
7546,2509,49,5,2142.2,77
7547,2509,153,3,98307.89,93
7548,2510,70,1,5396.07,97
7549,2510,1,1,253.9,24
7550,2510,39,2,534.57,29
7551,2510,31,3,1292.25,34
7552,2510,158,2,1554.87,60
7553,2511,38,4,2266.82,84
7554,2511,98,2,1260.01,87
7555,2511,29,3,4216.76,68
7556,2511,75,1,1758.88,36
7557,2512,41,5,79285.87,69
7558,2513,36,1,14186.62,93
7559,2513,98,1,1260.01,9
7560,2513,66,4,6345.81,63
7561,2514,1,2,253.9,4
7562,2514,99,1,8134.79,32
7563,2514,119,5,35613.06,11
7564,2514,43,1,98247.37,51
7565,2514,140,1,3878.75,36
7566,2515,79,5,3269.81,84
7567,2515,127,1,1797.09,98
7568,2515,43,1,98247.37,6
7569,2515,41,3,79285.87,83
7570,2515,19,2,8561.48,4
7571,2516,94,5,2140.24,71
7572,2516,112,4,5163.37,53
7573,2517,165,4,2338.31,69
7574,2518,177,1,3546.32,79
7575,2519,100,1,2050.98,31
7576,2519,130,3,530.75,18
7577,2519,67,1,94052.48,98
7578,2519,83,2,18455.42,33
7579,2519,153,5,98307.89,95
7580,2520,10,3,3469.21,70
7581,2520,111,3,7723.9,19
7582,2520,54,1,4173.59,26
7583,2521,127,2,1797.09,9
7584,2521,151,4,92003.66,7
7585,2521,121,4,1118.51,72
7586,2522,65,4,8962.94,75
7587,2523,47,2,497.81,69
7588,2524,91,1,4806.55,10
7589,2524,173,3,14158.62,100
7590,2524,49,-4,2142.2,12
7591,2524,68,1,1575.64,63
7592,2525,120,2,67415.8,17
7593,2526,100,5,2050.98,87
7594,2527,103,1,1452.77,17
7595,2527,197,3,964.09,59
7596,2527,192,1,7461.34,20
7597,2528,93,5,1383.07,83
7598,2528,43,1,98247.37,37
7599,2528,125,1,800.11,15
7600,2528,146,2,1205.79,68
7601,2528,111,4,7723.9,80
7602,2529,172,3,16100.85,17
7603,2529,120,4,67415.8,89
7604,2529,24,-1,2479.74,98
7605,2530,144,2,382.9,55
7606,2530,105,4,2738.82,65
7607,2530,82,3,2740.6,62
7608,2530,19,4,8561.48,37
7609,2530,155,4,896.22,24
7610,2531,95,1,29603.95,30
7611,2531,9,5,26698.69,100
7612,2531,169,1,7775.36,4
7613,2531,166,4,2666.16,38
7614,2531,32,5,3754.44,14
7615,2532,187,1,15169.68,100
7616,2532,198,5,2694.15,36
7617,2532,134,2,389.01,31
7618,2532,7,2,1545.0,15
7619,2533,51,3,3521.45,6
7620,2533,70,1,5396.07,90
7621,2533,42,2,15510.68,10
7622,2534,72,2,199.64,42
7623,2534,28,1,702.92,52
7624,2534,175,5,1171.69,84
7625,2535,106,2,484.23,49
7626,2535,172,1,16100.85,52
7627,2535,105,5,2738.82,32
7628,2535,132,3,14673.24,43
7629,2536,108,3,3065.18,22
7630,2536,103,4,1452.77,94
7631,2537,29,1,4216.76,0
7632,2537,157,2,3574.22,81
7633,2537,160,3,14389.43,36
7634,2538,29,1,4216.76,90
7635,2538,197,4,964.09,74
7636,2538,88,5,7189.72,76
7637,2538,49,5,2142.2,35
7638,2539,59,5,1243.65,45
7639,2539,154,4,1413.98,49
7640,2539,157,5,3574.22,36
7641,2539,78,5,40123.29,72
7642,2539,50,5,3979.14,28
7643,2540,174,1,7801.61,47
7644,2541,77,5,1679.18,80
7645,2542,7,4,1545.0,57
7646,2542,100,-3,2050.98,84
7647,2542,104,4,3389.18,26
7648,2543,131,3,14500.41,99
7649,2543,65,5,8962.94,37
7650,2543,53,2,1750.15,23
7651,2544,6,1,63491.13,58
7652,2544,95,2,29603.95,49
7653,2544,16,4,1945.54,17
7654,2544,50,3,3979.14,51
7655,2545,109,1,3878.01,33
7656,2545,43,4,98247.37,1
7657,2545,20,4,1317.81,2
7658,2546,157,1,3574.22,37
7659,2547,117,1,1769.76,28
7660,2547,177,1,3546.32,48
7661,2547,35,5,3131.28,82
7662,2548,57,2,2504.37,33
7663,2548,186,1,4929.38,100
7664,2548,34,5,3262.67,56
7665,2548,141,1,10789.69,0
7666,2549,176,4,59597.44,52
7667,2550,137,5,14060.07,7
7668,2550,49,-3,2142.2,97
7669,2550,44,1,70908.36,62
7670,2550,150,2,22291.25,68
7671,2550,119,2,35613.06,0
7672,2551,107,4,5474.76,21
7673,2551,190,2,1227.09,64
7674,2551,172,1,16100.85,15
7675,2551,76,3,19136.21,84
7676,2552,127,2,1797.09,29
7677,2552,10,2,3469.21,70
7678,2553,103,2,1452.77,22
7679,2553,197,5,964.09,19
7680,2554,73,1,7599.51,68
7681,2554,143,3,7284.34,60
7682,2554,7,3,1545.0,19
7683,2555,28,2,702.92,45
7684,2555,171,5,5623.35,75
7685,2555,39,5,534.57,38
7686,2555,115,1,729.43,0
7687,2555,42,3,15510.68,11
7688,2556,196,5,2283.28,34
7689,2557,65,5,8962.94,14
7690,2557,5,2,1198.16,47
7691,2557,112,1,5163.37,90
7692,2557,118,1,2637.64,31
7693,2558,10,1,3469.21,99
7694,2558,181,3,3357.0,24
7695,2558,195,3,7327.29,99
7696,2559,112,2,5163.37,21
7697,2559,166,5,2666.16,75
7698,2559,88,2,7189.72,0
7699,2559,43,-4,98247.37,37
7700,2560,182,-3,29049.69,62
7701,2561,187,1,15169.68,76
7702,2561,10,4,3469.21,67
7703,2561,50,-2,3979.14,3
7704,2561,81,2,641.3,69
7705,2561,140,1,3878.75,9
7706,2562,32,3,3754.44,13
7707,2563,80,3,274.27,91
7708,2563,150,3,22291.25,31
7709,2563,176,3,59597.44,9
7710,2563,156,-5,3615.3,42
7711,2563,93,2,1383.07,100
7712,2564,63,1,430.09,83
7713,2564,183,3,1718.29,36
7714,2564,54,4,4173.59,71
7715,2564,188,4,41686.05,58
7716,2564,57,3,2504.37,93
7717,2565,56,5,23622.11,4
7718,2565,107,2,5474.76,10
7719,2566,98,5,1260.01,78
7720,2566,137,2,14060.07,2
7721,2566,80,4,274.27,28
7722,2566,89,3,18350.3,63
7723,2566,45,5,9220.4,82
7724,2567,76,2,19136.21,59
7725,2568,63,5,430.09,98
7726,2568,86,1,29410.8,85
7727,2568,110,2,797.25,12
7728,2568,178,-2,485.22,84
7729,2568,120,5,67415.8,92
7730,2569,18,3,3084.08,30
7731,2569,97,4,4030.37,76
7732,2569,193,5,1383.66,1
7733,2569,144,3,382.9,42
7734,2570,173,3,14158.62,44
7735,2570,33,4,835.93,100
7736,2570,149,3,3551.09,75
7737,2570,101,5,24788.51,39
7738,2570,17,1,4055.38,69
7739,2571,51,2,3521.45,73
7740,2571,147,1,772.56,53
7741,2571,116,5,3192.27,55
7742,2572,79,1,3269.81,88
7743,2572,59,3,1243.65,45
7744,2572,83,2,18455.42,66
7745,2572,126,5,52173.6,69
7746,2572,149,4,3551.09,1
7747,2573,81,1,641.3,93
7748,2573,99,1,8134.79,49
7749,2573,68,3,1575.64,53
7750,2573,92,4,12217.22,30
7751,2574,61,4,27642.73,96
7752,2574,154,3,1413.98,47
7753,2575,74,1,245.13,10
7754,2575,67,4,94052.48,40
7755,2575,178,2,485.22,56
7756,2575,101,4,24788.51,11
7757,2576,196,4,2283.28,84
7758,2576,189,5,2811.23,8
7759,2577,154,5,1413.98,70
7760,2577,8,1,4278.68,17
7761,2577,147,3,772.56,28
7762,2578,157,5,3574.22,35
7763,2579,147,4,772.56,92
7764,2579,48,4,17690.82,78
7765,2580,121,2,1118.51,81
7766,2580,134,5,389.01,50
7767,2580,139,3,7772.31,34
7768,2580,8,3,4278.68,58
7769,2580,114,4,12262.14,23
7770,2581,50,1,3979.14,68
7771,2581,47,3,497.81,86
7772,2581,152,2,9297.38,30
7773,2582,7,3,1545.0,22
7774,2582,71,2,1994.84,38
7775,2583,73,1,7599.51,98
7776,2583,125,1,800.11,35
7777,2583,190,1,1227.09,58
7778,2583,96,2,26794.28,39
7779,2583,175,1,1171.69,92
7780,2584,106,3,484.23,31
7781,2584,49,4,2142.2,76
7782,2584,177,1,3546.32,41
7783,2585,23,3,317.81,40
7784,2585,150,4,22291.25,36
7785,2585,168,5,2536.06,3
7786,2585,13,4,1849.34,22
7787,2585,69,4,6749.31,72
7788,2586,120,1,67415.8,20
7789,2586,106,3,484.23,21
7790,2586,108,3,3065.18,57
7791,2586,141,1,10789.69,30
7792,2587,109,2,3878.01,84
7793,2587,196,2,2283.28,79
7794,2588,40,5,6624.33,37
7795,2588,10,3,3469.21,23
7796,2588,141,2,10789.69,10
7797,2589,101,5,24788.51,17
7798,2589,102,5,68170.84,49
7799,2589,75,2,1758.88,5
7800,2590,191,1,1754.06,17
7801,2590,67,5,94052.48,55
7802,2590,1,4,253.9,23
7803,2591,114,5,12262.14,11
7804,2591,48,4,17690.82,20
7805,2591,116,1,3192.27,62
7806,2591,55,3,1885.07,20
7807,2591,11,5,763.98,17
7808,2592,111,1,7723.9,38
7809,2592,110,1,797.25,52
7810,2593,54,5,4173.59,98
7811,2593,40,2,6624.33,15
7812,2593,69,3,6749.31,87
7813,2593,96,2,26794.28,75
7814,2594,56,4,23622.11,48
7815,2594,143,5,7284.34,26
7816,2595,118,1,2637.64,50
7817,2595,138,2,3632.53,16
7818,2595,63,3,430.09,96
7819,2595,7,-1,1545.0,27
7820,2596,71,2,1994.84,75
7821,2597,68,5,1575.64,5
7822,2597,91,3,4806.55,68
7823,2598,92,1,12217.22,23
7824,2598,26,2,22441.58,5
7825,2598,145,4,3116.82,12
7826,2599,93,1,1383.07,13
7827,2599,131,5,14500.41,30
7828,2599,9,2,26698.69,27
7829,2599,69,3,6749.31,79
7830,2599,153,2,98307.89,62
7831,2600,110,4,797.25,10
7832,2600,22,5,16162.22,7
7833,2600,54,1,4173.59,7
7834,2600,17,1,4055.38,23
7835,2600,57,5,2504.37,82
7836,2601,95,4,29603.95,12
7837,2601,193,4,1383.66,18
7838,2601,51,2,3521.45,43
7839,2602,40,3,6624.33,89
7840,2602,71,4,1994.84,8
7841,2602,52,5,3961.79,94
7842,2602,171,3,5623.35,45
7843,2603,116,3,3192.27,0
7844,2603,36,4,14186.62,74
7845,2603,45,5,9220.4,18
7846,2603,195,-2,7327.29,0
7847,2603,33,3,835.93,99
7848,2604,36,2,14186.62,17
7849,2604,94,2,2140.24,10
7850,2604,90,4,17430.69,83
7851,2605,132,4,14673.24,100
7852,2605,172,5,16100.85,98
7853,2605,118,-1,2637.64,36
7854,2605,139,3,7772.31,48
7855,2606,112,4,5163.37,93
7856,2606,186,3,4929.38,31
7857,2606,32,4,3754.44,1
7858,2607,96,5,26794.28,37
7859,2608,89,2,18350.3,86
7860,2608,191,5,1754.06,89
7861,2608,193,1,1383.66,10
7862,2609,103,4,1452.77,54
7863,2609,146,4,1205.79,91
7864,2609,89,4,18350.3,43
7865,2609,72,1,199.64,44
7866,2610,146,4,1205.79,82
7867,2610,196,4,2283.28,8
7868,2611,18,1,3084.08,100
7869,2611,72,5,199.64,20
7870,2612,37,1,3250.66,89
7871,2612,41,3,79285.87,61
7872,2612,14,5,42582.22,7
7873,2612,191,4,1754.06,84
7874,2612,62,1,4101.85,92
7875,2613,95,1,29603.95,19
7876,2613,186,2,4929.38,31
7877,2613,103,1,1452.77,86
7878,2613,44,1,70908.36,50
7879,2613,62,4,4101.85,80
7880,2614,186,4,4929.38,3
7881,2614,87,4,68101.36,80
7882,2614,45,4,9220.4,80
7883,2614,166,4,2666.16,26
7884,2614,24,3,2479.74,31
7885,2615,138,2,3632.53,25
7886,2615,114,4,12262.14,15
7887,2616,90,3,17430.69,74
7888,2616,24,2,2479.74,9
7889,2616,103,2,1452.77,48
7890,2616,51,5,3521.45,92
7891,2616,161,3,3019.49,82
7892,2617,130,3,530.75,53
7893,2617,154,2,1413.98,63
7894,2617,90,1,17430.69,10
7895,2617,50,-3,3979.14,19
7896,2617,119,5,35613.06,39
7897,2618,181,1,3357.0,5
7898,2618,164,1,2495.26,95
7899,2619,145,4,3116.82,43
7900,2619,163,2,33147.7,72
7901,2620,37,5,3250.66,89
7902,2620,138,2,3632.53,31
7903,2620,179,1,2528.54,26
7904,2620,193,2,1383.66,33
7905,2620,168,4,2536.06,44
7906,2621,53,5,1750.15,48
7907,2621,73,4,7599.51,78
7908,2621,51,2,3521.45,16
7909,2621,58,4,2469.9,96
7910,2621,3,5,52845.51,91
7911,2622,68,1,1575.64,62
7912,2622,197,5,964.09,25
7913,2622,129,4,4097.17,52
7914,2623,147,5,772.56,9
7915,2623,95,3,29603.95,26
7916,2623,151,-5,92003.66,17
7917,2624,15,1,17548.6,12
7918,2625,24,1,2479.74,49
7919,2625,97,-3,4030.37,20
7920,2625,95,4,29603.95,50
7921,2626,118,2,2637.64,55
7922,2626,182,4,29049.69,28
7923,2626,22,3,16162.22,8
7924,2627,144,4,382.9,23
7925,2627,175,3,1171.69,40
7926,2628,58,2,2469.9,31
7927,2628,181,4,3357.0,46
7928,2628,199,4,702.8,40
7929,2629,119,5,35613.06,60
7930,2629,181,4,3357.0,33
7931,2629,190,5,1227.09,56
7932,2629,105,5,2738.82,37
7933,2630,37,4,3250.66,20
7934,2630,4,2,18013.15,35
7935,2630,80,5,274.27,36
7936,2630,179,3,2528.54,15
7937,2630,55,-1,1885.07,39
7938,2631,165,2,2338.31,40
7939,2631,180,1,308.9,52
7940,2631,49,5,2142.2,16
7941,2631,43,5,98247.37,53
7942,2632,56,4,23622.11,68
7943,2632,197,3,964.09,14
7944,2632,134,2,389.01,86
7945,2633,136,4,2848.35,98
7946,2634,143,4,7284.34,53
7947,2634,16,4,1945.54,22
7948,2635,154,2,1413.98,94
7949,2635,46,3,6493.42,89
7950,2635,41,1,79285.87,78
7951,2635,73,4,7599.51,74
7952,2635,98,2,1260.01,32
7953,2636,154,2,1413.98,9
7954,2636,46,2,6493.42,73
7955,2636,62,1,4101.85,38
7956,2637,153,3,98307.89,0
7957,2637,133,2,4126.14,18
7958,2637,69,2,6749.31,37
7959,2637,178,4,485.22,59
7960,2638,158,1,1554.87,36
7961,2638,180,3,308.9,63
7962,2638,99,5,8134.79,59
7963,2638,195,2,7327.29,47
7964,2638,181,1,3357.0,66
7965,2639,40,1,6624.33,58
7966,2639,111,1,7723.9,26
7967,2639,54,2,4173.59,83
7968,2640,50,5,3979.14,17
7969,2640,80,-1,274.27,37
7970,2640,46,4,6493.42,71
7971,2640,2,2,59090.87,99
7972,2640,176,2,59597.44,24
7973,2641,73,2,7599.51,88
7974,2641,113,1,3469.53,72
7975,2641,68,3,1575.64,40
7976,2641,114,-1,12262.14,91
7977,2642,28,4,702.92,51
7978,2642,153,4,98307.89,1
7979,2642,91,4,4806.55,25
7980,2642,194,4,464.22,80
7981,2643,184,2,19452.92,100
7982,2643,191,5,1754.06,54
7983,2644,136,1,2848.35,14
7984,2644,118,1,2637.64,17
7985,2645,27,1,3860.01,6
7986,2645,71,5,1994.84,37
7987,2646,19,-3,8561.48,16
7988,2646,23,4,317.81,32
7989,2646,116,5,3192.27,26
7990,2646,36,2,14186.62,96
7991,2646,173,2,14158.62,54
7992,2647,175,5,1171.69,48
7993,2647,146,1,1205.79,65
7994,2647,21,2,4861.87,88
7995,2647,145,5,3116.82,77
7996,2648,142,4,11700.98,92
7997,2648,114,1,12262.14,89
7998,2648,176,2,59597.44,48
7999,2648,101,1,24788.51,42
8000,2649,54,-5,4173.59,36
8001,2649,156,4,3615.3,76
8002,2649,74,2,245.13,3
8003,2650,60,3,1918.94,53
8004,2650,71,3,1994.84,72
8005,2650,10,1,3469.21,14
8006,2650,37,2,3250.66,18
8007,2650,21,3,4861.87,79
8008,2651,94,1,2140.24,72
8009,2651,12,2,37578.36,47
8010,2651,178,-1,485.22,83
8011,2652,6,1,63491.13,13
8012,2653,167,3,693.18,50
8013,2653,178,1,485.22,60
8014,2653,59,3,1243.65,100
8015,2654,32,1,3754.44,69
8016,2654,200,1,3212.97,27
8017,2654,155,5,896.22,93
8018,2654,166,5,2666.16,73
8019,2654,104,1,3389.18,36
8020,2655,194,-1,464.22,7
8021,2655,136,3,2848.35,7
8022,2655,19,3,8561.48,30
8023,2656,194,3,464.22,51
8024,2657,51,5,3521.45,43
8025,2657,83,1,18455.42,87
8026,2657,169,2,7775.36,42
8027,2657,17,2,4055.38,66
8028,2658,153,3,98307.89,65
8029,2659,146,4,1205.79,39
8030,2659,151,4,92003.66,40
8031,2660,166,5,2666.16,6
8032,2660,143,2,7284.34,5
8033,2660,9,5,26698.69,81
8034,2661,58,1,2469.9,51
8035,2662,121,3,1118.51,48
8036,2662,102,3,68170.84,57
8037,2662,154,1,1413.98,62
8038,2662,37,4,3250.66,70
8039,2662,61,3,27642.73,4
8040,2663,73,5,7599.51,4
8041,2664,23,4,317.81,84
8042,2664,109,1,3878.01,51
8043,2665,169,5,7775.36,88
8044,2665,136,5,2848.35,82
8045,2665,178,2,485.22,61
8046,2665,76,1,19136.21,55
8047,2665,153,1,98307.89,13
8048,2666,115,5,729.43,49
8049,2666,91,4,4806.55,66
8050,2666,29,4,4216.76,14
8051,2667,196,5,2283.28,73
8052,2668,20,4,1317.81,56
8053,2668,32,3,3754.44,74
8054,2668,116,5,3192.27,25
8055,2668,85,2,2290.94,20
8056,2669,114,1,12262.14,60
8057,2669,65,1,8962.94,92
8058,2669,47,3,497.81,3
8059,2669,112,3,5163.37,68
8060,2670,111,3,7723.9,24
8061,2670,72,3,199.64,45
8062,2671,60,1,1918.94,75
8063,2671,164,3,2495.26,54
8064,2671,111,3,7723.9,56
8065,2671,181,2,3357.0,69
8066,2671,167,3,693.18,31
8067,2672,100,2,2050.98,31
8068,2672,142,5,11700.98,83
8069,2672,153,5,98307.89,98
8070,2673,101,2,24788.51,36
8071,2673,109,2,3878.01,49
8072,2673,69,4,6749.31,84
8073,2673,195,2,7327.29,12
8074,2673,162,4,91765.85,99
8075,2674,59,3,1243.65,71
8076,2674,121,1,1118.51,8
8077,2674,100,3,2050.98,69
8078,2674,162,3,91765.85,54
8079,2675,15,5,17548.6,62
8080,2675,115,5,729.43,26
8081,2675,58,1,2469.9,99
8082,2675,40,2,6624.33,0
8083,2676,91,5,4806.55,43
8084,2676,113,2,3469.53,20
8085,2677,24,2,2479.74,61
8086,2677,111,4,7723.9,55
8087,2677,9,5,26698.69,71
8088,2677,167,2,693.18,32
8089,2678,143,1,7284.34,81
8090,2678,160,3,14389.43,94
8091,2678,44,1,70908.36,21
8092,2679,47,2,497.81,66
8093,2679,50,3,3979.14,38
8094,2679,34,4,3262.67,13
8095,2680,91,1,4806.55,69
8096,2680,96,4,26794.28,24
8097,2681,8,5,4278.68,72
8098,2682,29,2,4216.76,92
8099,2682,160,1,14389.43,81
8100,2682,61,4,27642.73,97
8101,2682,129,2,4097.17,71
8102,2683,179,4,2528.54,60
8103,2683,135,4,802.55,58
8104,2684,112,1,5163.37,97
8105,2685,133,3,4126.14,17
8106,2685,82,3,2740.6,16
8107,2685,117,4,1769.76,83
8108,2685,72,5,199.64,49
8109,2685,158,2,1554.87,0
8110,2686,86,1,29410.8,1
8111,2686,15,4,17548.6,10
8112,2686,191,2,1754.06,9
8113,2686,117,1,1769.76,18
8114,2686,29,3,4216.76,18
8115,2687,140,3,3878.75,86
8116,2687,34,3,3262.67,62
8117,2688,126,1,52173.6,44
8118,2688,195,4,7327.29,88
8119,2689,152,4,9297.38,12
8120,2689,129,-5,4097.17,100
8121,2689,36,4,14186.62,15
8122,2689,30,5,1221.85,74
8123,2690,129,1,4097.17,48
8124,2690,173,3,14158.62,90
8125,2690,148,5,3368.6,55
8126,2690,73,3,7599.51,98
8127,2691,18,4,3084.08,98
8128,2691,43,4,98247.37,52
8129,2691,158,3,1554.87,5
8130,2691,11,5,763.98,78
8131,2692,177,5,3546.32,30
8132,2692,39,2,534.57,36
8133,2692,135,3,802.55,2
8134,2692,13,1,1849.34,78
8135,2693,190,2,1227.09,20
8136,2693,18,3,3084.08,17
8137,2693,107,4,5474.76,87
8138,2694,40,2,6624.33,99
8139,2694,73,4,7599.51,79
8140,2694,178,2,485.22,88
8141,2695,146,2,1205.79,11
8142,2695,4,5,18013.15,9
8143,2696,161,2,3019.49,79
8144,2696,98,1,1260.01,58
8145,2696,185,1,1085.28,46
8146,2697,70,4,5396.07,85
8147,2697,106,2,484.23,53
8148,2697,71,1,1994.84,97
8149,2698,129,3,4097.17,63
8150,2699,63,1,430.09,10
8151,2699,109,3,3878.01,4
8152,2699,140,1,3878.75,5
8153,2699,33,1,835.93,50
8154,2699,190,2,1227.09,53
8155,2700,53,1,1750.15,64
8156,2701,143,2,7284.34,51
8157,2702,53,5,1750.15,73
8158,2702,169,2,7775.36,85
8159,2702,14,3,42582.22,59
8160,2703,58,5,2469.9,58
8161,2703,173,5,14158.62,26
8162,2703,22,2,16162.22,40
8163,2704,166,5,2666.16,64
8164,2704,155,2,896.22,45
8165,2704,61,4,27642.73,11
8166,2705,72,2,199.64,13
8167,2705,195,3,7327.29,73
8168,2705,21,4,4861.87,60
8169,2705,56,5,23622.11,11
8170,2705,144,3,382.9,49
8171,2706,167,5,693.18,52
8172,2706,187,4,15169.68,36
8173,2707,128,2,5319.49,2
8174,2707,68,2,1575.64,11
8175,2708,74,2,245.13,84
8176,2708,29,4,4216.76,54
8177,2708,76,3,19136.21,18
8178,2708,165,5,2338.31,18
8179,2709,85,4,2290.94,68
8180,2709,192,3,7461.34,33
8181,2709,30,5,1221.85,21
8182,2710,74,2,245.13,37
8183,2710,87,1,68101.36,5
8184,2710,128,1,5319.49,88
8185,2710,154,2,1413.98,2
8186,2711,46,-4,6493.42,85
8187,2711,152,1,9297.38,11
8188,2711,124,3,2030.13,85
8189,2711,85,4,2290.94,2
8190,2711,89,3,18350.3,11
8191,2712,165,1,2338.31,71
8192,2712,88,3,7189.72,35
8193,2712,70,2,5396.07,18
8194,2712,69,4,6749.31,14
8195,2712,164,4,2495.26,83
8196,2713,144,1,382.9,82
8197,2713,127,2,1797.09,30
8198,2714,197,4,964.09,83
8199,2714,145,2,3116.82,48
8200,2714,109,5,3878.01,91
8201,2715,171,1,5623.35,11
8202,2715,52,1,3961.79,7
8203,2716,47,5,497.81,6
8204,2717,61,5,27642.73,75
8205,2717,109,2,3878.01,8
8206,2717,5,5,1198.16,56
8207,2717,93,5,1383.07,14
8208,2717,173,1,14158.62,39
8209,2718,57,1,2504.37,22
8210,2718,192,-5,7461.34,82
8211,2718,25,2,3779.14,42
8212,2718,162,3,91765.85,8
8213,2718,129,3,4097.17,69
8214,2719,92,2,12217.22,79
8215,2719,143,1,7284.34,79
8216,2719,196,2,2283.28,6
8217,2719,133,3,4126.14,90
8218,2719,124,2,2030.13,81
8219,2720,30,4,1221.85,54
8220,2720,101,1,24788.51,31
8221,2720,88,4,7189.72,50
8222,2720,74,2,245.13,68
8223,2721,67,5,94052.48,100
8224,2722,23,2,317.81,17
8225,2723,21,5,4861.87,8
8226,2723,133,3,4126.14,97
8227,2723,59,5,1243.65,38
8228,2723,107,4,5474.76,89
8229,2724,128,4,5319.49,0
8230,2724,49,3,2142.2,91
8231,2724,189,2,2811.23,9
8232,2725,113,1,3469.53,44
8233,2726,10,2,3469.21,86
8234,2726,33,2,835.93,1
8235,2726,61,5,27642.73,55
8236,2726,60,4,1918.94,25
8237,2726,192,5,7461.34,57
8238,2727,141,5,10789.69,37
8239,2727,87,2,68101.36,12
8240,2727,29,5,4216.76,74
8241,2727,44,1,70908.36,95
8242,2727,125,3,800.11,17
8243,2728,85,5,2290.94,29
8244,2728,62,4,4101.85,52
8245,2728,163,3,33147.7,82
8246,2728,107,1,5474.76,96
8247,2729,161,4,3019.49,62
8248,2730,59,4,1243.65,88
8249,2730,126,1,52173.6,65
8250,2730,76,4,19136.21,61
8251,2730,152,4,9297.38,16
8252,2731,7,5,1545.0,27
8253,2731,119,4,35613.06,30
8254,2731,169,4,7775.36,69
8255,2731,23,5,317.81,85
8256,2731,58,3,2469.9,3
8257,2732,13,4,1849.34,99
8258,2733,192,4,7461.34,51
8259,2733,47,2,497.81,75
8260,2734,123,-2,2794.3,54
8261,2734,58,4,2469.9,55
8262,2735,139,5,7772.31,88
8263,2735,165,5,2338.31,1
8264,2735,112,5,5163.37,89
8265,2735,193,2,1383.66,57
8266,2736,164,1,2495.26,50
8267,2736,112,3,5163.37,21
8268,2736,93,2,1383.07,70
8269,2736,24,5,2479.74,86
8270,2737,137,5,14060.07,0
8271,2737,152,4,9297.38,37
8272,2737,166,5,2666.16,74
8273,2737,45,2,9220.4,40
8274,2737,60,5,1918.94,68
8275,2738,197,2,964.09,41
8276,2739,85,5,2290.94,61
8277,2739,114,4,12262.14,59
8278,2739,134,2,389.01,55
8279,2740,189,5,2811.23,63
8280,2740,140,4,3878.75,37
8281,2740,165,1,2338.31,70
8282,2741,119,5,35613.06,47
8283,2741,186,5,4929.38,3
8284,2742,75,1,1758.88,9
8285,2742,177,3,3546.32,15
8286,2742,161,4,3019.49,13
8287,2743,134,3,389.01,61
8288,2743,180,-5,308.9,74
8289,2743,199,2,702.8,73
8290,2743,153,1,98307.89,17
8291,2744,31,3,1292.25,50
8292,2744,132,3,14673.24,11
8293,2744,57,5,2504.37,68
8294,2744,74,4,245.13,10
8295,2744,99,1,8134.79,39
8296,2745,196,4,2283.28,5
8297,2745,56,1,23622.11,83
8298,2745,52,3,3961.79,99
8299,2745,32,1,3754.44,0
8300,2745,179,5,2528.54,23
8301,2746,151,3,92003.66,76
8302,2746,118,2,2637.64,66
8303,2746,92,4,12217.22,71
8304,2747,52,3,3961.79,81
8305,2747,172,4,16100.85,6
8306,2747,114,2,12262.14,82
8307,2747,153,1,98307.89,99
8308,2748,156,5,3615.3,25
8309,2748,107,1,5474.76,15
8310,2749,140,2,3878.75,43
8311,2750,62,1,4101.85,82
8312,2751,51,4,3521.45,80
8313,2751,150,1,22291.25,63
8314,2751,117,3,1769.76,21
8315,2751,197,5,964.09,96
8316,2751,93,1,1383.07,51
8317,2752,186,3,4929.38,19
8318,2752,175,-2,1171.69,20
8319,2752,45,2,9220.4,24
8320,2752,135,4,802.55,77
8321,2752,190,2,1227.09,15
8322,2753,162,1,91765.85,49
8323,2753,167,2,693.18,5
8324,2753,74,1,245.13,100
8325,2753,156,4,3615.3,81
8326,2753,101,2,24788.51,2
8327,2754,83,3,18455.42,100
8328,2754,190,2,1227.09,49
8329,2755,92,2,12217.22,33
8330,2755,34,5,3262.67,57
8331,2755,156,3,3615.3,30
8332,2755,97,4,4030.37,94
8333,2756,51,1,3521.45,89
8334,2756,38,3,2266.82,63
8335,2756,173,1,14158.62,82
8336,2757,179,3,2528.54,50
8337,2757,149,5,3551.09,47
8338,2757,34,4,3262.67,86
8339,2758,84,3,529.09,6
8340,2758,118,-4,2637.64,69
8341,2758,51,4,3521.45,100
8342,2758,26,2,22441.58,46
8343,2759,52,3,3961.79,47
8344,2759,11,2,763.98,32
8345,2759,61,3,27642.73,92
8346,2760,134,3,389.01,48
8347,2761,126,5,52173.6,68
8348,2761,40,4,6624.33,45
8349,2761,120,5,67415.8,25
8350,2761,19,3,8561.48,64
8351,2762,134,3,389.01,71
8352,2762,90,2,17430.69,84
8353,2763,200,5,3212.97,54
8354,2763,124,2,2030.13,53
8355,2763,143,4,7284.34,27
8356,2764,171,4,5623.35,38
8357,2764,79,5,3269.81,40
8358,2764,136,2,2848.35,19
8359,2764,195,1,7327.29,84
8360,2765,12,4,37578.36,46
8361,2765,115,5,729.43,60
8362,2765,127,1,1797.09,65
8363,2765,150,5,22291.25,37
8364,2766,73,2,7599.51,98
8365,2766,31,4,1292.25,98
8366,2767,134,5,389.01,27
8367,2767,98,3,1260.01,38
8368,2767,107,2,5474.76,93
8369,2767,114,4,12262.14,76
8370,2767,26,3,22441.58,68
8371,2768,197,3,964.09,3
8372,2769,138,3,3632.53,7
8373,2769,166,3,2666.16,92
8374,2769,60,1,1918.94,76
8375,2770,144,-5,382.9,34
8376,2770,25,4,3779.14,59
8377,2771,150,1,22291.25,6
8378,2771,106,4,484.23,25
8379,2772,14,2,42582.22,97
8380,2772,186,5,4929.38,97
8381,2772,6,2,63491.13,72
8382,2773,15,4,17548.6,57
8383,2774,100,4,2050.98,18
8384,2774,124,5,2030.13,40
8385,2775,32,3,3754.44,85
8386,2775,168,1,2536.06,30
8387,2775,71,5,1994.84,3
8388,2776,136,4,2848.35,17
8389,2777,59,5,1243.65,44
8390,2777,11,1,763.98,45
8391,2777,108,1,3065.18,86
8392,2778,10,1,3469.21,38
8393,2778,68,3,1575.64,2
8394,2779,6,5,63491.13,12
8395,2779,177,3,3546.32,26
8396,2780,193,2,1383.66,8
8397,2780,122,2,2349.23,59
8398,2780,46,5,6493.42,33
8399,2781,61,2,27642.73,96
8400,2781,158,4,1554.87,79
8401,2782,159,2,314.46,10
8402,2782,180,1,308.9,14
8403,2782,43,2,98247.37,30
8404,2783,186,5,4929.38,3
8405,2783,179,3,2528.54,21
8406,2783,119,4,35613.06,45
8407,2784,84,4,529.09,33
8408,2784,12,2,37578.36,70
8409,2785,8,4,4278.68,23
8410,2785,124,3,2030.13,14
8411,2785,25,1,3779.14,67
8412,2785,198,3,2694.15,63
8413,2786,102,5,68170.84,24
8414,2786,136,5,2848.35,91
8415,2787,136,3,2848.35,37
8416,2787,150,3,22291.25,10
8417,2787,25,3,3779.14,80
8418,2788,100,1,2050.98,77
8419,2788,112,1,5163.37,74
8420,2788,177,2,3546.32,41
8421,2788,180,1,308.9,10
8422,2789,44,3,70908.36,44
8423,2789,186,3,4929.38,40
8424,2789,9,2,26698.69,88
8425,2789,185,4,1085.28,89
8426,2790,69,4,6749.31,17
8427,2791,167,2,693.18,69
8428,2791,46,1,6493.42,53
8429,2791,161,4,3019.49,25
8430,2791,84,2,529.09,56
8431,2792,159,4,314.46,12
8432,2792,18,2,3084.08,11
8433,2792,152,3,9297.38,60
8434,2793,51,4,3521.45,92
8435,2793,194,2,464.22,97
8436,2793,125,4,800.11,32
8437,2794,184,2,19452.92,96
8438,2795,135,1,802.55,65
8439,2795,137,3,14060.07,67
8440,2795,158,1,1554.87,65
8441,2795,159,-4,314.46,50
8442,2796,36,1,14186.62,75
8443,2796,37,5,3250.66,7
8444,2797,158,-5,1554.87,29
8445,2797,12,1,37578.36,77
8446,2797,29,4,4216.76,30
8447,2797,107,1,5474.76,30
8448,2798,112,5,5163.37,43
8449,2798,196,1,2283.28,55
8450,2798,144,4,382.9,7
8451,2798,69,3,6749.31,42
8452,2798,181,-1,3357.0,91
8453,2799,139,5,7772.31,75
8454,2799,60,5,1918.94,18
8455,2799,117,2,1769.76,86
8456,2800,195,4,7327.29,29
8457,2800,150,1,22291.25,22
8458,2800,61,2,27642.73,35
8459,2800,70,2,5396.07,99
8460,2801,142,5,11700.98,67
8461,2801,84,1,529.09,39
8462,2801,113,5,3469.53,44
8463,2801,130,1,530.75,84
8464,2801,141,3,10789.69,83
8465,2802,85,1,2290.94,18
8466,2802,72,3,199.64,77
8467,2803,114,-4,12262.14,38
8468,2803,107,3,5474.76,5
8469,2804,182,5,29049.69,22
8470,2804,75,2,1758.88,13
8471,2805,5,3,1198.16,16
8472,2805,176,4,59597.44,46
8473,2806,28,4,702.92,48
8474,2806,91,4,4806.55,23
8475,2806,157,5,3574.22,78
8476,2807,40,1,6624.33,91
8477,2808,195,3,7327.29,75
8478,2808,23,1,317.81,95
8479,2808,173,3,14158.62,80
8480,2809,29,2,4216.76,10
8481,2809,198,5,2694.15,90
8482,2809,179,2,2528.54,82
8483,2810,170,2,13731.85,55
8484,2810,164,5,2495.26,47
8485,2810,134,2,389.01,10
8486,2811,90,2,17430.69,85
8487,2812,121,4,1118.51,61
8488,2812,92,1,12217.22,86
8489,2812,103,1,1452.77,41
8490,2812,97,1,4030.37,52
8491,2812,88,2,7189.72,87
8492,2813,6,1,63491.13,86
8493,2813,36,4,14186.62,77
8494,2813,41,2,79285.87,49
8495,2813,108,3,3065.18,8
8496,2813,31,4,1292.25,27
8497,2814,127,5,1797.09,14
8498,2814,154,4,1413.98,18
8499,2815,41,1,79285.87,95
8500,2815,79,1,3269.81,93
8501,2815,115,5,729.43,62
8502,2815,125,2,800.11,79
8503,2815,168,2,2536.06,20
8504,2816,98,5,1260.01,70
8505,2817,86,4,29410.8,72
8506,2817,72,1,199.64,100
8507,2818,82,4,2740.6,27
8508,2818,7,4,1545.0,55
8509,2818,12,4,37578.36,14
8510,2819,98,3,1260.01,17
8511,2820,52,5,3961.79,87
8512,2820,200,4,3212.97,62
8513,2820,26,1,22441.58,56
8514,2820,157,3,3574.22,44
8515,2820,146,5,1205.79,94
8516,2821,50,1,3979.14,47
8517,2821,15,2,17548.6,7
8518,2821,147,3,772.56,35
8519,2821,159,3,314.46,6
8520,2821,183,1,1718.29,22
8521,2822,103,2,1452.77,99
8522,2823,130,5,530.75,31
8523,2823,98,5,1260.01,63
8524,2823,50,5,3979.14,78
8525,2823,173,1,14158.62,27
8526,2824,31,3,1292.25,7
8527,2824,141,2,10789.69,76
8528,2824,119,3,35613.06,64
8529,2825,136,4,2848.35,97
8530,2825,143,4,7284.34,6
8531,2825,40,2,6624.33,83
8532,2825,63,1,430.09,34
8533,2826,161,5,3019.49,99
8534,2827,127,3,1797.09,52
8535,2827,77,4,1679.18,86
8536,2828,7,3,1545.0,80
8537,2828,111,1,7723.9,68
8538,2828,29,2,4216.76,30
8539,2829,117,5,1769.76,64
8540,2829,137,1,14060.07,5
8541,2829,45,1,9220.4,31
8542,2829,43,5,98247.37,85
8543,2830,155,4,896.22,22
8544,2830,55,1,1885.07,6
8545,2831,192,1,7461.34,31
8546,2831,172,2,16100.85,35
8547,2831,133,4,4126.14,7
8548,2832,139,5,7772.31,39
8549,2833,157,2,3574.22,0
8550,2833,15,1,17548.6,30
8551,2834,16,5,1945.54,21
8552,2834,102,-3,68170.84,30
8553,2834,66,2,6345.81,4
8554,2834,57,5,2504.37,94
8555,2834,21,2,4861.87,87
8556,2835,59,4,1243.65,66
8557,2836,154,4,1413.98,28
8558,2837,190,1,1227.09,30
8559,2837,93,5,1383.07,72
8560,2837,134,1,389.01,83
8561,2837,120,4,67415.8,31
8562,2838,173,5,14158.62,1
8563,2838,101,4,24788.51,95
8564,2838,122,5,2349.23,75
8565,2838,192,-3,7461.34,82
8566,2839,50,4,3979.14,61
8567,2839,55,2,1885.07,5
8568,2839,43,1,98247.37,2
8569,2839,56,3,23622.11,16
8570,2840,152,3,9297.38,89
8571,2841,150,1,22291.25,60
8572,2842,13,4,1849.34,14
8573,2843,140,-2,3878.75,34
8574,2843,110,5,797.25,46
8575,2843,168,1,2536.06,83
8576,2843,175,5,1171.69,77
8577,2844,68,1,1575.64,23
8578,2844,53,2,1750.15,58
8579,2844,57,1,2504.37,67
8580,2845,95,1,29603.95,97
8581,2845,87,1,68101.36,99
8582,2845,98,5,1260.01,96
8583,2846,109,5,3878.01,33
8584,2847,65,3,8962.94,33
8585,2847,136,3,2848.35,53
8586,2847,187,5,15169.68,60
8587,2848,17,5,4055.38,50
8588,2848,72,3,199.64,43
8589,2849,51,1,3521.45,76
8590,2849,144,2,382.9,58
8591,2849,34,4,3262.67,63
8592,2849,9,1,26698.69,30
8593,2850,133,4,4126.14,93
8594,2850,175,1,1171.69,88
8595,2850,25,-5,3779.14,64
8596,2850,137,4,14060.07,96
8597,2851,130,4,530.75,30
8598,2851,38,5,2266.82,45
8599,2852,80,1,274.27,17
8600,2852,180,4,308.9,97
8601,2852,171,4,5623.35,99
8602,2852,106,4,484.23,69
8603,2853,43,1,98247.37,47
8604,2853,40,3,6624.33,63
8605,2854,179,4,2528.54,12
8606,2854,1,2,253.9,69
8607,2855,102,4,68170.84,95
8608,2855,107,3,5474.76,5
8609,2855,41,2,79285.87,93
8610,2855,124,2,2030.13,27
8611,2855,172,3,16100.85,85
8612,2856,72,1,199.64,38
8613,2856,65,3,8962.94,100
8614,2856,144,4,382.9,48
8615,2856,111,2,7723.9,63
8616,2857,38,2,2266.82,93
8617,2857,190,2,1227.09,0
8618,2857,145,3,3116.82,87
8619,2857,78,1,40123.29,9
8620,2858,173,4,14158.62,99
8621,2858,76,1,19136.21,87
8622,2858,67,3,94052.48,22
8623,2858,150,1,22291.25,47
8624,2859,120,3,67415.8,65
8625,2859,174,2,7801.61,14
8626,2860,182,4,29049.69,68
8627,2860,58,4,2469.9,26
8628,2860,30,4,1221.85,33
8629,2860,139,4,7772.31,3
8630,2860,126,3,52173.6,49
8631,2861,91,4,4806.55,68
8632,2861,198,5,2694.15,49
8633,2861,71,5,1994.84,65
8634,2862,12,1,37578.36,27
8635,2862,113,4,3469.53,70
8636,2862,18,5,3084.08,99
8637,2862,102,2,68170.84,0
8638,2863,21,3,4861.87,69
8639,2864,182,4,29049.69,87
8640,2864,170,5,13731.85,82
8641,2865,121,4,1118.51,93
8642,2865,180,2,308.9,88
8643,2866,87,3,68101.36,73
8644,2867,126,2,52173.6,99
8645,2867,124,5,2030.13,14
8646,2868,38,4,2266.82,7
8647,2868,114,4,12262.14,42
8648,2869,77,2,1679.18,35
8649,2869,42,-1,15510.68,5
8650,2869,92,3,12217.22,6
8651,2869,21,4,4861.87,95
8652,2869,29,2,4216.76,74
8653,2870,84,1,529.09,69
8654,2871,179,2,2528.54,16
8655,2871,79,5,3269.81,20
8656,2871,100,3,2050.98,61
8657,2871,175,1,1171.69,66
8658,2872,148,1,3368.6,11
8659,2872,23,5,317.81,14
8660,2873,141,5,10789.69,98
8661,2873,194,4,464.22,83
8662,2873,82,1,2740.6,61
8663,2873,191,3,1754.06,86
8664,2874,20,5,1317.81,78
8665,2874,126,5,52173.6,83
8666,2874,5,3,1198.16,73
8667,2874,9,4,26698.69,36
8668,2875,19,5,8561.48,57
8669,2875,70,5,5396.07,76
8670,2875,95,1,29603.95,40
8671,2875,43,2,98247.37,17
8672,2875,42,1,15510.68,62
8673,2876,12,1,37578.36,35
8674,2877,143,4,7284.34,42
8675,2877,177,4,3546.32,45
8676,2877,59,5,1243.65,94
8677,2877,45,1,9220.4,70
8678,2877,166,5,2666.16,68
8679,2878,95,1,29603.95,55
8680,2879,187,4,15169.68,27
8681,2880,145,4,3116.82,31
8682,2880,26,1,22441.58,52
8683,2880,6,-2,63491.13,12
8684,2881,110,5,797.25,59
8685,2881,115,3,729.43,45
8686,2882,1,2,253.9,95
8687,2882,38,4,2266.82,13
8688,2882,85,4,2290.94,76
8689,2882,96,3,26794.28,77
8690,2883,132,2,14673.24,62
8691,2883,165,5,2338.31,64
8692,2883,186,1,4929.38,11
8693,2883,78,5,40123.29,27
8694,2884,38,5,2266.82,82
8695,2884,167,5,693.18,74
8696,2884,22,1,16162.22,50
8697,2884,85,5,2290.94,21
8698,2884,37,1,3250.66,14
8699,2885,144,1,382.9,63
8700,2885,165,1,2338.31,54
8701,2886,152,3,9297.38,24
8702,2886,25,2,3779.14,14
8703,2886,34,4,3262.67,28
8704,2886,15,2,17548.6,53
8705,2887,129,2,4097.17,9
8706,2888,182,5,29049.69,67
8707,2888,74,3,245.13,34
8708,2888,39,5,534.57,4
8709,2888,105,1,2738.82,39
8710,2889,119,1,35613.06,31
8711,2889,39,4,534.57,86
8712,2889,189,2,2811.23,76
8713,2889,14,3,42582.22,95
8714,2889,174,3,7801.61,47
8715,2890,35,3,3131.28,64
8716,2890,63,2,430.09,43
8717,2890,195,4,7327.29,30
8718,2890,65,5,8962.94,75
8719,2890,142,5,11700.98,97
8720,2891,148,2,3368.6,61
8721,2892,10,2,3469.21,77
8722,2892,52,2,3961.79,18
8723,2892,45,3,9220.4,99
8724,2893,182,1,29049.69,56
8725,2893,85,3,2290.94,8
8726,2893,141,5,10789.69,89
8727,2894,2,3,59090.87,71
8728,2894,80,1,274.27,80
8729,2895,105,4,2738.82,53
8730,2895,195,2,7327.29,13
8731,2895,40,2,6624.33,90
8732,2896,151,4,92003.66,4
8733,2896,37,1,3250.66,89
8734,2897,199,4,702.8,29
8735,2897,35,5,3131.28,76
8736,2897,16,3,1945.54,45
8737,2897,47,3,497.81,12
8738,2897,3,2,52845.51,92
8739,2898,195,3,7327.29,40
8740,2898,127,2,1797.09,12
8741,2898,41,-3,79285.87,49
8742,2898,98,2,1260.01,99
8743,2898,167,1,693.18,77
8744,2899,73,1,7599.51,98
8745,2899,89,4,18350.3,76
8746,2900,27,5,3860.01,84
8747,2900,177,3,3546.32,99
8748,2900,166,5,2666.16,5
8749,2900,63,5,430.09,54
8750,2901,119,-3,35613.06,100
8751,2901,171,5,5623.35,68
8752,2901,74,4,245.13,17
8753,2902,88,1,7189.72,71
8754,2902,72,5,199.64,77
8755,2902,45,2,9220.4,89
8756,2903,8,4,4278.68,61
8757,2904,113,3,3469.53,83
8758,2904,185,1,1085.28,53
8759,2905,44,5,70908.36,8
8760,2905,119,1,35613.06,26
8761,2905,75,2,1758.88,79
8762,2905,48,4,17690.82,24
8763,2906,99,4,8134.79,3
8764,2906,172,4,16100.85,88
8765,2906,198,2,2694.15,15
8766,2906,68,4,1575.64,84
8767,2907,134,3,389.01,1
8768,2907,92,2,12217.22,39
8769,2908,193,2,1383.66,82
8770,2908,164,2,2495.26,94
8771,2909,71,1,1994.84,88
8772,2909,110,5,797.25,67
8773,2909,148,2,3368.6,7
8774,2910,140,2,3878.75,23
8775,2910,37,2,3250.66,55
8776,2910,6,3,63491.13,39
8777,2910,46,1,6493.42,12
8778,2911,172,1,16100.85,83
8779,2911,17,3,4055.38,37
8780,2911,125,3,800.11,21
8781,2911,87,3,68101.36,97
8782,2911,44,5,70908.36,34
8783,2912,121,1,1118.51,20
8784,2912,153,3,98307.89,31
8785,2913,182,1,29049.69,89
8786,2913,46,5,6493.42,39
8787,2913,34,4,3262.67,52
8788,2914,12,1,37578.36,15
8789,2914,77,5,1679.18,54
8790,2914,179,1,2528.54,43
8791,2915,81,3,641.3,1
8792,2915,37,5,3250.66,73
8793,2915,93,3,1383.07,13
8794,2915,7,3,1545.0,63
8795,2916,111,2,7723.9,79
8796,2916,153,5,98307.89,79
8797,2916,71,1,1994.84,24
8798,2917,21,1,4861.87,40
8799,2917,126,3,52173.6,81
8800,2917,183,2,1718.29,38
8801,2917,109,3,3878.01,11
8802,2918,81,1,641.3,65
8803,2918,166,2,2666.16,49
8804,2918,130,-1,530.75,85
8805,2918,10,1,3469.21,3
8806,2918,172,2,16100.85,40
8807,2919,12,3,37578.36,78
8808,2919,136,3,2848.35,23
8809,2919,31,5,1292.25,75
8810,2919,141,2,10789.69,4
8811,2920,46,2,6493.42,61
8812,2920,143,4,7284.34,91
8813,2921,69,4,6749.31,74
8814,2921,65,4,8962.94,76
8815,2921,120,2,67415.8,99
8816,2921,98,2,1260.01,72
8817,2922,89,2,18350.3,29
8818,2922,7,5,1545.0,49
8819,2922,84,1,529.09,72
8820,2923,85,1,2290.94,8
8821,2923,148,5,3368.6,100
8822,2923,102,2,68170.84,77
8823,2924,156,5,3615.3,29
8824,2925,102,2,68170.84,35
8825,2925,27,2,3860.01,37
8826,2925,123,1,2794.3,48
8827,2926,182,2,29049.69,65
8828,2926,81,2,641.3,34
8829,2926,72,4,199.64,24
8830,2926,90,2,17430.69,38
8831,2927,9,5,26698.69,77
8832,2927,12,2,37578.36,30
8833,2927,55,3,1885.07,26
8834,2927,195,4,7327.29,47
8835,2927,39,1,534.57,94
8836,2928,33,4,835.93,55
8837,2928,166,5,2666.16,32
8838,2928,163,1,33147.7,64
8839,2928,69,4,6749.31,99
8840,2928,175,3,1171.69,36
8841,2929,190,3,1227.09,31
8842,2929,160,5,14389.43,22
8843,2930,42,5,15510.68,17
8844,2930,122,5,2349.23,42
8845,2930,73,3,7599.51,2
8846,2930,154,4,1413.98,34
8847,2931,93,3,1383.07,2
8848,2931,99,5,8134.79,44
8849,2932,81,5,641.3,81
8850,2932,144,5,382.9,79
8851,2933,169,5,7775.36,34
8852,2933,153,4,98307.89,80
8853,2933,19,1,8561.48,31
8854,2934,61,4,27642.73,77
8855,2934,187,4,15169.68,36
8856,2934,124,3,2030.13,26
8857,2934,108,3,3065.18,76
8858,2934,122,1,2349.23,60
8859,2935,14,3,42582.22,5
8860,2935,80,3,274.27,58
8861,2935,199,1,702.8,70
8862,2935,138,-5,3632.53,25
8863,2936,168,1,2536.06,97
8864,2937,45,5,9220.4,43
8865,2937,69,3,6749.31,17
8866,2937,49,5,2142.2,65
8867,2937,109,4,3878.01,27
8868,2937,111,3,7723.9,36
8869,2938,62,4,4101.85,85
8870,2938,70,4,5396.07,66
8871,2938,50,4,3979.14,55
8872,2938,132,4,14673.24,75
8873,2938,76,5,19136.21,78
8874,2939,104,3,3389.18,58
8875,2939,181,1,3357.0,52
8876,2939,110,1,797.25,58
8877,2939,166,1,2666.16,55
8878,2939,28,5,702.92,6
8879,2940,146,3,1205.79,79
8880,2941,101,1,24788.51,10
8881,2941,120,1,67415.8,97
8882,2941,81,2,641.3,67
8883,2941,39,3,534.57,91
8884,2942,133,1,4126.14,43
8885,2942,62,4,4101.85,61
8886,2942,78,3,40123.29,53
8887,2942,98,4,1260.01,93
8888,2943,198,1,2694.15,83
8889,2943,177,3,3546.32,9
8890,2943,60,5,1918.94,93
8891,2944,181,4,3357.0,2
8892,2944,154,1,1413.98,49
8893,2944,163,4,33147.7,84
8894,2944,196,3,2283.28,33
8895,2944,38,5,2266.82,92
8896,2945,47,2,497.81,36
8897,2945,24,2,2479.74,47
8898,2946,36,4,14186.62,73
8899,2946,170,5,13731.85,41
8900,2946,159,1,314.46,35
8901,2946,186,-3,4929.38,97
8902,2946,120,1,67415.8,82
8903,2947,67,4,94052.48,52
8904,2947,175,5,1171.69,29
8905,2947,13,4,1849.34,43
8906,2948,139,1,7772.31,17
8907,2948,78,3,40123.29,22
8908,2948,136,5,2848.35,55
8909,2949,4,4,18013.15,89
8910,2950,73,5,7599.51,21
8911,2950,38,3,2266.82,57
8912,2950,179,1,2528.54,38
8913,2950,167,1,693.18,16
8914,2950,162,3,91765.85,7
8915,2951,70,5,5396.07,41
8916,2951,130,4,530.75,54
8917,2952,105,4,2738.82,38
8918,2952,70,5,5396.07,9
8919,2953,16,2,1945.54,66
8920,2953,178,3,485.22,73
8921,2953,170,2,13731.85,97
8922,2953,140,4,3878.75,71
8923,2954,199,4,702.8,25
8924,2955,106,5,484.23,44
8925,2955,60,2,1918.94,2
8926,2955,80,1,274.27,2
8927,2956,124,2,2030.13,56
8928,2957,175,5,1171.69,48
8929,2957,170,5,13731.85,42
8930,2957,32,1,3754.44,78
8931,2957,141,2,10789.69,0
8932,2957,171,3,5623.35,82
8933,2958,22,3,16162.22,18
8934,2958,3,4,52845.51,58
8935,2958,179,3,2528.54,67
8936,2958,161,4,3019.49,97
8937,2958,103,4,1452.77,6
8938,2959,183,4,1718.29,41
8939,2959,168,4,2536.06,18
8940,2960,34,2,3262.67,95
8941,2961,7,2,1545.0,32
8942,2961,22,3,16162.22,87
8943,2961,112,3,5163.37,27
8944,2961,144,5,382.9,33
8945,2962,187,5,15169.68,99
8946,2962,173,5,14158.62,48
8947,2962,188,2,41686.05,29
8948,2962,165,1,2338.31,68
8949,2963,144,2,382.9,25
8950,2964,13,3,1849.34,56
8951,2964,45,4,9220.4,11
8952,2965,121,1,1118.51,57
8953,2965,2,2,59090.87,15
8954,2965,11,4,763.98,38
8955,2965,152,3,9297.38,45
8956,2966,43,4,98247.37,54
8957,2966,119,2,35613.06,86
8958,2966,97,4,4030.37,17
8959,2966,137,4,14060.07,31
8960,2967,3,4,52845.51,68
8961,2967,39,3,534.57,89
8962,2967,52,1,3961.79,65
8963,2967,131,5,14500.41,70
8964,2968,198,4,2694.15,63
8965,2968,84,3,529.09,100
8966,2968,75,4,1758.88,98
8967,2968,35,3,3131.28,78
8968,2968,143,3,7284.34,87
8969,2969,179,2,2528.54,36
8970,2969,62,5,4101.85,91
8971,2969,135,-3,802.55,17
8972,2970,59,3,1243.65,24
8973,2970,81,4,641.3,95
8974,2970,79,4,3269.81,100
8975,2970,151,3,92003.66,3
8976,2970,40,2,6624.33,60
8977,2971,74,4,245.13,53
8978,2971,62,5,4101.85,60
8979,2971,136,3,2848.35,3
8980,2971,34,3,3262.67,19
8981,2972,43,4,98247.37,53
8982,2973,20,3,1317.81,10
8983,2973,54,3,4173.59,76
8984,2973,122,4,2349.23,44
8985,2973,46,2,6493.42,38
8986,2974,188,1,41686.05,40
8987,2975,33,2,835.93,83
8988,2975,62,2,4101.85,7
8989,2975,4,5,18013.15,75
8990,2975,187,1,15169.68,100
8991,2976,40,1,6624.33,73
8992,2977,75,1,1758.88,52
8993,2977,69,-3,6749.31,50
8994,2977,153,3,98307.89,92
8995,2978,42,2,15510.68,30
8996,2978,112,3,5163.37,92
8997,2978,29,3,4216.76,43
8998,2978,186,2,4929.38,67
8999,2978,114,3,12262.14,83
9000,2979,105,3,2738.82,31
9001,2979,154,3,1413.98,23
9002,2979,26,2,22441.58,86
9003,2979,18,2,3084.08,52
9004,2980,123,1,2794.3,80
9005,2980,188,1,41686.05,4
9006,2980,170,3,13731.85,59
9007,2980,29,1,4216.76,73
9008,2981,198,1,2694.15,7
9009,2982,18,3,3084.08,74
9010,2982,107,3,5474.76,53
9011,2983,177,1,3546.32,76
9012,2984,88,5,7189.72,72
9013,2984,23,5,317.81,94
9014,2984,140,4,3878.75,40
9015,2984,132,1,14673.24,11
9016,2984,53,5,1750.15,13
9017,2985,57,5,2504.37,27
9018,2985,164,4,2495.26,100
9019,2985,107,3,5474.76,51
9020,2986,100,1,2050.98,39
9021,2986,92,3,12217.22,60
9022,2986,6,4,63491.13,54
9023,2986,43,1,98247.37,65
9024,2987,85,5,2290.94,62
9025,2987,197,1,964.09,35
9026,2987,191,4,1754.06,93
9027,2987,55,5,1885.07,52
9028,2988,98,4,1260.01,70
9029,2988,54,2,4173.59,90
9030,2988,60,5,1918.94,2
9031,2988,65,3,8962.94,91
9032,2989,1,3,253.9,51
9033,2989,196,3,2283.28,76
9034,2990,45,3,9220.4,2
9035,2990,173,5,14158.62,82
9036,2990,122,5,2349.23,8
9037,2990,84,3,529.09,91
9038,2990,118,2,2637.64,89
9039,2991,174,2,7801.61,0
9040,2991,143,2,7284.34,73
9041,2992,135,4,802.55,54
9042,2992,74,3,245.13,2
9043,2993,196,3,2283.28,61
9044,2993,46,2,6493.42,79
9045,2993,25,5,3779.14,54
9046,2994,71,2,1994.84,8
9047,2994,115,3,729.43,7
9048,2995,34,1,3262.67,27
9049,2995,105,1,2738.82,68
9050,2995,181,4,3357.0,48
9051,2996,156,-3,3615.3,62
9052,2997,59,4,1243.65,31
9053,2997,62,2,4101.85,70
9054,2997,168,5,2536.06,11
9055,2998,66,4,6345.81,93
9056,2998,91,5,4806.55,43
9057,2998,170,2,13731.85,33
9058,2999,53,3,1750.15,38
9059,2999,11,2,763.98,0
9060,2999,30,2,1221.85,41
9061,2999,115,5,729.43,33
9062,3000,53,1,1750.15,2
9063,3000,103,2,1452.77,92
9064,3000,90,2,17430.69,100
9065,3001,5,4,1198.16,82
9066,3001,140,2,3878.75,45
9067,3001,200,1,3212.97,68
9068,3001,161,4,3019.49,52
9069,3001,119,-3,35613.06,63
9070,3002,49,3,2142.2,12
9071,3002,108,2,3065.18,11
9072,3002,99,2,8134.79,46
9073,3002,160,1,14389.43,64
9074,3003,70,1,5396.07,18
9075,3003,198,3,2694.15,65
9076,3004,130,2,530.75,34
9077,3004,176,4,59597.44,98
9078,3004,141,3,10789.69,68
9079,3005,99,3,8134.79,26
9080,3006,1,5,253.9,99
9081,3006,193,5,1383.66,46
9082,3006,102,2,68170.84,88
9083,3006,115,1,729.43,62
9084,3006,105,5,2738.82,77
9085,3007,114,3,12262.14,79
9086,3007,167,5,693.18,7
9087,3007,138,5,3632.53,66
9088,3008,178,1,485.22,21
9089,3008,38,5,2266.82,48
9090,3008,24,3,2479.74,46
9091,3009,64,1,93117.18,48
9092,3009,172,4,16100.85,44
9093,3009,179,5,2528.54,22
9094,3009,90,2,17430.69,68
9095,3009,57,2,2504.37,12
9096,3010,12,2,37578.36,39
9097,3010,43,5,98247.37,97
9098,3010,169,5,7775.36,11
9099,3010,185,5,1085.28,91
9100,3010,123,1,2794.3,93
9101,3011,200,2,3212.97,68
9102,3012,170,3,13731.85,49
9103,3013,75,3,1758.88,16
9104,3013,134,5,389.01,22
9105,3014,195,2,7327.29,13
9106,3014,99,5,8134.79,47
9107,3014,198,5,2694.15,59
9108,3015,104,1,3389.18,75
9109,3015,172,1,16100.85,22
9110,3016,40,5,6624.33,40
9111,3017,81,4,641.3,24
9112,3017,132,3,14673.24,11
9113,3018,185,3,1085.28,92
9114,3019,177,1,3546.32,25
9115,3019,179,2,2528.54,10
9116,3019,199,3,702.8,82
9117,3019,87,3,68101.36,46
9118,3020,109,1,3878.01,8
9119,3020,3,3,52845.51,28
9120,3021,8,-2,4278.68,7
9121,3022,68,3,1575.64,1
9122,3022,194,4,464.22,56
9123,3022,152,5,9297.38,11
9124,3023,122,1,2349.23,78
9125,3024,122,3,2349.23,78
9126,3024,94,5,2140.24,38
9127,3024,169,3,7775.36,40
9128,3024,2,-4,59090.87,52
9129,3025,21,2,4861.87,95
9130,3025,110,3,797.25,41
9131,3025,199,3,702.8,15
9132,3025,178,5,485.22,94
9133,3026,101,5,24788.51,75
9134,3026,73,1,7599.51,18
9135,3027,66,5,6345.81,76
9136,3027,58,3,2469.9,43
9137,3027,185,2,1085.28,7
9138,3027,170,4,13731.85,39
9139,3028,27,5,3860.01,93
9140,3029,130,1,530.75,53
9141,3030,7,4,1545.0,82
9142,3031,150,5,22291.25,11
9143,3031,18,1,3084.08,7
9144,3031,83,5,18455.42,81
9145,3031,145,2,3116.82,20
9146,3032,65,2,8962.94,94
9147,3032,67,1,94052.48,51
9148,3032,46,-5,6493.42,18
9149,3033,53,5,1750.15,16
9150,3033,100,2,2050.98,87
9151,3033,193,1,1383.66,81
9152,3033,139,4,7772.31,45
9153,3034,189,2,2811.23,83
9154,3034,147,4,772.56,79
9155,3034,17,5,4055.38,99
9156,3034,103,4,1452.77,18
9157,3035,127,-5,1797.09,24
9158,3036,89,-4,18350.3,73
9159,3036,57,1,2504.37,95
9160,3036,86,1,29410.8,1
9161,3037,160,5,14389.43,29
9162,3037,18,2,3084.08,84
9163,3037,98,3,1260.01,63
9164,3038,66,2,6345.81,70
9165,3038,115,4,729.43,6
9166,3039,98,2,1260.01,18
9167,3039,66,1,6345.81,5
9168,3040,18,3,3084.08,71
9169,3040,102,3,68170.84,78
9170,3040,67,4,94052.48,94
9171,3040,97,2,4030.37,32
9172,3041,181,5,3357.0,59
9173,3041,197,1,964.09,18
9174,3042,128,3,5319.49,11
9175,3042,74,3,245.13,42
9176,3042,142,2,11700.98,91
9177,3042,129,1,4097.17,42
9178,3042,23,5,317.81,82
9179,3043,38,2,2266.82,80
9180,3044,164,4,2495.26,2
9181,3044,54,4,4173.59,5
9182,3044,191,3,1754.06,70
9183,3044,12,1,37578.36,22
9184,3044,197,2,964.09,33
9185,3045,135,4,802.55,100
9186,3046,39,-3,534.57,61
9187,3046,138,3,3632.53,57
9188,3046,14,4,42582.22,88
9189,3047,22,3,16162.22,5
9190,3047,104,5,3389.18,2
9191,3047,74,3,245.13,10
9192,3047,54,5,4173.59,93
9193,3047,46,5,6493.42,64
9194,3048,32,-4,3754.44,50
9195,3048,51,3,3521.45,26
9196,3048,178,1,485.22,12
9197,3049,167,3,693.18,80
9198,3049,81,3,641.3,55
9199,3049,123,2,2794.3,28
9200,3049,137,5,14060.07,71
9201,3050,172,5,16100.85,65
9202,3050,161,5,3019.49,56
9203,3050,51,4,3521.45,44
9204,3050,29,4,4216.76,89
9205,3051,26,5,22441.58,30
9206,3051,34,1,3262.67,26
9207,3051,193,4,1383.66,84
9208,3051,29,1,4216.76,53
9209,3051,38,2,2266.82,17
9210,3052,53,1,1750.15,11
9211,3052,7,-1,1545.0,93
9212,3052,108,2,3065.18,71
9213,3052,137,4,14060.07,1
9214,3052,19,3,8561.48,61
9215,3053,199,3,702.8,85
9216,3053,167,4,693.18,10
9217,3053,24,5,2479.74,78
9218,3053,94,1,2140.24,27
9219,3053,147,5,772.56,2
9220,3054,100,3,2050.98,15
9221,3054,6,3,63491.13,66
9222,3055,90,3,17430.69,93
9223,3055,142,-2,11700.98,71
9224,3055,63,2,430.09,91
9225,3055,196,5,2283.28,37
9226,3055,59,3,1243.65,9
9227,3056,183,1,1718.29,33
9228,3056,164,4,2495.26,72
9229,3056,121,1,1118.51,46
9230,3056,110,2,797.25,39
9231,3056,137,4,14060.07,16
9232,3057,4,2,18013.15,75
9233,3057,87,3,68101.36,11
9234,3057,21,4,4861.87,60
9235,3057,47,2,497.81,81
9236,3057,152,1,9297.38,72
9237,3058,39,2,534.57,16
9238,3058,173,4,14158.62,63
9239,3058,95,1,29603.95,71
9240,3059,162,5,91765.85,97
9241,3059,23,5,317.81,51
9242,3059,83,5,18455.42,95
9243,3060,156,3,3615.3,48
9244,3060,167,2,693.18,75
9245,3060,79,2,3269.81,47
9246,3060,36,5,14186.62,84
9247,3061,78,2,40123.29,67
9248,3061,12,2,37578.36,91
9249,3062,126,1,52173.6,97
9250,3062,81,1,641.3,67
9251,3062,105,2,2738.82,19
9252,3062,117,2,1769.76,47
9253,3062,185,2,1085.28,5
9254,3063,78,5,40123.29,65
9255,3063,67,3,94052.48,54
9256,3063,71,5,1994.84,93
9257,3063,173,3,14158.62,87
9258,3064,33,4,835.93,52
9259,3064,67,4,94052.48,64
9260,3064,43,1,98247.37,78
9261,3064,133,4,4126.14,35
9262,3065,42,5,15510.68,28
9263,3065,60,4,1918.94,34
9264,3065,49,3,2142.2,73
9265,3066,25,5,3779.14,60
9266,3066,187,3,15169.68,18
9267,3066,139,1,7772.31,29
9268,3067,82,2,2740.6,10
9269,3067,94,4,2140.24,41
9270,3067,166,3,2666.16,87
9271,3068,159,5,314.46,80
9272,3068,10,2,3469.21,64
9273,3068,19,5,8561.48,62
9274,3069,85,5,2290.94,90
9275,3069,149,4,3551.09,35
9276,3069,90,1,17430.69,87
9277,3070,135,3,802.55,67
9278,3071,106,2,484.23,54
9279,3071,115,4,729.43,41
9280,3071,156,1,3615.3,95
9281,3071,91,1,4806.55,78
9282,3072,50,4,3979.14,54
9283,3072,161,3,3019.49,42
9284,3072,132,2,14673.24,34
9285,3072,57,5,2504.37,52
9286,3072,88,3,7189.72,100
9287,3073,28,1,702.92,98
9288,3073,19,3,8561.48,99
9289,3073,148,4,3368.6,39
9290,3074,134,5,389.01,51
9291,3075,40,5,6624.33,76
9292,3075,92,4,12217.22,30
9293,3075,19,1,8561.48,6
9294,3075,129,5,4097.17,26
9295,3076,56,5,23622.11,23
9296,3076,39,1,534.57,14
9297,3076,197,4,964.09,100
9298,3077,174,1,7801.61,10
9299,3077,116,3,3192.27,73
9300,3078,120,2,67415.8,22
9301,3078,69,3,6749.31,18
9302,3078,32,2,3754.44,67
9303,3078,68,3,1575.64,97
9304,3079,49,2,2142.2,39
9305,3079,126,5,52173.6,21
9306,3079,60,4,1918.94,48
9307,3079,200,-4,3212.97,70
9308,3079,42,1,15510.68,72
9309,3080,5,3,1198.16,55
9310,3080,134,1,389.01,10
9311,3080,162,5,91765.85,4
9312,3080,8,3,4278.68,1
9313,3080,116,2,3192.27,25
9314,3081,29,5,4216.76,0
9315,3081,197,1,964.09,42
9316,3081,58,2,2469.9,56
9317,3082,173,3,14158.62,67
9318,3082,113,4,3469.53,51
9319,3083,93,1,1383.07,44
9320,3083,24,3,2479.74,33
9321,3083,89,3,18350.3,53
9322,3083,28,1,702.92,44
9323,3084,5,5,1198.16,19
9324,3084,167,4,693.18,5
9325,3085,64,4,93117.18,62
9326,3085,172,3,16100.85,95
9327,3085,12,4,37578.36,81
9328,3085,6,2,63491.13,63
9329,3085,26,2,22441.58,6
9330,3086,146,2,1205.79,50
9331,3086,45,3,9220.4,79
9332,3086,139,5,7772.31,8
9333,3087,150,5,22291.25,88
9334,3088,49,5,2142.2,44
9335,3088,25,4,3779.14,56
9336,3089,179,5,2528.54,46
9337,3089,130,1,530.75,21
9338,3090,194,3,464.22,41
9339,3091,186,5,4929.38,31
9340,3091,142,1,11700.98,86
9341,3092,17,4,4055.38,43
9342,3092,9,3,26698.69,70
9343,3092,93,2,1383.07,11
9344,3092,187,2,15169.68,49
9345,3093,148,4,3368.6,33
9346,3093,60,2,1918.94,77
9347,3094,153,4,98307.89,61
9348,3094,55,5,1885.07,34
9349,3094,193,3,1383.66,95
9350,3095,31,1,1292.25,57
9351,3095,155,5,896.22,78
9352,3095,7,1,1545.0,61
9353,3095,60,3,1918.94,10
9354,3096,160,5,14389.43,12
9355,3096,133,5,4126.14,64
9356,3096,73,1,7599.51,58
9357,3096,44,4,70908.36,47
9358,3096,31,3,1292.25,8
9359,3097,85,5,2290.94,86
9360,3097,170,3,13731.85,38
9361,3098,150,3,22291.25,77
9362,3099,101,3,24788.51,26
9363,3099,115,1,729.43,54
9364,3100,83,5,18455.42,69
9365,3100,82,2,2740.6,66
9366,3100,74,2,245.13,66
9367,3101,126,5,52173.6,60
9368,3101,180,3,308.9,56
9369,3101,149,4,3551.09,55
9370,3102,91,4,4806.55,99
9371,3102,22,3,16162.22,74
9372,3102,38,1,2266.82,61
9373,3103,163,3,33147.7,41
9374,3104,49,5,2142.2,33
9375,3104,151,2,92003.66,81
9376,3104,25,3,3779.14,28
9377,3105,77,5,1679.18,60
9378,3105,103,4,1452.77,13
9379,3105,57,-3,2504.37,52
9380,3105,174,5,7801.61,22
9381,3106,96,1,26794.28,74
9382,3106,196,3,2283.28,98
9383,3107,55,1,1885.07,62
9384,3107,84,4,529.09,88
9385,3107,98,2,1260.01,38
9386,3107,185,1,1085.28,44
9387,3107,71,2,1994.84,46
9388,3108,172,4,16100.85,59
9389,3108,3,1,52845.51,6
9390,3108,155,1,896.22,14
9391,3108,99,1,8134.79,42
9392,3108,60,3,1918.94,59
9393,3109,107,2,5474.76,98
9394,3109,18,3,3084.08,78
9395,3109,108,3,3065.18,30
9396,3109,169,1,7775.36,84
9397,3110,76,5,19136.21,61
9398,3110,147,2,772.56,22
9399,3110,23,3,317.81,46
9400,3111,119,5,35613.06,43
9401,3111,134,4,389.01,32
9402,3111,143,1,7284.34,28
9403,3111,83,3,18455.42,34
9404,3112,116,3,3192.27,12
9405,3112,1,4,253.9,68
9406,3112,3,3,52845.51,83
9407,3112,198,3,2694.15,59
9408,3113,103,5,1452.77,85
9409,3113,182,3,29049.69,19
9410,3114,65,2,8962.94,68
9411,3114,146,3,1205.79,47
9412,3115,35,5,3131.28,2
9413,3115,132,5,14673.24,100
9414,3115,96,3,26794.28,62
9415,3116,126,3,52173.6,62
9416,3116,143,3,7284.34,64
9417,3116,32,1,3754.44,83
9418,3116,162,4,91765.85,51
9419,3116,74,1,245.13,19
9420,3117,192,-3,7461.34,80
9421,3117,77,-1,1679.18,99
9422,3117,58,2,2469.9,52
9423,3117,69,2,6749.31,30
9424,3117,96,2,26794.28,94
9425,3118,50,4,3979.14,0
9426,3118,196,3,2283.28,2
9427,3118,89,4,18350.3,13
9428,3119,24,4,2479.74,75
9429,3119,150,4,22291.25,81
9430,3119,124,1,2030.13,32
9431,3120,119,5,35613.06,62
9432,3120,100,2,2050.98,37
9433,3120,97,1,4030.37,71
9434,3120,11,3,763.98,91
9435,3121,4,5,18013.15,43
9436,3121,17,-1,4055.38,66
9437,3121,50,2,3979.14,63
9438,3122,118,3,2637.64,91
9439,3122,97,4,4030.37,4
9440,3122,61,1,27642.73,59
9441,3123,5,2,1198.16,77
9442,3124,94,1,2140.24,2
9443,3124,171,1,5623.35,58
9444,3124,50,3,3979.14,78
9445,3124,65,1,8962.94,84
9446,3125,163,1,33147.7,56
9447,3126,154,4,1413.98,58
9448,3127,180,3,308.9,73
9449,3127,159,1,314.46,62
9450,3127,119,5,35613.06,55
9451,3127,47,5,497.81,22
9452,3127,40,5,6624.33,40
9453,3128,103,1,1452.77,50
9454,3128,15,2,17548.6,14
9455,3128,13,3,1849.34,74
9456,3129,87,5,68101.36,98
9457,3129,127,5,1797.09,54
9458,3130,52,4,3961.79,86
9459,3130,11,2,763.98,45
9460,3130,152,2,9297.38,54
9461,3130,60,4,1918.94,30
9462,3131,58,3,2469.9,90
9463,3131,141,5,10789.69,76
9464,3131,94,4,2140.24,5
9465,3132,100,1,2050.98,58
9466,3132,138,2,3632.53,17
9467,3132,49,5,2142.2,68
9468,3132,179,2,2528.54,34
9469,3133,90,2,17430.69,29
9470,3134,39,1,534.57,96
9471,3134,32,2,3754.44,78
9472,3134,37,1,3250.66,9
9473,3135,83,2,18455.42,6
9474,3135,186,5,4929.38,59
9475,3135,70,3,5396.07,21
9476,3136,157,3,3574.22,78
9477,3136,106,2,484.23,55
9478,3136,124,4,2030.13,86
9479,3136,142,2,11700.98,40
9480,3137,65,5,8962.94,52
9481,3137,133,4,4126.14,98
9482,3137,6,1,63491.13,88
9483,3137,157,3,3574.22,66
9484,3138,172,2,16100.85,90
9485,3139,3,1,52845.51,58
9486,3140,72,3,199.64,99
9487,3140,178,-4,485.22,46
9488,3141,100,2,2050.98,49
9489,3141,30,1,1221.85,65
9490,3141,119,2,35613.06,43
9491,3141,165,2,2338.31,85
9492,3141,68,4,1575.64,30
9493,3142,148,5,3368.6,33
9494,3142,104,1,3389.18,18
9495,3142,113,5,3469.53,97
9496,3142,89,5,18350.3,49
9497,3143,124,5,2030.13,13
9498,3143,182,1,29049.69,16
9499,3143,79,2,3269.81,25
9500,3143,166,2,2666.16,9
9501,3144,50,2,3979.14,41
9502,3144,19,2,8561.48,48
9503,3144,141,1,10789.69,13
9504,3145,126,4,52173.6,82
9505,3145,111,5,7723.9,72
9506,3145,177,2,3546.32,42
9507,3145,179,5,2528.54,39
9508,3145,189,4,2811.23,97
9509,3146,120,4,67415.8,33
9510,3146,141,3,10789.69,48
9511,3146,79,3,3269.81,89
9512,3147,111,2,7723.9,47
9513,3147,140,3,3878.75,35
9514,3148,179,1,2528.54,14
9515,3148,160,5,14389.43,12
9516,3148,144,5,382.9,85
9517,3149,8,-1,4278.68,27
9518,3149,146,4,1205.79,57
9519,3149,79,2,3269.81,65
9520,3150,50,3,3979.14,18
9521,3151,29,2,4216.76,70
9522,3152,48,1,17690.82,88
9523,3152,186,5,4929.38,27
9524,3152,163,4,33147.7,92
9525,3152,195,4,7327.29,65
9526,3152,33,3,835.93,99
9527,3153,56,5,23622.11,99
9528,3154,134,4,389.01,10
9529,3154,153,3,98307.89,48
9530,3154,157,2,3574.22,21
9531,3155,55,1,1885.07,33
9532,3156,101,2,24788.51,25
9533,3156,113,2,3469.53,41
9534,3156,118,3,2637.64,7
9535,3156,61,1,27642.73,14
9536,3156,47,2,497.81,56
9537,3157,115,5,729.43,26
9538,3157,179,4,2528.54,1
9539,3158,105,1,2738.82,65
9540,3158,110,4,797.25,99
9541,3159,115,3,729.43,59
9542,3159,162,4,91765.85,5
9543,3159,118,5,2637.64,1
9544,3159,177,4,3546.32,84
9545,3160,88,4,7189.72,13
9546,3160,71,5,1994.84,30
9547,3160,129,4,4097.17,48
9548,3160,46,2,6493.42,94
9549,3161,164,3,2495.26,0
9550,3161,106,4,484.23,53
9551,3161,65,4,8962.94,88
9552,3161,64,1,93117.18,81
9553,3161,160,4,14389.43,23
9554,3162,83,4,18455.42,18
9555,3163,49,3,2142.2,69
9556,3164,139,5,7772.31,50
9557,3164,186,5,4929.38,6
9558,3164,118,3,2637.64,13
9559,3164,97,5,4030.37,49
9560,3164,76,5,19136.21,28
9561,3165,72,2,199.64,85
9562,3166,58,4,2469.9,38
9563,3166,89,3,18350.3,51
9564,3167,71,5,1994.84,54
9565,3167,146,4,1205.79,38
9566,3167,130,1,530.75,75
9567,3168,194,1,464.22,51
9568,3168,44,1,70908.36,41
9569,3168,93,-2,1383.07,77
9570,3168,3,1,52845.51,49
9571,3168,71,3,1994.84,72
9572,3169,164,5,2495.26,92
9573,3170,164,1,2495.26,29
9574,3170,171,3,5623.35,16
9575,3170,47,3,497.81,84
9576,3170,27,1,3860.01,90
9577,3171,24,4,2479.74,87
9578,3171,157,-1,3574.22,15
9579,3171,14,5,42582.22,8
9580,3171,119,3,35613.06,71
9581,3171,149,5,3551.09,12
9582,3172,72,4,199.64,69
9583,3172,63,2,430.09,74
9584,3173,18,4,3084.08,1
9585,3173,111,4,7723.9,35
9586,3173,87,2,68101.36,15
9587,3173,66,3,6345.81,31
9588,3174,130,5,530.75,31
9589,3175,135,2,802.55,99
9590,3175,15,3,17548.6,21
9591,3175,156,4,3615.3,0
9592,3175,177,2,3546.32,22
9593,3176,98,4,1260.01,73
9594,3177,199,5,702.8,90
9595,3178,126,-4,52173.6,46
9596,3178,69,3,6749.31,65
9597,3178,133,1,4126.14,18
9598,3178,163,5,33147.7,29
9599,3178,94,2,2140.24,98
9600,3179,148,5,3368.6,29
9601,3179,145,5,3116.82,38
9602,3179,184,2,19452.92,87
9603,3180,44,1,70908.36,0
9604,3180,56,4,23622.11,46
9605,3180,47,4,497.81,30
9606,3180,67,3,94052.48,10
9607,3180,136,4,2848.35,39
9608,3181,165,3,2338.31,48
9609,3181,21,5,4861.87,27
9610,3181,61,-3,27642.73,15
9611,3182,53,2,1750.15,94
9612,3183,55,3,1885.07,6
9613,3184,24,2,2479.74,69
9614,3185,165,2,2338.31,11
9615,3185,19,5,8561.48,42
9616,3186,157,5,3574.22,81
9617,3186,15,5,17548.6,90
9618,3186,153,4,98307.89,72
9619,3187,178,1,485.22,28
9620,3187,109,3,3878.01,97
9621,3187,198,5,2694.15,58
9622,3187,40,1,6624.33,63
9623,3187,6,4,63491.13,10
9624,3188,177,1,3546.32,24
9625,3188,179,1,2528.54,44
9626,3188,136,4,2848.35,64
9627,3188,89,4,18350.3,7
9628,3189,123,3,2794.3,9
9629,3189,4,2,18013.15,32
9630,3189,190,4,1227.09,0
9631,3189,106,3,484.23,11
9632,3189,189,4,2811.23,32
9633,3190,193,2,1383.66,97
9634,3190,82,5,2740.6,75
9635,3190,69,3,6749.31,26
9636,3190,70,2,5396.07,57
9637,3190,172,4,16100.85,71
9638,3191,192,1,7461.34,96
9639,3191,24,5,2479.74,58
9640,3191,196,4,2283.28,58
9641,3192,140,4,3878.75,7
9642,3192,23,-1,317.81,49
9643,3192,153,3,98307.89,28
9644,3192,47,3,497.81,41
9645,3193,173,4,14158.62,86
9646,3193,88,2,7189.72,10
9647,3193,166,4,2666.16,97
9648,3193,25,2,3779.14,5
9649,3193,2,2,59090.87,28
9650,3194,68,3,1575.64,74
9651,3194,156,4,3615.3,95
9652,3195,25,3,3779.14,96
9653,3195,168,4,2536.06,33
9654,3195,186,3,4929.38,14
9655,3195,45,1,9220.4,38
9656,3196,169,3,7775.36,68
9657,3196,101,1,24788.51,75
9658,3196,192,3,7461.34,89
9659,3196,65,4,8962.94,92
9660,3196,151,2,92003.66,14
9661,3197,74,1,245.13,44
9662,3197,192,4,7461.34,2
9663,3197,165,3,2338.31,37
9664,3197,81,2,641.3,61
9665,3197,195,1,7327.29,58
9666,3198,103,5,1452.77,46
9667,3198,7,5,1545.0,91
9668,3198,145,3,3116.82,61
9669,3198,167,4,693.18,15
9670,3198,98,1,1260.01,13
9671,3199,45,4,9220.4,73
9672,3200,178,4,485.22,39
9673,3200,116,4,3192.27,46
9674,3200,169,3,7775.36,86
9675,3200,1,3,253.9,53
9676,3201,109,4,3878.01,19
9677,3201,193,5,1383.66,72
9678,3201,50,4,3979.14,19
9679,3202,129,4,4097.17,87
9680,3202,72,-5,199.64,26
9681,3203,161,5,3019.49,43
9682,3203,115,3,729.43,87
9683,3203,63,1,430.09,97
9684,3204,95,5,29603.95,1
9685,3204,25,5,3779.14,64
9686,3205,115,4,729.43,67
9687,3205,171,3,5623.35,94
9688,3205,153,4,98307.89,1
9689,3206,90,4,17430.69,92
9690,3206,100,5,2050.98,93
9691,3206,1,5,253.9,23
9692,3206,120,4,67415.8,8
9693,3207,136,5,2848.35,16
9694,3207,28,4,702.92,100
9695,3208,186,4,4929.38,4
9696,3208,153,5,98307.89,98
9697,3208,9,4,26698.69,56
9698,3208,87,-4,68101.36,56
9699,3208,150,5,22291.25,47
9700,3209,173,1,14158.62,96
9701,3209,97,2,4030.37,72
9702,3209,118,5,2637.64,52
9703,3209,29,2,4216.76,48
9704,3210,15,4,17548.6,59
9705,3210,5,5,1198.16,23
9706,3211,152,1,9297.38,85
9707,3211,186,1,4929.38,7
9708,3211,168,4,2536.06,97
9709,3211,67,2,94052.48,45
9710,3212,50,2,3979.14,70
9711,3213,71,4,1994.84,22
9712,3213,84,2,529.09,84
9713,3213,112,1,5163.37,52
9714,3213,109,5,3878.01,83
9715,3213,21,2,4861.87,36
9716,3214,188,2,41686.05,29
9717,3214,78,2,40123.29,87
9718,3215,148,1,3368.6,100
9719,3215,46,2,6493.42,27
9720,3216,2,5,59090.87,29
9721,3216,178,3,485.22,35
9722,3216,131,4,14500.41,2
9723,3216,76,4,19136.21,90
9724,3216,186,1,4929.38,48
9725,3217,60,3,1918.94,90
9726,3217,186,2,4929.38,87
9727,3217,106,1,484.23,51
9728,3217,197,5,964.09,44
9729,3217,127,2,1797.09,24
9730,3218,187,4,15169.68,68
9731,3218,148,4,3368.6,41
9732,3218,85,2,2290.94,76
9733,3219,168,1,2536.06,17
9734,3219,69,5,6749.31,43
9735,3219,110,2,797.25,61
9736,3220,25,-1,3779.14,100
9737,3221,165,3,2338.31,32
9738,3221,116,5,3192.27,71
9739,3221,42,3,15510.68,36
9740,3221,135,5,802.55,61
9741,3222,70,2,5396.07,13
9742,3222,134,1,389.01,74
9743,3222,185,5,1085.28,100
9744,3223,27,3,3860.01,21
9745,3224,186,3,4929.38,39
9746,3224,116,2,3192.27,67
9747,3224,11,1,763.98,41
9748,3225,35,4,3131.28,52
9749,3225,130,3,530.75,16
9750,3226,105,3,2738.82,3
9751,3226,52,4,3961.79,71
9752,3226,48,4,17690.82,70
9753,3227,33,4,835.93,69
9754,3227,62,4,4101.85,3
9755,3227,139,2,7772.31,5
9756,3227,196,2,2283.28,92
9757,3227,55,5,1885.07,16
9758,3228,98,1,1260.01,31
9759,3228,175,1,1171.69,61
9760,3229,87,1,68101.36,79
9761,3230,118,5,2637.64,51
9762,3230,161,4,3019.49,26
9763,3230,138,5,3632.53,99
9764,3231,38,2,2266.82,69
9765,3231,106,4,484.23,72
9766,3231,65,5,8962.94,99
9767,3231,183,-4,1718.29,20
9768,3231,83,5,18455.42,63
9769,3232,58,1,2469.9,32
9770,3232,105,2,2738.82,39
9771,3233,112,3,5163.37,52
9772,3233,53,2,1750.15,73
9773,3233,157,1,3574.22,60
9774,3233,76,5,19136.21,50
9775,3233,144,3,382.9,38
9776,3234,22,4,16162.22,1
9777,3235,184,2,19452.92,97
9778,3235,34,2,3262.67,69
9779,3236,79,5,3269.81,0
9780,3236,184,4,19452.92,0
9781,3236,55,1,1885.07,41
9782,3236,119,1,35613.06,89
9783,3236,28,1,702.92,22
9784,3237,22,4,16162.22,39
9785,3237,31,3,1292.25,87
9786,3237,36,1,14186.62,19
9787,3237,174,1,7801.61,18
9788,3237,39,2,534.57,93
9789,3238,132,1,14673.24,92
9790,3239,64,3,93117.18,38
9791,3239,85,3,2290.94,34
9792,3239,160,1,14389.43,50
9793,3239,109,3,3878.01,67
9794,3240,6,5,63491.13,17
9795,3240,190,1,1227.09,7
9796,3240,81,3,641.3,51
9797,3240,92,4,12217.22,16
9798,3241,149,3,3551.09,83
9799,3241,31,1,1292.25,99
9800,3241,148,1,3368.6,45
9801,3241,184,2,19452.92,51
9802,3242,29,4,4216.76,32
9803,3242,32,3,3754.44,21
9804,3242,78,1,40123.29,29
9805,3242,47,4,497.81,7
9806,3242,118,4,2637.64,68
9807,3243,153,3,98307.89,94
9808,3243,152,5,9297.38,24
9809,3243,121,2,1118.51,1
9810,3244,59,3,1243.65,64
9811,3244,182,4,29049.69,18
9812,3244,64,-2,93117.18,88
9813,3244,145,5,3116.82,27
9814,3244,98,4,1260.01,68
9815,3245,131,4,14500.41,6
9816,3246,197,3,964.09,42
9817,3247,182,5,29049.69,19
9818,3247,66,2,6345.81,17
9819,3247,151,4,92003.66,62
9820,3247,159,1,314.46,34
9821,3248,100,-3,2050.98,64
9822,3248,123,1,2794.3,79
9823,3248,93,4,1383.07,0
9824,3248,21,1,4861.87,46
9825,3248,66,1,6345.81,92
9826,3249,67,5,94052.48,55
9827,3250,57,5,2504.37,61
9828,3250,88,2,7189.72,3
9829,3250,123,5,2794.3,16
9830,3250,128,3,5319.49,9
9831,3251,8,2,4278.68,5
9832,3251,188,-1,41686.05,71
9833,3251,31,-2,1292.25,70
9834,3251,192,3,7461.34,16
9835,3251,103,2,1452.77,29
9836,3252,197,5,964.09,57
9837,3252,23,-1,317.81,34
9838,3253,12,2,37578.36,96
9839,3253,21,4,4861.87,74
9840,3253,160,3,14389.43,64
9841,3253,162,2,91765.85,75
9842,3253,166,1,2666.16,43
9843,3254,193,3,1383.66,41
9844,3254,1,-1,253.9,9
9845,3254,38,4,2266.82,27
9846,3254,184,5,19452.92,82
9847,3254,50,4,3979.14,10
9848,3255,143,5,7284.34,21
9849,3255,64,1,93117.18,100
9850,3255,176,4,59597.44,42
9851,3256,167,3,693.18,89
9852,3256,42,1,15510.68,39
9853,3256,141,2,10789.69,38
9854,3256,180,5,308.9,59
9855,3257,84,5,529.09,52
9856,3257,126,2,52173.6,49
9857,3258,117,3,1769.76,76
9858,3258,107,1,5474.76,66
9859,3259,52,2,3961.79,88
9860,3259,168,1,2536.06,22
9861,3259,193,3,1383.66,83
9862,3259,93,5,1383.07,60
9863,3259,34,4,3262.67,30
9864,3260,73,4,7599.51,61
9865,3260,142,2,11700.98,96
9866,3260,176,3,59597.44,38
9867,3260,122,2,2349.23,81
9868,3261,151,2,92003.66,80
9869,3261,3,3,52845.51,38
9870,3261,41,-5,79285.87,59
9871,3262,189,4,2811.23,21
9872,3262,156,5,3615.3,48
9873,3262,152,3,9297.38,60
9874,3262,132,1,14673.24,43
9875,3262,68,4,1575.64,96
9876,3263,141,2,10789.69,66
9877,3263,168,1,2536.06,20
9878,3263,31,5,1292.25,73
9879,3264,88,2,7189.72,34
9880,3265,126,1,52173.6,82
9881,3265,16,3,1945.54,16
9882,3265,7,3,1545.0,60
9883,3265,58,-5,2469.9,53
9884,3265,139,1,7772.31,80
9885,3266,156,1,3615.3,72
9886,3267,185,1,1085.28,76
9887,3267,166,1,2666.16,53
9888,3267,71,3,1994.84,61
9889,3268,78,4,40123.29,53
9890,3268,47,2,497.81,36
9891,3269,26,4,22441.58,48
9892,3269,91,2,4806.55,16
9893,3270,24,3,2479.74,76
9894,3270,162,2,91765.85,4
9895,3270,36,2,14186.62,52
9896,3271,59,2,1243.65,6
9897,3271,145,5,3116.82,97
9898,3271,114,1,12262.14,91
9899,3271,72,3,199.64,80
9900,3271,86,1,29410.8,12
9901,3272,96,2,26794.28,59
9902,3272,134,2,389.01,13
9903,3272,76,1,19136.21,96
9904,3273,43,2,98247.37,23
9905,3273,63,4,430.09,39
9906,3273,179,1,2528.54,33
9907,3273,148,4,3368.6,42
9908,3274,174,5,7801.61,100
9909,3274,30,1,1221.85,1
9910,3274,128,1,5319.49,66
9911,3274,106,3,484.23,16
9912,3275,57,2,2504.37,27
9913,3275,145,3,3116.82,78
9914,3275,89,5,18350.3,94
9915,3275,122,3,2349.23,57
9916,3275,47,3,497.81,20
9917,3276,183,5,1718.29,68
9918,3276,156,2,3615.3,97
9919,3277,23,5,317.81,53
9920,3277,174,4,7801.61,88
9921,3277,61,4,27642.73,100
9922,3278,13,1,1849.34,45
9923,3278,135,2,802.55,76
9924,3278,25,1,3779.14,21
9925,3278,33,2,835.93,55
9926,3279,132,3,14673.24,59
9927,3279,7,2,1545.0,51
9928,3280,185,1,1085.28,5
9929,3280,69,2,6749.31,18
9930,3280,12,5,37578.36,72
9931,3281,56,5,23622.11,4
9932,3282,160,4,14389.43,38
9933,3283,39,4,534.57,8
9934,3283,147,3,772.56,38
9935,3283,101,2,24788.51,57
9936,3283,99,5,8134.79,62
9937,3284,30,3,1221.85,40
9938,3284,86,3,29410.8,84
9939,3285,129,3,4097.17,22
9940,3286,100,1,2050.98,51
9941,3286,103,5,1452.77,63
9942,3287,154,2,1413.98,92
9943,3287,41,1,79285.87,94
9944,3287,156,4,3615.3,56
9945,3287,147,3,772.56,34
9946,3287,81,5,641.3,28
9947,3288,7,2,1545.0,39
9948,3288,118,2,2637.64,87
9949,3288,175,5,1171.69,51
9950,3288,131,-5,14500.41,2
9951,3288,48,3,17690.82,40
9952,3289,61,5,27642.73,23
9953,3289,71,3,1994.84,22
9954,3290,112,4,5163.37,71
9955,3290,47,2,497.81,42
9956,3290,49,4,2142.2,25
9957,3290,17,-2,4055.38,65
9958,3290,183,1,1718.29,28
9959,3291,141,1,10789.69,61
9960,3291,62,2,4101.85,35
9961,3292,122,2,2349.23,80
9962,3292,185,2,1085.28,6
9963,3292,75,2,1758.88,29
9964,3293,121,3,1118.51,12
9965,3293,5,2,1198.16,19
9966,3293,152,3,9297.38,97
9967,3293,106,4,484.23,32
9968,3294,185,5,1085.28,68
9969,3295,5,2,1198.16,91
9970,3295,170,4,13731.85,20
9971,3295,82,1,2740.6,30
9972,3296,106,3,484.23,5
9973,3296,39,3,534.57,9
9974,3297,157,1,3574.22,16
9975,3297,128,2,5319.49,16
9976,3297,3,3,52845.51,12
9977,3297,176,1,59597.44,62
9978,3298,159,3,314.46,45
9979,3299,126,5,52173.6,63
9980,3299,41,1,79285.87,75
9981,3299,105,3,2738.82,81
9982,3300,189,3,2811.23,19
9983,3301,102,3,68170.84,43
9984,3301,21,4,4861.87,39
9985,3302,49,1,2142.2,75
9986,3303,194,2,464.22,47
9987,3303,179,3,2528.54,11
9988,3303,153,-2,98307.89,41
9989,3303,45,2,9220.4,65
9990,3303,186,1,4929.38,62
9991,3304,166,1,2666.16,75
9992,3304,91,-1,4806.55,31
9993,3304,191,3,1754.06,2
9994,3304,122,3,2349.23,91
9995,3304,176,2,59597.44,93
9996,3305,70,5,5396.07,32
9997,3305,114,1,12262.14,78
9998,3305,84,4,529.09,14
9999,3306,154,4,1413.98,96
10000,3306,35,3,3131.28,45
10001,3306,151,4,92003.66,15
10002,3307,192,4,7461.34,29
10003,3307,132,2,14673.24,65
10004,3307,187,2,15169.68,35
10005,3307,172,4,16100.85,31
10006,3308,35,4,3131.28,15
10007,3309,72,2,199.64,9
10008,3309,120,5,67415.8,84
10009,3309,36,3,14186.62,91
10010,3309,76,4,19136.21,30
10011,3310,18,2,3084.08,1
10012,3310,101,1,24788.51,58
10013,3310,47,4,497.81,9
10014,3311,157,1,3574.22,37
10015,3311,162,2,91765.85,7
10016,3311,141,3,10789.69,77
10017,3312,115,4,729.43,64
10018,3312,97,3,4030.37,85
10019,3312,140,4,3878.75,76
10020,3312,120,4,67415.8,58
10021,3312,143,1,7284.34,39
10022,3313,40,2,6624.33,88
10023,3313,45,4,9220.4,3
10024,3314,167,1,693.18,95
10025,3314,123,5,2794.3,4
10026,3314,37,1,3250.66,5
10027,3314,18,1,3084.08,36
10028,3314,117,4,1769.76,93
10029,3315,143,1,7284.34,93
10030,3316,18,5,3084.08,19
10031,3316,56,4,23622.11,65
10032,3317,100,5,2050.98,71
10033,3317,26,1,22441.58,68
10034,3317,35,5,3131.28,26
10035,3317,106,1,484.23,35
10036,3317,58,4,2469.9,84
10037,3318,36,4,14186.62,31
10038,3319,124,5,2030.13,14
10039,3319,57,4,2504.37,65
10040,3319,137,4,14060.07,90
10041,3319,107,5,5474.76,93
10042,3319,20,3,1317.81,11
10043,3320,139,3,7772.31,53
10044,3320,79,5,3269.81,5
10045,3320,20,3,1317.81,80
10046,3320,73,1,7599.51,84
10047,3320,108,5,3065.18,48
10048,3321,66,-4,6345.81,97
10049,3321,86,5,29410.8,68
10050,3321,36,2,14186.62,48
10051,3322,1,2,253.9,67
10052,3322,140,1,3878.75,1
10053,3322,169,4,7775.36,19
10054,3322,152,4,9297.38,20
10055,3323,53,5,1750.15,14
10056,3324,61,4,27642.73,19
10057,3324,156,2,3615.3,58
10058,3324,7,2,1545.0,45
10059,3325,188,3,41686.05,2
10060,3325,15,4,17548.6,66
10061,3325,148,2,3368.6,93
10062,3325,26,1,22441.58,68
10063,3326,71,1,1994.84,98
10064,3326,25,4,3779.14,77
10065,3327,49,-5,2142.2,97
10066,3327,27,5,3860.01,74
10067,3327,178,5,485.22,47
10068,3327,42,1,15510.68,82
10069,3328,83,3,18455.42,36
10070,3328,101,5,24788.51,70
10071,3328,69,2,6749.31,52
10072,3329,117,1,1769.76,33
10073,3329,9,4,26698.69,61
10074,3329,41,3,79285.87,72
10075,3329,57,1,2504.37,55
10076,3330,57,5,2504.37,65
10077,3330,65,4,8962.94,57
10078,3330,123,3,2794.3,8
10079,3330,157,5,3574.22,43
10080,3331,124,1,2030.13,10
10081,3331,159,4,314.46,38
10082,3331,134,3,389.01,55
10083,3331,87,1,68101.36,44
10084,3332,183,3,1718.29,51
10085,3332,112,2,5163.37,38
10086,3332,20,2,1317.81,96
10087,3332,12,1,37578.36,64
10088,3332,64,1,93117.18,80
10089,3333,166,2,2666.16,75
10090,3333,141,2,10789.69,2
10091,3333,150,1,22291.25,17
10092,3333,111,-3,7723.9,67
10093,3334,115,4,729.43,42
10094,3334,23,2,317.81,30
10095,3334,122,4,2349.23,90
10096,3335,105,4,2738.82,30
10097,3335,135,1,802.55,86
10098,3335,131,2,14500.41,12
10099,3335,58,4,2469.9,63
10100,3336,195,4,7327.29,13
10101,3336,28,5,702.92,100
10102,3336,19,-2,8561.48,53
10103,3336,22,1,16162.22,47
10104,3336,126,3,52173.6,70
10105,3337,107,2,5474.76,1
10106,3337,178,1,485.22,18
10107,3337,118,3,2637.64,85
10108,3337,186,1,4929.38,17
10109,3338,188,3,41686.05,43
10110,3338,197,3,964.09,3
10111,3338,17,1,4055.38,43
10112,3339,40,5,6624.33,4
10113,3339,55,5,1885.07,95
10114,3339,106,1,484.23,85
10115,3340,70,5,5396.07,70
10116,3340,8,2,4278.68,72
10117,3340,46,4,6493.42,51
10118,3340,37,4,3250.66,30
10119,3340,109,5,3878.01,65
10120,3341,57,2,2504.37,39
10121,3341,190,4,1227.09,12
10122,3341,109,4,3878.01,27
10123,3341,16,1,1945.54,25
10124,3342,27,2,3860.01,67
10125,3342,39,2,534.57,98
10126,3342,22,1,16162.22,3
10127,3343,80,5,274.27,10
10128,3344,171,2,5623.35,40
10129,3344,196,2,2283.28,78
10130,3344,53,3,1750.15,79
10131,3345,80,1,274.27,62
10132,3345,105,3,2738.82,13
10133,3346,30,5,1221.85,72
10134,3346,145,4,3116.82,40
10135,3346,168,3,2536.06,52
10136,3346,115,4,729.43,19
10137,3347,194,5,464.22,63
10138,3347,24,2,2479.74,45
10139,3347,188,1,41686.05,66
10140,3347,197,5,964.09,48
10141,3347,65,2,8962.94,18
10142,3348,107,2,5474.76,57
10143,3348,13,3,1849.34,80
10144,3348,173,4,14158.62,7
10145,3349,20,2,1317.81,16
10146,3350,194,1,464.22,16
10147,3350,110,2,797.25,36
10148,3351,62,3,4101.85,48
10149,3352,96,-4,26794.28,13
10150,3352,145,2,3116.82,46
10151,3352,147,1,772.56,84
10152,3352,167,3,693.18,66
10153,3353,160,1,14389.43,33
10154,3353,29,1,4216.76,66
10155,3353,122,2,2349.23,98
10156,3353,72,5,199.64,1
10157,3353,39,3,534.57,8
10158,3354,2,4,59090.87,55
10159,3354,137,1,14060.07,90
10160,3354,48,5,17690.82,14
10161,3354,47,2,497.81,27
10162,3355,185,2,1085.28,62
10163,3355,118,5,2637.64,70
10164,3355,195,3,7327.29,98
10165,3355,58,3,2469.9,62
10166,3355,152,5,9297.38,4
10167,3356,178,5,485.22,48
10168,3356,26,2,22441.58,53
10169,3356,148,1,3368.6,41
10170,3356,114,2,12262.14,60
10171,3356,92,4,12217.22,78
10172,3357,67,5,94052.48,36
10173,3357,39,3,534.57,38
10174,3357,65,2,8962.94,1
10175,3358,95,2,29603.95,33
10176,3358,66,5,6345.81,19
10177,3359,78,5,40123.29,69
10178,3359,45,4,9220.4,24
10179,3359,38,1,2266.82,31
10180,3360,37,2,3250.66,59
10181,3360,198,1,2694.15,38
10182,3360,142,3,11700.98,5
10183,3360,167,2,693.18,9
10184,3361,44,5,70908.36,4
10185,3362,41,4,79285.87,86
10186,3362,50,4,3979.14,80
10187,3363,169,1,7775.36,33
10188,3363,178,1,485.22,77
10189,3363,144,2,382.9,85
10190,3363,135,5,802.55,52
10191,3363,197,1,964.09,49
10192,3364,98,1,1260.01,33
10193,3365,196,1,2283.28,64
10194,3365,93,5,1383.07,95
10195,3365,132,1,14673.24,13
10196,3365,90,5,17430.69,78
10197,3366,200,3,3212.97,48
10198,3366,73,5,7599.51,18
10199,3367,192,4,7461.34,52
10200,3367,147,5,772.56,70
10201,3367,30,2,1221.85,37
10202,3368,28,1,702.92,28
10203,3369,60,1,1918.94,35
10204,3369,11,1,763.98,25
10205,3369,147,1,772.56,66
10206,3370,8,1,4278.68,71
10207,3371,43,3,98247.37,1
10208,3372,61,1,27642.73,89
10209,3372,185,2,1085.28,20
10210,3372,11,3,763.98,81
10211,3373,147,4,772.56,75
10212,3374,37,3,3250.66,39
10213,3375,55,1,1885.07,64
10214,3375,199,3,702.8,53
10215,3375,131,1,14500.41,73
10216,3375,143,3,7284.34,6
10217,3376,117,4,1769.76,12
10218,3376,55,3,1885.07,84
10219,3376,72,5,199.64,58
10220,3376,95,5,29603.95,27
10221,3377,6,1,63491.13,25
10222,3378,55,3,1885.07,45
10223,3379,145,3,3116.82,40
10224,3379,26,4,22441.58,16
10225,3379,39,2,534.57,58
10226,3379,74,-3,245.13,84
10227,3380,132,5,14673.24,34
10228,3380,185,1,1085.28,58
10229,3380,43,3,98247.37,3
10230,3380,153,2,98307.89,27
10231,3381,178,3,485.22,33
10232,3381,60,5,1918.94,80
10233,3381,148,5,3368.6,78
10234,3381,27,5,3860.01,57
10235,3382,127,5,1797.09,29
10236,3383,134,5,389.01,13
10237,3383,44,2,70908.36,50
10238,3384,36,3,14186.62,11
10239,3384,58,2,2469.9,80
10240,3384,11,4,763.98,38
10241,3384,156,1,3615.3,0
10242,3384,160,4,14389.43,2
10243,3385,71,-2,1994.84,54
10244,3385,67,4,94052.48,44
10245,3386,106,1,484.23,89
10246,3386,165,5,2338.31,5
10247,3387,157,4,3574.22,50
10248,3387,182,2,29049.69,11
10249,3387,35,1,3131.28,10
10250,3388,188,5,41686.05,77
10251,3389,156,3,3615.3,37
10252,3389,183,4,1718.29,100
10253,3389,27,1,3860.01,21
10254,3389,184,3,19452.92,28
10255,3390,176,1,59597.44,49
10256,3390,13,3,1849.34,2
10257,3390,21,1,4861.87,35
10258,3390,89,4,18350.3,37
10259,3391,149,4,3551.09,59
10260,3391,109,5,3878.01,38
10261,3391,34,5,3262.67,48
10262,3391,72,5,199.64,66
10263,3391,191,5,1754.06,34
10264,3392,169,3,7775.36,66
10265,3392,110,1,797.25,59
10266,3392,80,1,274.27,83
10267,3392,145,2,3116.82,51
10268,3392,133,1,4126.14,3
10269,3393,30,4,1221.85,59
10270,3394,34,1,3262.67,56
10271,3395,115,2,729.43,83
10272,3395,171,4,5623.35,40
10273,3395,97,5,4030.37,39
10274,3395,100,5,2050.98,25
10275,3396,155,1,896.22,56
10276,3396,76,5,19136.21,13
10277,3397,43,1,98247.37,56
10278,3398,108,5,3065.18,90
10279,3399,44,1,70908.36,4
10280,3399,101,3,24788.51,78
10281,3399,93,1,1383.07,21
10282,3399,105,1,2738.82,34
10283,3400,139,3,7772.31,11
10284,3400,28,3,702.92,42
10285,3400,155,5,896.22,54
10286,3401,6,3,63491.13,29
10287,3401,124,2,2030.13,29
10288,3401,126,5,52173.6,38
10289,3401,105,5,2738.82,93
10290,3402,129,3,4097.17,47
10291,3402,39,2,534.57,29
10292,3402,135,5,802.55,13
10293,3402,157,4,3574.22,99
10294,3403,100,2,2050.98,93
10295,3404,10,3,3469.21,31
10296,3404,99,1,8134.79,96
10297,3405,134,3,389.01,79
10298,3406,3,5,52845.51,23
10299,3406,155,4,896.22,80
10300,3406,12,4,37578.36,44
10301,3406,65,2,8962.94,92
10302,3406,174,4,7801.61,91
10303,3407,35,5,3131.28,61
10304,3408,191,2,1754.06,13
10305,3408,164,4,2495.26,27
10306,3408,49,5,2142.2,38
10307,3408,37,4,3250.66,88
10308,3409,158,3,1554.87,64
10309,3409,112,4,5163.37,91
10310,3410,6,2,63491.13,95
10311,3410,25,5,3779.14,44
10312,3411,6,4,63491.13,42
10313,3411,14,2,42582.22,79
10314,3411,39,2,534.57,61
10315,3411,65,4,8962.94,70
10316,3411,64,4,93117.18,84
10317,3412,7,3,1545.0,89
10318,3413,138,2,3632.53,35
10319,3414,65,2,8962.94,15
10320,3414,52,4,3961.79,77
10321,3414,198,4,2694.15,56
10322,3414,167,1,693.18,55
10323,3414,69,1,6749.31,46
10324,3415,15,5,17548.6,82
10325,3415,114,1,12262.14,61
10326,3415,79,2,3269.81,40
10327,3416,126,5,52173.6,16
10328,3416,90,1,17430.69,91
10329,3416,149,1,3551.09,49
10330,3416,112,2,5163.37,43
10331,3417,75,4,1758.88,89
10332,3418,113,5,3469.53,78
10333,3418,133,2,4126.14,47
10334,3418,155,3,896.22,50
10335,3418,137,3,14060.07,51
10336,3418,149,2,3551.09,75
10337,3419,5,5,1198.16,57
10338,3419,185,1,1085.28,13
10339,3419,148,3,3368.6,84
10340,3419,197,3,964.09,46
10341,3419,127,4,1797.09,0
10342,3420,172,5,16100.85,91
10343,3420,163,2,33147.7,32
10344,3421,118,4,2637.64,89
10345,3421,88,1,7189.72,92
10346,3422,144,4,382.9,50
10347,3422,129,5,4097.17,19
10348,3422,112,3,5163.37,41
10349,3422,106,2,484.23,77
10350,3422,30,1,1221.85,42
10351,3423,101,5,24788.51,22
10352,3424,119,1,35613.06,0
10353,3424,130,1,530.75,85
10354,3424,113,1,3469.53,100
10355,3424,167,1,693.18,85
10356,3425,140,1,3878.75,41
10357,3426,156,1,3615.3,53
10358,3426,190,1,1227.09,74
10359,3426,192,4,7461.34,24
10360,3426,86,5,29410.8,33
10361,3427,126,5,52173.6,80
10362,3427,191,5,1754.06,10
10363,3427,62,2,4101.85,11
10364,3428,34,1,3262.67,6
10365,3428,54,5,4173.59,65
10366,3429,198,2,2694.15,67
10367,3429,13,3,1849.34,85
10368,3430,58,5,2469.9,79
10369,3430,125,1,800.11,97
10370,3430,66,5,6345.81,51
10371,3430,52,4,3961.79,16
10372,3431,33,2,835.93,9
10373,3431,131,1,14500.41,33
10374,3432,73,5,7599.51,15
10375,3432,114,4,12262.14,86
10376,3432,144,4,382.9,80
10377,3433,150,4,22291.25,46
10378,3433,96,3,26794.28,92
10379,3434,98,1,1260.01,77
10380,3434,184,2,19452.92,16
10381,3434,198,1,2694.15,98
10382,3434,77,5,1679.18,70
10383,3435,30,2,1221.85,2
10384,3435,183,4,1718.29,27
10385,3436,82,5,2740.6,93
10386,3437,119,3,35613.06,15
10387,3437,175,4,1171.69,49
10388,3437,66,1,6345.81,81
10389,3437,72,2,199.64,3
10390,3438,86,2,29410.8,52
10391,3438,79,3,3269.81,97
10392,3439,19,4,8561.48,77
10393,3440,150,4,22291.25,64
10394,3440,8,2,4278.68,40
10395,3441,167,5,693.18,8
10396,3441,79,4,3269.81,59
10397,3441,95,4,29603.95,35
10398,3441,76,1,19136.21,31
10399,3441,94,2,2140.24,28
10400,3442,162,1,91765.85,91
10401,3442,134,5,389.01,93
10402,3442,14,2,42582.22,84
10403,3442,175,2,1171.69,43
10404,3442,145,2,3116.82,100
10405,3443,129,2,4097.17,81
10406,3443,132,4,14673.24,58
10407,3443,34,1,3262.67,22
10408,3443,123,4,2794.3,77
10409,3443,56,2,23622.11,59
10410,3444,77,3,1679.18,77
10411,3444,157,5,3574.22,72
10412,3444,107,3,5474.76,21
10413,3444,80,2,274.27,40
10414,3444,5,2,1198.16,78
10415,3445,86,3,29410.8,33
10416,3445,151,3,92003.66,87
10417,3445,152,5,9297.38,35
10418,3445,101,2,24788.51,95
10419,3446,69,5,6749.31,55
10420,3446,67,5,94052.48,14
10421,3446,86,1,29410.8,9
10422,3446,178,3,485.22,100
10423,3447,188,2,41686.05,5
10424,3447,98,4,1260.01,32
10425,3448,29,5,4216.76,90
10426,3449,197,1,964.09,41
10427,3449,52,5,3961.79,63
10428,3449,93,4,1383.07,10
10429,3449,145,3,3116.82,40
10430,3449,56,3,23622.11,76
10431,3450,83,4,18455.42,89
10432,3451,57,4,2504.37,67
10433,3451,56,4,23622.11,78
10434,3452,52,2,3961.79,45
10435,3453,91,1,4806.55,88
10436,3453,15,2,17548.6,2
10437,3453,178,3,485.22,49
10438,3453,57,2,2504.37,59
10439,3453,23,2,317.81,14
10440,3454,122,2,2349.23,92
10441,3454,176,4,59597.44,50
10442,3454,1,1,253.9,27
10443,3454,192,2,7461.34,24
10444,3455,187,5,15169.68,38
10445,3455,138,1,3632.53,68
10446,3455,169,1,7775.36,22
10447,3456,51,3,3521.45,44
10448,3456,72,5,199.64,75
10449,3456,163,5,33147.7,62
10450,3456,61,4,27642.73,98
10451,3456,26,2,22441.58,92
10452,3457,149,5,3551.09,25
10453,3457,69,5,6749.31,45
10454,3457,16,4,1945.54,74
10455,3457,1,3,253.9,97
10456,3458,181,1,3357.0,72
10457,3458,14,2,42582.22,32
10458,3458,13,4,1849.34,34
10459,3459,150,1,22291.25,8
10460,3460,165,2,2338.31,50
10461,3460,152,4,9297.38,1
10462,3460,35,2,3131.28,90
10463,3460,141,5,10789.69,54
10464,3461,79,3,3269.81,50
10465,3461,26,-4,22441.58,55
10466,3462,91,1,4806.55,20
10467,3463,8,5,4278.68,37
10468,3463,185,2,1085.28,26
10469,3463,111,2,7723.9,3
10470,3464,189,5,2811.23,5
10471,3465,172,4,16100.85,31
10472,3465,151,1,92003.66,95
10473,3465,104,5,3389.18,89
10474,3466,142,5,11700.98,21
10475,3466,50,3,3979.14,81
10476,3467,162,2,91765.85,65
10477,3467,182,-4,29049.69,28
10478,3467,130,2,530.75,14
10479,3467,133,1,4126.14,60
10480,3467,38,5,2266.82,67
10481,3468,131,1,14500.41,21
10482,3468,187,4,15169.68,29
10483,3469,127,3,1797.09,97
10484,3469,37,3,3250.66,69
10485,3469,119,3,35613.06,19
10486,3469,109,2,3878.01,0
10487,3470,185,2,1085.28,0
10488,3470,151,1,92003.66,78
10489,3470,152,4,9297.38,2
10490,3470,50,5,3979.14,37
10491,3471,173,5,14158.62,60
10492,3471,62,3,4101.85,86
10493,3472,179,4,2528.54,87
10494,3473,154,4,1413.98,78
10495,3473,173,4,14158.62,97
10496,3474,76,-4,19136.21,41
10497,3474,118,1,2637.64,20
10498,3475,161,3,3019.49,45
10499,3475,109,3,3878.01,11
10500,3475,25,1,3779.14,2
10501,3475,182,3,29049.69,10
10502,3475,186,1,4929.38,65
10503,3476,47,5,497.81,38
10504,3477,125,3,800.11,90
10505,3477,127,2,1797.09,16
10506,3477,178,4,485.22,22
10507,3477,54,2,4173.59,88
10508,3477,106,1,484.23,1
10509,3478,166,4,2666.16,1
10510,3478,124,4,2030.13,17
10511,3479,125,2,800.11,41
10512,3479,120,1,67415.8,19
10513,3480,70,2,5396.07,0
10514,3480,168,2,2536.06,85
10515,3480,30,3,1221.85,87
10516,3480,198,2,2694.15,81
10517,3480,145,3,3116.82,25
10518,3481,152,3,9297.38,26
10519,3481,53,5,1750.15,14
10520,3481,43,4,98247.37,98
10521,3481,64,5,93117.18,18
10522,3482,102,1,68170.84,77
10523,3482,197,1,964.09,53
10524,3482,136,4,2848.35,28
10525,3482,40,-1,6624.33,54
10526,3482,53,4,1750.15,78
10527,3483,178,5,485.22,60
10528,3483,89,3,18350.3,1
10529,3483,52,2,3961.79,26
10530,3483,67,1,94052.48,32
10531,3484,55,3,1885.07,32
10532,3484,62,1,4101.85,2
10533,3484,73,4,7599.51,12
10534,3485,4,4,18013.15,33
10535,3485,45,5,9220.4,59
10536,3485,168,1,2536.06,3
10537,3485,59,5,1243.65,36
10538,3486,109,3,3878.01,70
10539,3486,33,1,835.93,12
10540,3486,96,3,26794.28,93
10541,3487,27,4,3860.01,52
10542,3488,25,2,3779.14,74
10543,3488,190,4,1227.09,88
10544,3488,124,2,2030.13,66
10545,3489,13,5,1849.34,16
10546,3490,17,1,4055.38,15
10547,3490,5,3,1198.16,0
10548,3490,190,3,1227.09,2
10549,3491,132,4,14673.24,78
10550,3491,179,5,2528.54,90
10551,3491,85,4,2290.94,12
10552,3491,96,2,26794.28,15
10553,3491,178,3,485.22,20
10554,3492,19,3,8561.48,20
10555,3492,148,2,3368.6,89
10556,3492,84,2,529.09,17
10557,3493,178,1,485.22,41
10558,3493,56,5,23622.11,70
10559,3493,38,2,2266.82,58
10560,3493,164,4,2495.26,81
10561,3493,171,3,5623.35,30
10562,3494,131,3,14500.41,94
10563,3494,128,1,5319.49,89
10564,3494,136,3,2848.35,63
10565,3495,143,2,7284.34,43
10566,3495,41,2,79285.87,76
10567,3495,27,3,3860.01,5
10568,3495,38,1,2266.82,11
10569,3496,66,3,6345.81,99
10570,3497,59,3,1243.65,40
10571,3497,29,5,4216.76,87
10572,3498,22,2,16162.22,59
10573,3498,94,4,2140.24,90
10574,3498,146,5,1205.79,70
10575,3498,90,5,17430.69,22
10576,3499,61,1,27642.73,28
10577,3499,158,1,1554.87,56
10578,3499,3,3,52845.51,68
10579,3499,137,5,14060.07,2
10580,3500,137,1,14060.07,32
10581,3500,49,3,2142.2,68
10582,3501,60,1,1918.94,90
10583,3501,33,5,835.93,60
10584,3501,114,1,12262.14,69
10585,3501,149,4,3551.09,8
10586,3501,196,3,2283.28,16
10587,3502,137,5,14060.07,28
10588,3502,172,3,16100.85,89
10589,3503,16,3,1945.54,84
10590,3503,12,3,37578.36,76
10591,3503,55,2,1885.07,5
10592,3504,52,3,3961.79,72
10593,3504,188,4,41686.05,56
10594,3504,35,3,3131.28,56
10595,3505,50,5,3979.14,77
10596,3505,48,1,17690.82,13
10597,3505,71,2,1994.84,100
10598,3505,74,4,245.13,75
10599,3506,127,2,1797.09,2
10600,3506,14,3,42582.22,97
10601,3506,106,3,484.23,59
10602,3506,10,4,3469.21,18
10603,3506,169,4,7775.36,32
10604,3507,153,1,98307.89,11
10605,3507,128,4,5319.49,0
10606,3507,188,5,41686.05,72
10607,3508,177,5,3546.32,73
10608,3508,195,4,7327.29,4
10609,3508,49,1,2142.2,44
10610,3509,95,-2,29603.95,14
10611,3509,90,2,17430.69,25
10612,3510,129,5,4097.17,76
10613,3510,122,4,2349.23,7
10614,3510,12,1,37578.36,65
10615,3510,181,2,3357.0,34
10616,3511,49,4,2142.2,87
10617,3511,185,1,1085.28,16
10618,3511,197,5,964.09,81
10619,3511,155,5,896.22,66
10620,3512,14,5,42582.22,92
10621,3512,3,2,52845.51,0
10622,3512,36,4,14186.62,35
10623,3512,31,4,1292.25,13
10624,3512,164,1,2495.26,95
10625,3513,26,5,22441.58,77
10626,3513,120,4,67415.8,73
10627,3514,177,2,3546.32,59
10628,3514,102,1,68170.84,81
10629,3514,179,3,2528.54,89
10630,3514,107,4,5474.76,6
10631,3514,152,-2,9297.38,27
10632,3515,27,4,3860.01,95
10633,3515,160,5,14389.43,66
10634,3515,126,3,52173.6,18
10635,3515,45,5,9220.4,46
10636,3515,149,5,3551.09,78
10637,3516,37,4,3250.66,65
10638,3516,1,1,253.9,69
10639,3516,93,3,1383.07,99
10640,3516,6,2,63491.13,73
10641,3516,33,4,835.93,50
10642,3517,136,1,2848.35,91
10643,3517,3,5,52845.51,1
10644,3518,2,4,59090.87,30
10645,3519,27,5,3860.01,36
10646,3519,44,5,70908.36,74
10647,3519,7,5,1545.0,100
10648,3519,22,3,16162.22,100
10649,3520,123,3,2794.3,59
10650,3520,124,3,2030.13,39
10651,3520,3,3,52845.51,14
10652,3521,48,4,17690.82,51
10653,3522,185,2,1085.28,95
10654,3522,150,4,22291.25,17
10655,3522,190,4,1227.09,81
10656,3522,1,3,253.9,36
10657,3522,12,2,37578.36,38
10658,3523,107,3,5474.76,72
10659,3523,11,1,763.98,88
10660,3523,135,4,802.55,3
10661,3523,130,3,530.75,31
10662,3524,98,5,1260.01,83
10663,3524,55,5,1885.07,26
10664,3524,29,5,4216.76,66
10665,3525,81,5,641.3,94
10666,3525,116,1,3192.27,59
10667,3525,115,5,729.43,90
10668,3526,72,4,199.64,46
10669,3526,185,5,1085.28,40
10670,3526,142,4,11700.98,64
10671,3526,18,2,3084.08,86
10672,3526,10,4,3469.21,42
10673,3527,179,5,2528.54,9
10674,3527,62,4,4101.85,61
10675,3527,67,5,94052.48,39
10676,3527,195,2,7327.29,39
10677,3528,69,4,6749.31,88
10678,3529,176,1,59597.44,56
10679,3529,11,1,763.98,87
10680,3530,142,4,11700.98,49
10681,3530,10,1,3469.21,87
10682,3530,195,2,7327.29,40
10683,3530,194,1,464.22,82
10684,3531,123,4,2794.3,65
10685,3532,180,2,308.9,49
10686,3532,112,5,5163.37,20
10687,3532,170,2,13731.85,24
10688,3532,85,2,2290.94,91
10689,3532,26,5,22441.58,41
10690,3533,25,1,3779.14,30
10691,3533,120,2,67415.8,52
10692,3533,97,5,4030.37,75
10693,3534,56,3,23622.11,16
10694,3534,78,5,40123.29,42
10695,3534,122,1,2349.23,93
10696,3534,97,2,4030.37,28
10697,3534,111,1,7723.9,97
10698,3535,169,4,7775.36,40
10699,3535,102,2,68170.84,20
10700,3536,47,2,497.81,40
10701,3536,9,3,26698.69,15
10702,3536,102,3,68170.84,79
10703,3536,70,4,5396.07,19
10704,3537,83,5,18455.42,88
10705,3537,70,1,5396.07,24
10706,3537,153,2,98307.89,16
10707,3538,70,-3,5396.07,61
10708,3538,15,4,17548.6,9
10709,3539,6,-4,63491.13,78
10710,3539,185,3,1085.28,4
10711,3539,33,5,835.93,31
10712,3540,129,3,4097.17,47
10713,3540,180,3,308.9,88
10714,3540,193,4,1383.66,5
10715,3541,155,1,896.22,5
10716,3541,24,4,2479.74,14
10717,3542,41,3,79285.87,9
10718,3542,48,2,17690.82,53
10719,3542,40,-3,6624.33,33
10720,3542,77,3,1679.18,72
10721,3543,146,4,1205.79,50
10722,3543,145,1,3116.82,98
10723,3543,48,2,17690.82,13
10724,3544,31,5,1292.25,31
10725,3544,169,5,7775.36,11
10726,3544,23,2,317.81,61
10727,3544,143,1,7284.34,53
10728,3544,24,3,2479.74,3
10729,3545,85,4,2290.94,13
10730,3545,106,2,484.23,21
10731,3545,83,2,18455.42,69
10732,3545,18,2,3084.08,83
10733,3546,195,3,7327.29,49
10734,3547,90,3,17430.69,53
10735,3547,100,5,2050.98,88
10736,3547,17,3,4055.38,31
10737,3548,78,3,40123.29,47
10738,3549,144,-3,382.9,43
10739,3549,77,5,1679.18,42
10740,3549,141,1,10789.69,16
10741,3550,80,2,274.27,90
10742,3550,64,3,93117.18,54
10743,3550,12,1,37578.36,63
10744,3550,185,4,1085.28,62
10745,3551,110,5,797.25,86
10746,3551,105,3,2738.82,27
10747,3551,4,2,18013.15,82
10748,3551,161,2,3019.49,62
10749,3551,196,4,2283.28,24
10750,3552,58,5,2469.9,7
10751,3552,137,3,14060.07,86
10752,3552,77,4,1679.18,4
10753,3552,124,1,2030.13,66
10754,3552,166,2,2666.16,88
10755,3553,174,4,7801.61,72
10756,3553,146,4,1205.79,92
10757,3554,136,4,2848.35,72
10758,3554,159,1,314.46,23
10759,3555,55,2,1885.07,7
10760,3555,66,5,6345.81,56
10761,3556,47,3,497.81,86
10762,3556,114,1,12262.14,51
10763,3556,164,1,2495.26,58
10764,3557,34,1,3262.67,55
10765,3557,155,4,896.22,3
10766,3557,2,-1,59090.87,43
10767,3557,116,1,3192.27,22
10768,3557,76,1,19136.21,7
10769,3558,1,5,253.9,26
10770,3558,61,3,27642.73,39
10771,3559,90,1,17430.69,58
10772,3559,93,4,1383.07,76
10773,3559,97,4,4030.37,20
10774,3559,53,1,1750.15,48
10775,3559,38,2,2266.82,93
10776,3560,5,5,1198.16,83
10777,3561,151,2,92003.66,96
10778,3561,147,2,772.56,75
10779,3562,154,5,1413.98,20
10780,3563,128,4,5319.49,100
10781,3563,104,5,3389.18,18
10782,3563,30,1,1221.85,0
10783,3563,179,3,2528.54,28
10784,3563,77,1,1679.18,61
10785,3564,147,2,772.56,22
10786,3565,162,1,91765.85,7
10787,3565,189,5,2811.23,16
10788,3565,149,2,3551.09,65
10789,3565,121,2,1118.51,83
10790,3566,157,4,3574.22,95
10791,3566,41,3,79285.87,23
10792,3566,172,4,16100.85,99
10793,3566,91,1,4806.55,40
10794,3567,51,-5,3521.45,71
10795,3567,64,3,93117.18,62
10796,3567,112,5,5163.37,68
10797,3568,23,2,317.81,70
10798,3568,5,2,1198.16,7
10799,3568,18,4,3084.08,24
10800,3568,102,2,68170.84,20
10801,3569,183,1,1718.29,10
10802,3569,155,2,896.22,53
10803,3569,165,5,2338.31,70
10804,3569,121,1,1118.51,37
10805,3569,58,3,2469.9,53
10806,3570,131,3,14500.41,64
10807,3570,38,5,2266.82,41
10808,3570,118,2,2637.64,94
10809,3570,37,3,3250.66,62
10810,3571,5,1,1198.16,72
10811,3571,13,4,1849.34,88
10812,3571,78,1,40123.29,82
10813,3571,58,4,2469.9,33
10814,3572,122,2,2349.23,88
10815,3572,58,3,2469.9,43
10816,3572,51,2,3521.45,46
10817,3572,24,4,2479.74,27
10818,3573,200,5,3212.97,59
10819,3573,190,3,1227.09,60
10820,3573,143,4,7284.34,70
10821,3573,90,5,17430.69,33
10822,3574,82,4,2740.6,0
10823,3575,68,3,1575.64,53
10824,3575,167,3,693.18,61
10825,3575,55,4,1885.07,58
10826,3575,83,1,18455.42,55
10827,3575,175,-1,1171.69,18
10828,3576,27,5,3860.01,64
10829,3576,199,5,702.8,58
10830,3576,171,2,5623.35,69
10831,3576,125,3,800.11,19
10832,3576,103,4,1452.77,66
10833,3577,50,5,3979.14,17
10834,3578,50,-2,3979.14,51
10835,3578,157,1,3574.22,90
10836,3578,143,4,7284.34,32
10837,3578,172,1,16100.85,56
10838,3578,82,1,2740.6,0
10839,3579,28,2,702.92,63
10840,3579,149,1,3551.09,82
10841,3579,85,5,2290.94,54
10842,3580,129,3,4097.17,49
10843,3581,163,5,33147.7,65
10844,3581,138,1,3632.53,25
10845,3581,154,1,1413.98,88
10846,3581,102,4,68170.84,48
10847,3582,98,4,1260.01,73
10848,3582,77,3,1679.18,81
10849,3582,74,1,245.13,18
10850,3583,195,5,7327.29,67
10851,3583,72,2,199.64,15
10852,3583,26,2,22441.58,97
10853,3583,66,3,6345.81,17
10854,3584,197,3,964.09,30
10855,3584,133,3,4126.14,86
10856,3584,54,3,4173.59,10
10857,3584,45,4,9220.4,2
10858,3584,118,1,2637.64,73
10859,3585,181,1,3357.0,78
10860,3585,75,5,1758.88,87
10861,3585,147,3,772.56,71
10862,3585,1,1,253.9,66
10863,3585,198,4,2694.15,0
10864,3586,71,4,1994.84,0
10865,3587,103,4,1452.77,62
10866,3587,44,1,70908.36,46
10867,3587,16,2,1945.54,5
10868,3587,88,-4,7189.72,59
10869,3587,174,1,7801.61,92
10870,3588,172,4,16100.85,36
10871,3589,10,3,3469.21,28
10872,3590,29,4,4216.76,70
10873,3590,16,5,1945.54,47
10874,3591,104,5,3389.18,48
10875,3591,19,4,8561.48,89
10876,3591,93,2,1383.07,82
10877,3591,147,3,772.56,52
10878,3592,26,1,22441.58,41
10879,3593,9,1,26698.69,4
10880,3594,110,1,797.25,6
10881,3594,26,4,22441.58,6
10882,3594,48,1,17690.82,63
10883,3594,2,5,59090.87,94
10884,3594,49,3,2142.2,3
10885,3595,183,1,1718.29,47
10886,3595,70,1,5396.07,19
10887,3596,18,3,3084.08,72
10888,3596,166,4,2666.16,20
10889,3596,161,2,3019.49,90
10890,3597,27,2,3860.01,4
10891,3597,68,1,1575.64,1
10892,3597,192,2,7461.34,79
10893,3597,138,4,3632.53,46
10894,3597,148,5,3368.6,77
10895,3598,190,3,1227.09,82
10896,3598,159,4,314.46,86
10897,3598,78,3,40123.29,81
10898,3598,89,2,18350.3,76
10899,3599,54,3,4173.59,76
10900,3599,55,4,1885.07,95
10901,3599,141,3,10789.69,32
10902,3599,92,2,12217.22,44
10903,3600,80,4,274.27,84
10904,3600,91,5,4806.55,97
10905,3601,125,2,800.11,7
10906,3601,61,3,27642.73,10
10907,3601,1,4,253.9,36
10908,3602,102,3,68170.84,99
10909,3603,32,4,3754.44,37
10910,3603,14,1,42582.22,100
10911,3604,136,1,2848.35,24
10912,3604,112,2,5163.37,58
10913,3604,20,5,1317.81,98
10914,3605,30,4,1221.85,54
10915,3605,176,4,59597.44,94
10916,3606,153,5,98307.89,57
10917,3606,62,4,4101.85,68
10918,3606,42,1,15510.68,95
10919,3606,132,-4,14673.24,98
10920,3606,177,1,3546.32,67
10921,3607,104,3,3389.18,63
10922,3607,14,1,42582.22,58
10923,3607,144,3,382.9,76
10924,3608,166,3,2666.16,66
10925,3609,154,5,1413.98,92
10926,3609,13,4,1849.34,66
10927,3609,81,5,641.3,10
10928,3610,167,3,693.18,75
10929,3610,17,5,4055.38,4
10930,3610,45,5,9220.4,7
10931,3611,77,3,1679.18,64
10932,3611,170,4,13731.85,21
10933,3612,57,1,2504.37,86
10934,3612,75,3,1758.88,56
10935,3612,198,3,2694.15,33
10936,3613,37,1,3250.66,72
10937,3613,143,5,7284.34,73
10938,3613,46,5,6493.42,55
10939,3614,58,2,2469.9,33
10940,3614,153,3,98307.89,97
10941,3615,195,3,7327.29,18
10942,3615,52,4,3961.79,94
10943,3616,43,1,98247.37,12
10944,3616,36,1,14186.62,11
10945,3616,22,1,16162.22,89
10946,3616,88,5,7189.72,47
10947,3616,113,1,3469.53,68
10948,3617,129,4,4097.17,86
10949,3617,27,4,3860.01,65
10950,3617,18,5,3084.08,70
10951,3618,128,5,5319.49,28
10952,3618,92,2,12217.22,9
10953,3618,4,2,18013.15,45
10954,3619,119,4,35613.06,15
10955,3619,98,5,1260.01,85
10956,3619,57,2,2504.37,6
10957,3619,200,4,3212.97,92
10958,3619,43,2,98247.37,83
10959,3620,81,5,641.3,1
10960,3620,118,1,2637.64,19
10961,3620,135,2,802.55,84
10962,3621,122,3,2349.23,19
10963,3621,13,3,1849.34,78
10964,3621,176,4,59597.44,84
10965,3621,186,2,4929.38,1
10966,3622,18,3,3084.08,37
10967,3622,77,5,1679.18,20
10968,3622,162,5,91765.85,66
10969,3623,136,5,2848.35,13
10970,3623,101,5,24788.51,18
10971,3623,193,1,1383.66,97
10972,3623,44,3,70908.36,60
10973,3624,55,5,1885.07,93
10974,3624,1,5,253.9,35
10975,3624,101,4,24788.51,39
10976,3625,80,1,274.27,37
10977,3625,15,2,17548.6,74
10978,3625,20,2,1317.81,58
10979,3625,26,1,22441.58,61
10980,3626,21,3,4861.87,87
10981,3626,101,4,24788.51,23
10982,3626,12,1,37578.36,33
10983,3626,7,4,1545.0,10
10984,3626,174,4,7801.61,23
10985,3627,187,3,15169.68,68
10986,3627,84,1,529.09,34
10987,3627,16,3,1945.54,18
10988,3627,131,5,14500.41,23
10989,3628,44,4,70908.36,54
10990,3628,54,5,4173.59,64
10991,3628,198,5,2694.15,83
10992,3628,191,5,1754.06,58
10993,3629,152,5,9297.38,67
10994,3629,147,4,772.56,60
10995,3629,36,-3,14186.62,37
10996,3629,190,3,1227.09,42
10997,3629,137,5,14060.07,33
10998,3630,133,3,4126.14,8
10999,3630,127,2,1797.09,35
11000,3630,66,1,6345.81,14
11001,3630,13,5,1849.34,17
11002,3631,128,-2,5319.49,53
11003,3631,157,1,3574.22,88
11004,3631,197,3,964.09,77
11005,3631,53,4,1750.15,23
11006,3631,98,4,1260.01,42
11007,3632,59,5,1243.65,26
11008,3633,22,4,16162.22,31
11009,3633,144,5,382.9,77
11010,3633,32,-1,3754.44,14
11011,3634,197,3,964.09,67
11012,3634,126,3,52173.6,100
11013,3635,140,4,3878.75,77
11014,3635,47,2,497.81,54
11015,3635,170,3,13731.85,52
11016,3636,61,1,27642.73,46
11017,3637,57,5,2504.37,51
11018,3637,6,2,63491.13,90
11019,3637,91,2,4806.55,89
11020,3637,167,2,693.18,7
11021,3638,148,1,3368.6,84
11022,3638,136,4,2848.35,42
11023,3638,11,5,763.98,32
11024,3638,100,5,2050.98,3
11025,3639,122,2,2349.23,13
11026,3639,192,4,7461.34,4
11027,3639,166,2,2666.16,90
11028,3640,91,4,4806.55,81
11029,3640,59,3,1243.65,30
11030,3641,182,1,29049.69,27
11031,3641,72,4,199.64,86
11032,3642,121,4,1118.51,8
11033,3642,36,5,14186.62,52
11034,3643,177,3,3546.32,38
11035,3643,128,4,5319.49,45
11036,3644,117,2,1769.76,8
11037,3644,142,1,11700.98,16
11038,3644,114,1,12262.14,26
11039,3644,45,5,9220.4,89
11040,3645,150,4,22291.25,69
11041,3646,181,5,3357.0,62
11042,3646,53,5,1750.15,97
11043,3647,165,4,2338.31,53
11044,3648,52,3,3961.79,89
11045,3649,123,3,2794.3,79
11046,3649,50,5,3979.14,42
11047,3649,114,-5,12262.14,51
11048,3650,108,2,3065.18,45
11049,3650,179,4,2528.54,41
11050,3650,74,3,245.13,10
11051,3650,107,5,5474.76,3
11052,3651,119,5,35613.06,87
11053,3651,50,5,3979.14,22
11054,3652,27,2,3860.01,9
11055,3652,191,2,1754.06,84
11056,3652,74,5,245.13,90
11057,3653,46,4,6493.42,55
11058,3653,120,5,67415.8,5
11059,3653,135,3,802.55,78
11060,3653,91,3,4806.55,49
11061,3653,128,5,5319.49,91
11062,3654,162,5,91765.85,97
11063,3654,110,3,797.25,22
11064,3654,117,5,1769.76,64
11065,3654,163,2,33147.7,88
11066,3654,81,5,641.3,36
11067,3655,165,1,2338.31,42
11068,3655,186,2,4929.38,5
11069,3655,177,2,3546.32,10
11070,3655,22,2,16162.22,86
11071,3656,15,5,17548.6,69
11072,3656,186,5,4929.38,58
11073,3657,138,2,3632.53,26
11074,3658,117,1,1769.76,26
11075,3658,140,4,3878.75,48
11076,3659,16,4,1945.54,37
11077,3659,29,2,4216.76,100
11078,3659,139,4,7772.31,95
11079,3659,26,4,22441.58,69
11080,3659,86,4,29410.8,17
11081,3660,166,5,2666.16,89
11082,3660,139,3,7772.31,23
11083,3660,94,4,2140.24,18
11084,3660,145,5,3116.82,59
11085,3661,24,1,2479.74,92
11086,3661,100,2,2050.98,19
11087,3661,189,1,2811.23,64
11088,3661,48,4,17690.82,57
11089,3662,59,2,1243.65,34
11090,3662,137,4,14060.07,10
11091,3662,52,1,3961.79,52
11092,3662,73,2,7599.51,85
11093,3662,163,5,33147.7,29
11094,3663,43,3,98247.37,81
11095,3663,131,3,14500.41,96
11096,3664,169,4,7775.36,31
11097,3664,81,3,641.3,54
11098,3664,74,2,245.13,24
11099,3665,48,4,17690.82,63
11100,3665,95,1,29603.95,7
11101,3666,146,3,1205.79,27
11102,3666,77,3,1679.18,67
11103,3666,136,3,2848.35,90
11104,3667,84,4,529.09,27
11105,3667,57,1,2504.37,16
11106,3667,124,4,2030.13,28
11107,3667,58,2,2469.9,21
11108,3667,189,5,2811.23,44
11109,3668,192,1,7461.34,39
11110,3668,166,2,2666.16,100
11111,3668,190,3,1227.09,5
11112,3668,138,2,3632.53,42
11113,3669,193,3,1383.66,37
11114,3669,197,4,964.09,66
11115,3669,114,-5,12262.14,92
11116,3670,1,5,253.9,57
11117,3670,13,4,1849.34,83
11118,3671,79,3,3269.81,13
11119,3672,19,4,8561.48,61
11120,3673,178,5,485.22,8
11121,3673,63,3,430.09,100
11122,3673,58,5,2469.9,53
11123,3673,73,3,7599.51,51
11124,3673,78,4,40123.29,29
11125,3674,115,4,729.43,100
11126,3674,157,3,3574.22,48
11127,3674,101,5,24788.51,1
11128,3674,188,-3,41686.05,35
11129,3674,106,5,484.23,85
11130,3675,69,4,6749.31,63
11131,3675,137,2,14060.07,26
11132,3675,135,2,802.55,91
11133,3676,42,5,15510.68,9
11134,3676,100,2,2050.98,36
11135,3677,145,-5,3116.82,42
11136,3677,133,3,4126.14,68
11137,3677,35,4,3131.28,88
11138,3677,83,4,18455.42,3
11139,3677,26,1,22441.58,84
11140,3678,195,2,7327.29,30
11141,3678,171,5,5623.35,33
11142,3678,185,3,1085.28,74
11143,3678,33,-5,835.93,86
11144,3679,139,2,7772.31,53
11145,3679,145,3,3116.82,4
11146,3679,7,4,1545.0,52
11147,3680,22,5,16162.22,76
11148,3681,98,2,1260.01,7
11149,3681,192,1,7461.34,16
11150,3681,167,1,693.18,28
11151,3682,87,5,68101.36,65
11152,3682,137,1,14060.07,88
11153,3683,56,2,23622.11,92
11154,3684,46,4,6493.42,11
11155,3684,170,4,13731.85,18
11156,3684,13,5,1849.34,28
11157,3684,59,2,1243.65,45
11158,3684,37,4,3250.66,70
11159,3685,89,1,18350.3,41
11160,3685,41,5,79285.87,99
11161,3685,26,1,22441.58,4
11162,3685,173,5,14158.62,86
11163,3685,25,1,3779.14,14
11164,3686,119,2,35613.06,26
11165,3686,102,4,68170.84,35
11166,3686,83,2,18455.42,41
11167,3687,138,4,3632.53,2
11168,3687,60,2,1918.94,81
11169,3687,135,4,802.55,62
11170,3687,29,2,4216.76,65
11171,3688,177,1,3546.32,40
11172,3688,32,4,3754.44,46
11173,3688,36,5,14186.62,55
11174,3688,180,5,308.9,47
11175,3689,135,5,802.55,85
11176,3689,177,3,3546.32,45
11177,3689,117,4,1769.76,43
11178,3689,11,5,763.98,43
11179,3690,23,5,317.81,47
11180,3690,70,3,5396.07,3
11181,3690,139,3,7772.31,41
11182,3690,36,2,14186.62,88
11183,3690,37,4,3250.66,17
11184,3691,79,1,3269.81,56
11185,3691,115,1,729.43,38
11186,3691,52,5,3961.79,46
11187,3691,151,3,92003.66,9
11188,3691,178,5,485.22,28
11189,3692,182,3,29049.69,20
11190,3692,173,3,14158.62,16
11191,3692,90,3,17430.69,18
11192,3692,51,1,3521.45,58
11193,3692,188,5,41686.05,82
11194,3693,164,2,2495.26,99
11195,3693,148,1,3368.6,50
11196,3693,57,3,2504.37,12
11197,3693,101,1,24788.51,78
11198,3693,107,2,5474.76,11
11199,3694,95,3,29603.95,62
11200,3694,132,3,14673.24,90
11201,3694,189,3,2811.23,40
11202,3695,162,1,91765.85,26
11203,3695,7,1,1545.0,85
11204,3696,37,4,3250.66,80
11205,3696,77,4,1679.18,97
11206,3697,45,3,9220.4,59
11207,3697,93,2,1383.07,3
11208,3697,151,5,92003.66,93
11209,3697,3,5,52845.51,18
11210,3697,69,3,6749.31,7
11211,3698,148,3,3368.6,87
11212,3698,55,2,1885.07,22
11213,3699,170,2,13731.85,94
11214,3700,194,3,464.22,1
11215,3700,171,2,5623.35,74
11216,3700,180,2,308.9,98
11217,3701,103,2,1452.77,37
11218,3701,163,1,33147.7,73
11219,3701,68,3,1575.64,11
11220,3701,14,2,42582.22,91
11221,3702,23,5,317.81,4
11222,3703,26,2,22441.58,45
11223,3703,179,4,2528.54,73
11224,3703,7,3,1545.0,74
11225,3704,31,1,1292.25,90
11226,3704,38,1,2266.82,36
11227,3704,6,4,63491.13,77
11228,3704,157,3,3574.22,11
11229,3704,83,2,18455.42,83
11230,3705,162,2,91765.85,41
11231,3705,23,3,317.81,52
11232,3706,50,1,3979.14,70
11233,3707,200,1,3212.97,100
11234,3707,166,1,2666.16,26
11235,3707,44,3,70908.36,94
11236,3707,45,2,9220.4,33
11237,3707,42,5,15510.68,90
11238,3708,87,4,68101.36,8
11239,3708,48,2,17690.82,27
11240,3708,114,5,12262.14,98
11241,3709,140,4,3878.75,88
11242,3709,122,2,2349.23,59
11243,3709,147,4,772.56,69
11244,3709,184,4,19452.92,11
11245,3709,51,2,3521.45,63
11246,3710,186,3,4929.38,16
11247,3710,92,1,12217.22,98
11248,3711,52,2,3961.79,3
11249,3712,120,5,67415.8,11
11250,3712,169,2,7775.36,64
11251,3713,158,2,1554.87,5
11252,3714,47,3,497.81,75
11253,3715,166,5,2666.16,4
11254,3715,12,2,37578.36,79
11255,3715,152,5,9297.38,77
11256,3716,98,5,1260.01,69
11257,3717,38,-1,2266.82,74
11258,3717,164,4,2495.26,86
11259,3717,72,-4,199.64,38
11260,3717,61,3,27642.73,20
11261,3717,58,2,2469.9,14
11262,3718,92,1,12217.22,86
11263,3718,170,5,13731.85,75
11264,3718,18,1,3084.08,65
11265,3718,122,2,2349.23,8
11266,3718,152,2,9297.38,24
11267,3719,175,4,1171.69,71
11268,3719,23,2,317.81,12
11269,3719,142,4,11700.98,19
11270,3720,31,-4,1292.25,80
11271,3720,10,4,3469.21,62
11272,3721,123,3,2794.3,91
11273,3722,81,-4,641.3,10
11274,3723,172,2,16100.85,88
11275,3724,133,5,4126.14,11
11276,3724,96,5,26794.28,14
11277,3724,181,5,3357.0,97
11278,3724,190,4,1227.09,37
11279,3724,3,1,52845.51,41
11280,3725,141,1,10789.69,30
11281,3726,45,2,9220.4,2
11282,3726,121,2,1118.51,34
11283,3727,9,5,26698.69,47
11284,3727,147,4,772.56,3
11285,3727,136,4,2848.35,9
11286,3728,196,5,2283.28,60
11287,3728,20,4,1317.81,44
11288,3728,154,1,1413.98,91
11289,3729,95,4,29603.95,44
11290,3729,113,2,3469.53,45
11291,3729,12,4,37578.36,19
11292,3729,26,2,22441.58,9
11293,3730,88,2,7189.72,15
11294,3730,7,4,1545.0,3
11295,3730,144,2,382.9,84
11296,3730,107,4,5474.76,82
11297,3731,67,1,94052.48,11
11298,3731,128,1,5319.49,40
11299,3731,191,4,1754.06,3
11300,3731,17,2,4055.38,97
11301,3731,179,5,2528.54,78
11302,3732,138,2,3632.53,7
11303,3732,193,4,1383.66,51
11304,3732,17,-4,4055.38,2
11305,3732,149,1,3551.09,44
11306,3733,172,5,16100.85,35
11307,3733,132,4,14673.24,76
11308,3733,131,4,14500.41,50
11309,3733,179,5,2528.54,31
11310,3733,87,2,68101.36,98
11311,3734,9,2,26698.69,88
11312,3734,47,4,497.81,7
11313,3735,184,4,19452.92,13
11314,3736,139,5,7772.31,1
11315,3736,128,1,5319.49,74
11316,3736,49,4,2142.2,8
11317,3737,156,1,3615.3,71
11318,3737,79,4,3269.81,25
11319,3737,34,2,3262.67,23
11320,3738,141,-3,10789.69,27
11321,3738,145,1,3116.82,96
11322,3739,178,3,485.22,68
11323,3739,161,4,3019.49,37
11324,3739,33,3,835.93,89
11325,3739,2,5,59090.87,88
11326,3740,36,5,14186.62,24
11327,3740,141,5,10789.69,83
11328,3740,110,2,797.25,31
11329,3740,195,4,7327.29,42
11330,3740,19,5,8561.48,93
11331,3741,177,5,3546.32,63
11332,3742,41,2,79285.87,67
11333,3742,162,3,91765.85,69
11334,3743,195,3,7327.29,70
11335,3743,95,-3,29603.95,95
11336,3744,168,3,2536.06,40
11337,3744,116,1,3192.27,27
11338,3744,53,5,1750.15,98
11339,3745,49,5,2142.2,53
11340,3746,63,2,430.09,39
11341,3747,101,2,24788.51,99
11342,3747,161,2,3019.49,54
11343,3747,80,4,274.27,69
11344,3747,110,5,797.25,26
11345,3747,184,5,19452.92,90
11346,3748,21,2,4861.87,50
11347,3748,136,5,2848.35,81
11348,3748,10,2,3469.21,18
11349,3748,76,2,19136.21,68
11350,3749,6,1,63491.13,33
11351,3750,69,4,6749.31,32
11352,3750,63,4,430.09,46
11353,3751,162,3,91765.85,52
11354,3751,152,4,9297.38,35
11355,3751,99,5,8134.79,55
11356,3751,117,4,1769.76,91
11357,3751,10,3,3469.21,12
11358,3752,163,2,33147.7,62
11359,3752,74,1,245.13,16
11360,3752,159,1,314.46,51
11361,3752,43,2,98247.37,13
11362,3753,52,3,3961.79,44
11363,3753,197,2,964.09,73
11364,3753,154,4,1413.98,61
11365,3753,98,4,1260.01,4
11366,3754,72,3,199.64,45
11367,3755,183,3,1718.29,0
11368,3755,176,5,59597.44,13
11369,3755,89,1,18350.3,95
11370,3755,99,3,8134.79,32
11371,3755,152,1,9297.38,47
11372,3756,33,2,835.93,69
11373,3756,168,1,2536.06,90
11374,3756,32,3,3754.44,91
11375,3756,46,2,6493.42,89
11376,3757,183,1,1718.29,9
11377,3757,78,4,40123.29,68
11378,3757,94,4,2140.24,15
11379,3757,79,1,3269.81,39
11380,3758,8,1,4278.68,25
11381,3758,58,4,2469.9,9
11382,3758,18,1,3084.08,66
11383,3758,178,5,485.22,21
11384,3759,144,1,382.9,100
11385,3759,58,3,2469.9,43
11386,3759,61,3,27642.73,90
11387,3759,120,-3,67415.8,48
11388,3760,20,3,1317.81,22
11389,3760,37,4,3250.66,64
11390,3760,168,2,2536.06,48
11391,3761,93,3,1383.07,99
11392,3761,161,2,3019.49,63
11393,3761,118,4,2637.64,11
11394,3761,120,3,67415.8,3
11395,3761,81,2,641.3,37
11396,3762,55,3,1885.07,35
11397,3762,124,3,2030.13,72
11398,3762,28,3,702.92,86
11399,3763,88,4,7189.72,3
11400,3763,41,1,79285.87,29
11401,3763,134,1,389.01,11
11402,3763,53,1,1750.15,76
11403,3764,130,2,530.75,19
11404,3764,4,4,18013.15,99
11405,3764,184,2,19452.92,28
11406,3764,78,5,40123.29,48
11407,3765,12,4,37578.36,34
11408,3765,40,2,6624.33,88
11409,3765,159,1,314.46,83
11410,3765,168,4,2536.06,95
11411,3765,155,2,896.22,49
11412,3766,105,2,2738.82,68
11413,3766,140,3,3878.75,84
11414,3766,41,1,79285.87,74
11415,3766,160,3,14389.43,86
11416,3766,29,4,4216.76,2
11417,3767,151,2,92003.66,33
11418,3767,195,1,7327.29,99
11419,3767,199,5,702.8,73
11420,3767,22,1,16162.22,52
11421,3767,89,3,18350.3,4
11422,3768,129,1,4097.17,8
11423,3768,93,2,1383.07,52
11424,3768,147,3,772.56,96
11425,3768,67,1,94052.48,30
11426,3768,187,3,15169.68,67
11427,3769,196,5,2283.28,34
11428,3769,179,2,2528.54,95
11429,3769,168,4,2536.06,59
11430,3770,19,1,8561.48,88
11431,3771,65,2,8962.94,62
11432,3771,24,5,2479.74,42
11433,3771,70,5,5396.07,42
11434,3771,66,1,6345.81,39
11435,3772,49,5,2142.2,45
11436,3772,14,3,42582.22,36
11437,3773,150,4,22291.25,54
11438,3773,143,5,7284.34,42
11439,3773,179,3,2528.54,17
11440,3773,100,-1,2050.98,94
11441,3773,185,4,1085.28,89
11442,3774,171,4,5623.35,16
11443,3774,128,4,5319.49,43
11444,3774,57,2,2504.37,64
11445,3775,114,1,12262.14,14
11446,3776,55,1,1885.07,82
11447,3776,170,4,13731.85,26
11448,3776,138,3,3632.53,39
11449,3776,89,4,18350.3,74
11450,3777,141,3,10789.69,74
11451,3777,46,2,6493.42,29
11452,3777,125,3,800.11,86
11453,3778,56,4,23622.11,91
11454,3779,55,5,1885.07,29
11455,3779,45,2,9220.4,54
11456,3780,91,5,4806.55,77
11457,3780,181,4,3357.0,91
11458,3780,35,1,3131.28,87
11459,3781,32,1,3754.44,11
11460,3782,88,1,7189.72,59
11461,3782,190,5,1227.09,13
11462,3782,195,2,7327.29,87
11463,3782,160,5,14389.43,36
11464,3783,95,4,29603.95,51
11465,3783,29,1,4216.76,94
11466,3783,113,2,3469.53,5
11467,3784,177,5,3546.32,38
11468,3784,186,5,4929.38,36
11469,3784,104,1,3389.18,89
11470,3785,28,2,702.92,80
11471,3785,86,2,29410.8,40
11472,3785,160,3,14389.43,99
11473,3786,11,5,763.98,25
11474,3786,133,2,4126.14,61
11475,3787,121,5,1118.51,60
11476,3787,107,3,5474.76,51
11477,3788,72,5,199.64,71
11478,3788,55,1,1885.07,84
11479,3788,29,2,4216.76,6
11480,3788,89,2,18350.3,53
11481,3789,61,4,27642.73,35
11482,3789,121,4,1118.51,91
11483,3789,91,4,4806.55,12
11484,3790,114,3,12262.14,66
11485,3791,148,2,3368.6,93
11486,3791,177,1,3546.32,67
11487,3791,137,4,14060.07,4
11488,3791,100,5,2050.98,76
11489,3791,96,3,26794.28,9
11490,3792,58,4,2469.9,93
11491,3793,45,1,9220.4,14
11492,3793,21,4,4861.87,15
11493,3793,24,1,2479.74,38
11494,3793,94,4,2140.24,32
11495,3793,194,3,464.22,48
11496,3794,151,1,92003.66,74
11497,3795,11,2,763.98,7
11498,3795,78,5,40123.29,58
11499,3795,67,3,94052.48,38
11500,3795,150,2,22291.25,93
11501,3795,161,3,3019.49,62
11502,3796,81,5,641.3,69
11503,3796,200,3,3212.97,90
11504,3797,15,2,17548.6,63
11505,3797,151,4,92003.66,37
11506,3798,190,4,1227.09,58
11507,3798,15,1,17548.6,7
11508,3798,33,4,835.93,71
11509,3798,168,5,2536.06,15
11510,3798,6,2,63491.13,43
11511,3799,170,2,13731.85,42
11512,3799,180,1,308.9,20
11513,3800,122,5,2349.23,3
11514,3801,13,2,1849.34,96
11515,3801,6,2,63491.13,51
11516,3801,172,4,16100.85,73
11517,3801,127,5,1797.09,7
11518,3801,109,5,3878.01,52
11519,3802,135,4,802.55,93
11520,3802,143,1,7284.34,18
11521,3802,137,5,14060.07,55
11522,3802,61,3,27642.73,92
11523,3803,148,5,3368.6,27
11524,3803,94,5,2140.24,82
11525,3804,43,4,98247.37,8
11526,3804,199,4,702.8,39
11527,3804,74,4,245.13,97
11528,3805,123,2,2794.3,13
11529,3805,55,1,1885.07,1
11530,3805,134,2,389.01,87
11531,3805,170,4,13731.85,1
11532,3805,39,5,534.57,2
11533,3806,197,1,964.09,31
11534,3806,155,4,896.22,66
11535,3806,121,1,1118.51,67
11536,3806,142,5,11700.98,96
11537,3807,176,4,59597.44,96
11538,3807,150,5,22291.25,28
11539,3807,127,2,1797.09,4
11540,3807,154,4,1413.98,96
11541,3808,109,5,3878.01,65
11542,3809,154,3,1413.98,64
11543,3809,153,3,98307.89,76
11544,3810,170,4,13731.85,62
11545,3810,92,3,12217.22,69
11546,3811,53,4,1750.15,87
11547,3811,142,2,11700.98,78
11548,3811,180,-4,308.9,44
11549,3811,14,1,42582.22,60
11550,3812,22,3,16162.22,43
11551,3812,30,4,1221.85,40
11552,3812,121,4,1118.51,17
11553,3813,83,4,18455.42,50
11554,3813,43,3,98247.37,86
11555,3813,85,3,2290.94,11
11556,3813,30,5,1221.85,65
11557,3814,52,5,3961.79,13
11558,3814,191,4,1754.06,75
11559,3815,15,4,17548.6,61
11560,3815,73,5,7599.51,44
11561,3815,117,1,1769.76,5
11562,3816,187,3,15169.68,42
11563,3816,174,2,7801.61,96
11564,3817,111,1,7723.9,23
11565,3817,159,4,314.46,22
11566,3818,40,5,6624.33,28
11567,3818,24,1,2479.74,27
11568,3818,146,2,1205.79,95
11569,3818,143,4,7284.34,84
11570,3819,164,3,2495.26,21
11571,3819,200,3,3212.97,56
11572,3819,138,2,3632.53,30
11573,3820,134,5,389.01,91
11574,3821,123,4,2794.3,96
11575,3822,98,1,1260.01,93
11576,3822,131,4,14500.41,29
11577,3822,184,3,19452.92,11
11578,3823,139,5,7772.31,43
11579,3823,188,2,41686.05,82
11580,3823,18,2,3084.08,34
11581,3823,5,4,1198.16,51
11582,3824,199,3,702.8,15
11583,3824,187,2,15169.68,43
11584,3824,81,5,641.3,25
11585,3824,171,4,5623.35,97
11586,3825,82,5,2740.6,3
11587,3825,150,1,22291.25,92
11588,3825,35,3,3131.28,26
11589,3825,10,4,3469.21,92
11590,3825,137,4,14060.07,76
11591,3826,16,2,1945.54,17
11592,3826,26,4,22441.58,55
11593,3827,18,2,3084.08,33
11594,3827,73,2,7599.51,19
11595,3828,38,3,2266.82,89
11596,3828,55,4,1885.07,20
11597,3828,109,5,3878.01,29
11598,3828,7,4,1545.0,17
11599,3828,101,2,24788.51,63
11600,3829,43,2,98247.37,43
11601,3829,64,5,93117.18,26
11602,3830,126,1,52173.6,29
11603,3831,187,4,15169.68,98
11604,3831,99,1,8134.79,0
11605,3832,19,5,8561.48,39
11606,3832,160,2,14389.43,83
11607,3832,2,2,59090.87,32
11608,3832,183,1,1718.29,26
11609,3832,91,-4,4806.55,1
11610,3833,35,2,3131.28,24
11611,3833,61,2,27642.73,97
11612,3833,143,2,7284.34,87
11613,3834,3,5,52845.51,65
11614,3835,42,5,15510.68,35
11615,3835,34,3,3262.67,51
11616,3836,46,2,6493.42,46
11617,3837,115,5,729.43,80
11618,3837,194,1,464.22,34
11619,3837,13,4,1849.34,28
11620,3837,137,4,14060.07,12
11621,3838,70,5,5396.07,90
11622,3838,184,3,19452.92,96
11623,3838,69,1,6749.31,61
11624,3838,49,4,2142.2,73
11625,3838,157,4,3574.22,69
11626,3839,43,4,98247.37,37
11627,3840,189,3,2811.23,39
11628,3840,111,3,7723.9,93
11629,3840,114,2,12262.14,12
11630,3841,115,4,729.43,85
11631,3841,76,5,19136.21,28
11632,3841,141,4,10789.69,79
11633,3842,22,4,16162.22,37
11634,3842,141,-1,10789.69,41
11635,3843,58,2,2469.9,80
11636,3843,31,4,1292.25,25
11637,3844,86,4,29410.8,66
11638,3844,34,5,3262.67,46
11639,3844,69,5,6749.31,26
11640,3844,193,3,1383.66,92
11641,3844,78,2,40123.29,67
11642,3845,125,2,800.11,81
11643,3845,116,5,3192.27,4
11644,3845,196,2,2283.28,77
11645,3845,41,4,79285.87,78
11646,3845,102,5,68170.84,59
11647,3846,164,2,2495.26,86
11648,3846,200,2,3212.97,10
11649,3846,37,3,3250.66,2
11650,3846,3,2,52845.51,21
11651,3846,48,1,17690.82,76
11652,3847,3,3,52845.51,96
11653,3847,155,5,896.22,86
11654,3847,8,4,4278.68,44
11655,3847,52,3,3961.79,99
11656,3847,92,1,12217.22,87
11657,3848,157,2,3574.22,42
11658,3849,141,4,10789.69,55
11659,3850,199,5,702.8,51
11660,3850,14,1,42582.22,51
11661,3850,77,4,1679.18,28
11662,3850,9,3,26698.69,63
11663,3851,146,4,1205.79,11
11664,3851,84,3,529.09,72
11665,3851,42,5,15510.68,86
11666,3851,91,5,4806.55,54
11667,3852,173,2,14158.62,71
11668,3852,152,5,9297.38,45
11669,3853,198,1,2694.15,93
11670,3853,194,1,464.22,29
11671,3853,43,5,98247.37,42
11672,3853,12,2,37578.36,39
11673,3853,113,-2,3469.53,60
11674,3854,110,2,797.25,19
11675,3854,165,1,2338.31,41
11676,3854,55,3,1885.07,72
11677,3854,31,4,1292.25,30
11678,3855,120,3,67415.8,26
11679,3855,18,5,3084.08,86
11680,3855,82,4,2740.6,29
11681,3855,115,5,729.43,77
11682,3856,76,5,19136.21,43
11683,3856,188,5,41686.05,36
11684,3856,35,1,3131.28,25
11685,3857,64,5,93117.18,44
11686,3857,25,3,3779.14,100
11687,3857,85,3,2290.94,53
11688,3857,189,3,2811.23,55
11689,3857,196,3,2283.28,25
11690,3858,94,4,2140.24,7
11691,3859,94,4,2140.24,27
11692,3859,87,1,68101.36,6
11693,3859,163,2,33147.7,94
11694,3859,92,1,12217.22,2
11695,3859,137,2,14060.07,94
11696,3860,100,2,2050.98,48
11697,3860,67,4,94052.48,28
11698,3860,155,2,896.22,44
11699,3860,187,4,15169.68,84
11700,3861,37,2,3250.66,92
11701,3861,45,2,9220.4,21
11702,3861,65,2,8962.94,36
11703,3861,29,-5,4216.76,57
11704,3862,11,5,763.98,27
11705,3862,78,5,40123.29,8
11706,3862,26,4,22441.58,85
11707,3863,174,1,7801.61,12
11708,3863,184,5,19452.92,15
11709,3863,87,1,68101.36,77
11710,3863,38,1,2266.82,38
11711,3864,49,5,2142.2,55
11712,3864,15,4,17548.6,92
11713,3864,155,1,896.22,95
11714,3864,45,4,9220.4,26
11715,3864,138,2,3632.53,52
11716,3865,185,3,1085.28,96
11717,3865,127,4,1797.09,99
11718,3865,160,5,14389.43,73
11719,3866,69,4,6749.31,65
11720,3866,134,3,389.01,78
11721,3867,95,3,29603.95,11
11722,3867,73,4,7599.51,55
11723,3867,138,1,3632.53,100
11724,3868,97,1,4030.37,76
11725,3868,107,2,5474.76,63
11726,3868,130,1,530.75,53
11727,3868,27,3,3860.01,98
11728,3868,146,3,1205.79,81
11729,3869,18,1,3084.08,1
11730,3869,159,3,314.46,44
11731,3869,113,4,3469.53,31
11732,3869,17,3,4055.38,53
11733,3869,43,4,98247.37,73
11734,3870,57,3,2504.37,63
11735,3870,34,2,3262.67,88
11736,3870,179,2,2528.54,69
11737,3871,175,5,1171.69,7
11738,3871,124,3,2030.13,16
11739,3871,168,5,2536.06,73
11740,3871,183,1,1718.29,84
11741,3872,117,4,1769.76,55
11742,3872,111,3,7723.9,11
11743,3872,188,5,41686.05,24
11744,3873,131,5,14500.41,38
11745,3873,77,4,1679.18,56
11746,3873,185,1,1085.28,75
11747,3873,61,5,27642.73,96
11748,3874,78,5,40123.29,30
11749,3874,169,4,7775.36,35
11750,3874,172,2,16100.85,33
11751,3874,157,3,3574.22,5
11752,3874,25,5,3779.14,51
11753,3875,196,3,2283.28,79
11754,3875,195,2,7327.29,64
11755,3875,80,1,274.27,50
11756,3875,142,2,11700.98,95
11757,3875,37,3,3250.66,7
11758,3876,105,2,2738.82,5
11759,3876,170,5,13731.85,73
11760,3877,186,4,4929.38,35
11761,3877,14,4,42582.22,77
11762,3877,32,2,3754.44,33
11763,3877,62,2,4101.85,38
11764,3877,52,2,3961.79,45
11765,3878,164,5,2495.26,51
11766,3878,122,5,2349.23,42
11767,3878,154,2,1413.98,14
11768,3879,88,1,7189.72,87
11769,3879,143,3,7284.34,49
11770,3880,124,2,2030.13,64
11771,3881,120,1,67415.8,0
11772,3881,196,5,2283.28,69
11773,3881,60,1,1918.94,26
11774,3881,83,3,18455.42,39
11775,3882,62,5,4101.85,37
11776,3882,78,4,40123.29,54
11777,3882,104,1,3389.18,38
11778,3882,168,5,2536.06,7
11779,3883,88,4,7189.72,51
11780,3883,127,3,1797.09,56
11781,3884,37,4,3250.66,55
11782,3884,110,5,797.25,15
11783,3884,73,1,7599.51,54
11784,3885,20,2,1317.81,22
11785,3886,109,3,3878.01,5
11786,3887,150,5,22291.25,87
11787,3887,147,4,772.56,89
11788,3888,151,3,92003.66,70
11789,3888,75,4,1758.88,90
11790,3888,59,5,1243.65,91
11791,3889,123,5,2794.3,81
11792,3890,120,1,67415.8,100
11793,3891,81,1,641.3,40
11794,3891,20,-5,1317.81,77
11795,3891,194,2,464.22,27
11796,3892,183,3,1718.29,16
11797,3892,105,5,2738.82,53
11798,3893,52,1,3961.79,12
11799,3893,34,2,3262.67,65
11800,3893,115,3,729.43,40
11801,3893,162,1,91765.85,98
11802,3894,111,2,7723.9,75
11803,3895,11,4,763.98,24
11804,3895,13,5,1849.34,1
11805,3895,139,1,7772.31,3
11806,3896,92,2,12217.22,37
11807,3897,170,4,13731.85,12
11808,3897,70,5,5396.07,11
11809,3897,161,3,3019.49,71
11810,3898,137,4,14060.07,95
11811,3899,117,5,1769.76,37
11812,3900,198,5,2694.15,98
11813,3900,32,5,3754.44,14
11814,3900,11,2,763.98,51
11815,3900,5,3,1198.16,4
11816,3900,161,3,3019.49,43
11817,3901,149,5,3551.09,12
11818,3902,40,2,6624.33,73
11819,3902,66,4,6345.81,68
11820,3902,76,4,19136.21,10
11821,3902,123,5,2794.3,55
11822,3902,142,4,11700.98,9
11823,3903,3,1,52845.51,68
11824,3903,20,1,1317.81,82
11825,3903,64,3,93117.18,78
11826,3903,22,2,16162.22,76
11827,3904,68,2,1575.64,96
11828,3904,194,5,464.22,91
11829,3905,195,1,7327.29,62
11830,3905,6,1,63491.13,76
11831,3905,100,4,2050.98,10
11832,3906,125,5,800.11,28
11833,3906,198,2,2694.15,17
11834,3907,91,2,4806.55,35
11835,3908,131,3,14500.41,20
11836,3908,31,2,1292.25,5
11837,3908,135,5,802.55,98
11838,3908,41,3,79285.87,5
11839,3908,118,1,2637.64,27
11840,3909,76,1,19136.21,60
11841,3909,63,4,430.09,46
11842,3909,102,5,68170.84,71
11843,3909,198,3,2694.15,49
11844,3910,160,4,14389.43,32
11845,3910,63,5,430.09,0
11846,3911,45,4,9220.4,13
11847,3911,84,1,529.09,88
11848,3911,197,2,964.09,53
11849,3911,112,2,5163.37,92
11850,3912,93,2,1383.07,7
11851,3913,56,5,23622.11,47
11852,3913,166,1,2666.16,54
11853,3913,118,3,2637.64,62
11854,3913,64,1,93117.18,21
11855,3914,174,1,7801.61,70
11856,3915,41,1,79285.87,82
11857,3915,28,1,702.92,69
11858,3915,127,1,1797.09,15
11859,3915,89,2,18350.3,85
11860,3916,103,5,1452.77,77
11861,3916,138,2,3632.53,25
11862,3917,133,2,4126.14,41
11863,3918,176,5,59597.44,95
11864,3918,64,5,93117.18,98
11865,3918,78,4,40123.29,74
11866,3919,90,1,17430.69,54
11867,3919,73,2,7599.51,28
11868,3920,199,3,702.8,84
11869,3921,34,5,3262.67,55
11870,3921,164,5,2495.26,84
11871,3921,163,5,33147.7,89
11872,3922,67,1,94052.48,2
11873,3922,42,5,15510.68,90
11874,3922,14,4,42582.22,81
11875,3922,86,1,29410.8,73
11876,3922,64,4,93117.18,70
11877,3923,116,3,3192.27,45
11878,3924,169,3,7775.36,20
11879,3925,170,1,13731.85,18
11880,3926,151,2,92003.66,54
11881,3927,87,5,68101.36,15
11882,3928,150,3,22291.25,99
11883,3928,144,1,382.9,88
11884,3928,200,5,3212.97,98
11885,3928,5,1,1198.16,32
11886,3929,81,4,641.3,5
11887,3929,27,5,3860.01,89
11888,3929,147,1,772.56,88
11889,3930,100,4,2050.98,13
11890,3930,121,3,1118.51,4
11891,3930,163,5,33147.7,30
11892,3930,80,3,274.27,54
11893,3930,162,5,91765.85,41
11894,3931,135,3,802.55,72
11895,3931,159,3,314.46,3
11896,3931,138,4,3632.53,1
11897,3932,38,3,2266.82,64
11898,3932,194,1,464.22,52
11899,3932,193,2,1383.66,88
11900,3932,14,4,42582.22,33
11901,3932,161,3,3019.49,50
11902,3933,177,5,3546.32,71
11903,3933,110,2,797.25,87
11904,3933,41,5,79285.87,81
11905,3933,88,5,7189.72,44
11906,3934,3,1,52845.51,62
11907,3934,76,3,19136.21,18
11908,3934,26,5,22441.58,35
11909,3934,68,1,1575.64,39
11910,3934,18,2,3084.08,85
11911,3935,48,1,17690.82,37
11912,3935,109,5,3878.01,45
11913,3935,153,4,98307.89,83
11914,3935,133,4,4126.14,55
11915,3935,150,2,22291.25,40
11916,3936,188,5,41686.05,36
11917,3936,37,4,3250.66,51
11918,3937,200,5,3212.97,10
11919,3937,194,5,464.22,44
11920,3937,133,-2,4126.14,5
11921,3937,121,1,1118.51,50
11922,3938,36,4,14186.62,17
11923,3938,109,5,3878.01,80
11924,3938,38,4,2266.82,15
11925,3939,74,3,245.13,86
11926,3939,165,4,2338.31,66
11927,3939,180,3,308.9,74
11928,3939,115,1,729.43,17
11929,3940,179,2,2528.54,77
11930,3940,138,4,3632.53,49
11931,3940,51,1,3521.45,15
11932,3940,96,4,26794.28,49
11933,3941,117,5,1769.76,51
11934,3941,69,4,6749.31,1
11935,3942,42,3,15510.68,76
11936,3942,37,5,3250.66,16
11937,3943,27,4,3860.01,70
11938,3943,127,5,1797.09,80
11939,3943,60,4,1918.94,61
11940,3944,30,1,1221.85,50
11941,3945,6,4,63491.13,20
11942,3945,57,4,2504.37,95
11943,3945,33,4,835.93,87
11944,3946,120,1,67415.8,20
11945,3946,171,1,5623.35,46
11946,3946,69,4,6749.31,16
11947,3947,194,1,464.22,91
11948,3947,128,2,5319.49,41
11949,3948,14,3,42582.22,22
11950,3948,195,2,7327.29,43
11951,3949,28,3,702.92,95
11952,3949,69,4,6749.31,4
11953,3950,11,5,763.98,41
11954,3951,10,-5,3469.21,39
11955,3951,31,5,1292.25,49
11956,3951,49,1,2142.2,57
11957,3951,194,2,464.22,13
11958,3951,131,3,14500.41,7
11959,3952,65,2,8962.94,1
11960,3952,3,3,52845.51,93
11961,3952,120,2,67415.8,42
11962,3953,7,1,1545.0,24
11963,3953,200,1,3212.97,65
11964,3954,127,3,1797.09,52
11965,3954,139,1,7772.31,42
11966,3954,53,5,1750.15,79
11967,3955,189,3,2811.23,84
11968,3955,73,2,7599.51,31
11969,3956,185,2,1085.28,92
11970,3956,84,1,529.09,0
11971,3957,158,1,1554.87,18
11972,3957,79,5,3269.81,34
11973,3957,157,3,3574.22,95
11974,3957,106,2,484.23,92
11975,3957,32,1,3754.44,35
11976,3958,182,3,29049.69,3
11977,3959,95,4,29603.95,65
11978,3959,68,2,1575.64,33
11979,3959,137,2,14060.07,87
11980,3959,15,4,17548.6,61
11981,3959,37,5,3250.66,97
11982,3960,90,2,17430.69,88
11983,3960,64,-3,93117.18,5
11984,3960,163,2,33147.7,12
11985,3960,87,1,68101.36,54
11986,3960,141,5,10789.69,18
11987,3961,198,1,2694.15,27
11988,3961,191,4,1754.06,79
11989,3962,199,5,702.8,10
11990,3962,151,5,92003.66,13
11991,3962,137,1,14060.07,5
11992,3962,194,5,464.22,49
11993,3962,106,2,484.23,39
11994,3963,187,4,15169.68,44
11995,3963,142,4,11700.98,66
11996,3964,103,4,1452.77,27
11997,3964,105,3,2738.82,46
11998,3964,64,5,93117.18,60
11999,3964,20,4,1317.81,36
12000,3964,166,3,2666.16,16
12001,3965,112,2,5163.37,98
12002,3965,21,3,4861.87,64
12003,3965,178,5,485.22,68
12004,3965,45,2,9220.4,25
12005,3966,199,2,702.8,40
12006,3966,158,3,1554.87,37
12007,3966,34,2,3262.67,16
12008,3966,65,3,8962.94,25
12009,3967,34,1,3262.67,8
12010,3967,25,4,3779.14,67
12011,3967,15,5,17548.6,96
12012,3968,170,5,13731.85,3
12013,3968,35,3,3131.28,5
12014,3969,161,3,3019.49,43
12015,3969,168,3,2536.06,29
12016,3970,97,5,4030.37,23
12017,3970,96,5,26794.28,60
12018,3970,68,2,1575.64,0
12019,3970,146,3,1205.79,56
12020,3970,33,4,835.93,60
12021,3971,8,4,4278.68,48
12022,3971,92,1,12217.22,68
12023,3971,3,2,52845.51,69
12024,3971,171,5,5623.35,63
12025,3972,53,3,1750.15,90
12026,3972,167,5,693.18,57
12027,3972,192,1,7461.34,92
12028,3973,110,1,797.25,80
12029,3973,104,4,3389.18,40
12030,3974,163,1,33147.7,87
12031,3974,174,2,7801.61,91
12032,3975,156,5,3615.3,46
12033,3975,158,5,1554.87,24
12034,3975,172,1,16100.85,47
12035,3975,160,2,14389.43,50
12036,3976,154,1,1413.98,84
12037,3976,70,1,5396.07,61
12038,3977,96,1,26794.28,32
12039,3977,78,3,40123.29,28
12040,3977,13,1,1849.34,81
12041,3978,27,1,3860.01,49
12042,3979,127,3,1797.09,36
12043,3980,97,2,4030.37,75
12044,3980,14,5,42582.22,48
12045,3980,127,3,1797.09,45
12046,3981,188,3,41686.05,34
12047,3981,168,2,2536.06,27
12048,3981,79,1,3269.81,76
12049,3981,75,5,1758.88,61
12050,3982,169,1,7775.36,87
12051,3983,172,2,16100.85,29
12052,3983,24,-2,2479.74,35
12053,3983,80,5,274.27,57
12054,3984,90,5,17430.69,55
12055,3984,28,5,702.92,59
12056,3985,172,1,16100.85,3
12057,3986,148,2,3368.6,81
12058,3987,182,2,29049.69,37
12059,3987,27,3,3860.01,76
12060,3987,170,5,13731.85,63
12061,3988,35,5,3131.28,89
12062,3988,111,3,7723.9,70
12063,3988,30,4,1221.85,80
12064,3989,147,5,772.56,67
12065,3990,2,1,59090.87,60
12066,3990,113,5,3469.53,51
12067,3990,3,1,52845.51,90
12068,3990,74,2,245.13,14
12069,3990,72,3,199.64,73
12070,3991,39,-2,534.57,63
12071,3991,49,5,2142.2,32
12072,3991,182,2,29049.69,58
12073,3991,55,4,1885.07,28
12074,3991,48,5,17690.82,16
12075,3992,162,3,91765.85,74
12076,3992,22,1,16162.22,26
12077,3992,197,2,964.09,15
12078,3992,73,2,7599.51,21
12079,3993,129,2,4097.17,77
12080,3993,81,3,641.3,33
12081,3994,191,1,1754.06,56
12082,3994,47,-1,497.81,37
12083,3994,178,4,485.22,26
12084,3994,84,1,529.09,39
12085,3994,101,5,24788.51,27
12086,3995,135,5,802.55,59
12087,3995,8,3,4278.68,58
12088,3995,160,4,14389.43,92
12089,3995,42,4,15510.68,32
12090,3996,48,4,17690.82,2
12091,3997,92,4,12217.22,49
12092,3997,144,4,382.9,97
12093,3998,138,4,3632.53,1
12094,3998,132,1,14673.24,86
12095,3998,189,4,2811.23,48
12096,3999,43,2,98247.37,70
12097,3999,5,2,1198.16,15
12098,4000,89,5,18350.3,16
12099,4000,24,1,2479.74,74
12100,4001,121,5,1118.51,53
12101,4001,96,5,26794.28,21
12102,4002,46,5,6493.42,33
12103,4002,144,4,382.9,17
12104,4002,101,4,24788.51,33
12105,4002,155,2,896.22,76
12106,4003,126,2,52173.6,1
12107,4003,106,3,484.23,92
12108,4004,40,5,6624.33,55
12109,4004,27,5,3860.01,21
12110,4004,61,1,27642.73,51
12111,4005,127,4,1797.09,4
12112,4005,13,3,1849.34,69
12113,4005,196,3,2283.28,29
12114,4005,149,1,3551.09,23
12115,4006,78,3,40123.29,83
12116,4006,120,3,67415.8,26
12117,4007,196,5,2283.28,93
12118,4007,105,3,2738.82,74
12119,4007,79,5,3269.81,11
12120,4008,196,5,2283.28,84
12121,4009,179,4,2528.54,44
12122,4009,48,1,17690.82,19
12123,4009,164,3,2495.26,23
12124,4010,114,1,12262.14,49
12125,4011,174,4,7801.61,71
12126,4011,29,1,4216.76,60
12127,4012,105,3,2738.82,71
12128,4013,122,4,2349.23,32
12129,4013,76,5,19136.21,12
12130,4014,84,4,529.09,93
12131,4015,106,5,484.23,44
12132,4015,92,3,12217.22,94
12133,4015,80,-5,274.27,80
12134,4016,102,-5,68170.84,33
12135,4016,61,2,27642.73,9
12136,4016,101,5,24788.51,31
12137,4017,31,5,1292.25,96
12138,4017,96,2,26794.28,13
12139,4017,158,2,1554.87,97
12140,4017,19,4,8561.48,24
12141,4018,80,3,274.27,73
12142,4018,11,4,763.98,22
12143,4018,77,4,1679.18,51
12144,4018,81,4,641.3,54
12145,4019,54,4,4173.59,60
12146,4019,162,4,91765.85,46
12147,4019,173,5,14158.62,26
12148,4019,114,3,12262.14,100
12149,4019,195,5,7327.29,54
12150,4020,98,2,1260.01,99
12151,4021,157,1,3574.22,62
12152,4021,40,3,6624.33,76
12153,4021,193,1,1383.66,74
12154,4022,98,2,1260.01,99
12155,4022,195,-5,7327.29,3
12156,4022,32,5,3754.44,83
12157,4023,52,3,3961.79,22
12158,4023,21,4,4861.87,100
12159,4023,42,4,15510.68,16
12160,4023,120,2,67415.8,25
12161,4023,104,5,3389.18,77
12162,4024,17,4,4055.38,51
12163,4025,37,3,3250.66,3
12164,4026,146,1,1205.79,9
12165,4027,14,2,42582.22,78
12166,4028,129,3,4097.17,39
12167,4029,133,1,4126.14,39
12168,4029,187,3,15169.68,23
12169,4029,113,2,3469.53,52
12170,4029,111,3,7723.9,63
12171,4029,106,5,484.23,20
12172,4030,179,3,2528.54,74
12173,4031,60,1,1918.94,11
12174,4031,97,1,4030.37,92
12175,4031,136,5,2848.35,50
12176,4031,46,1,6493.42,49
12177,4031,56,3,23622.11,58
12178,4032,58,1,2469.9,39
12179,4032,27,5,3860.01,73
12180,4032,185,1,1085.28,43
12181,4032,178,4,485.22,28
12182,4032,113,5,3469.53,84
12183,4033,11,4,763.98,58
12184,4034,42,5,15510.68,48
12185,4034,102,4,68170.84,85
12186,4034,147,2,772.56,49
12187,4034,114,4,12262.14,23
12188,4034,176,1,59597.44,74
12189,4035,88,1,7189.72,5
12190,4035,189,2,2811.23,97
12191,4035,7,2,1545.0,58
12192,4035,65,2,8962.94,55
12193,4036,131,2,14500.41,86
12194,4036,46,2,6493.42,7
12195,4036,10,3,3469.21,65
12196,4037,100,5,2050.98,72
12197,4037,45,4,9220.4,20
12198,4037,38,3,2266.82,46
12199,4037,60,5,1918.94,60
12200,4038,88,3,7189.72,46
12201,4039,9,5,26698.69,25
12202,4039,189,2,2811.23,98
12203,4039,67,4,94052.48,59
12204,4039,84,1,529.09,15
12205,4040,56,3,23622.11,39
12206,4041,110,1,797.25,59
12207,4041,177,4,3546.32,26
12208,4041,7,2,1545.0,93
12209,4041,98,4,1260.01,0
12210,4041,59,5,1243.65,54
12211,4042,58,3,2469.9,52
12212,4042,31,5,1292.25,70
12213,4042,99,5,8134.79,82
12214,4042,124,5,2030.13,53
12215,4042,188,1,41686.05,4
12216,4043,130,3,530.75,86
12217,4043,68,5,1575.64,60
12218,4043,84,2,529.09,44
12219,4043,59,5,1243.65,48
12220,4043,186,4,4929.38,75
12221,4044,153,2,98307.89,89
12222,4044,111,2,7723.9,52
12223,4044,84,3,529.09,34
12224,4045,179,1,2528.54,21
12225,4045,161,4,3019.49,25
12226,4045,81,2,641.3,62
12227,4045,126,4,52173.6,63
12228,4046,86,3,29410.8,76
12229,4046,154,4,1413.98,33
12230,4046,196,3,2283.28,66
12231,4046,148,4,3368.6,83
12232,4047,16,4,1945.54,79
12233,4047,85,3,2290.94,74
12234,4047,87,3,68101.36,56
12235,4047,113,1,3469.53,44
12236,4048,186,2,4929.38,35
12237,4048,102,4,68170.84,32
12238,4048,70,3,5396.07,82
12239,4049,9,2,26698.69,32
12240,4050,35,3,3131.28,30
12241,4051,58,4,2469.9,21
12242,4051,66,5,6345.81,82
12243,4051,80,1,274.27,71
12244,4051,107,3,5474.76,86
12245,4052,27,5,3860.01,50
12246,4052,10,3,3469.21,29
12247,4052,167,5,693.18,33
12248,4052,197,3,964.09,3
12249,4052,195,2,7327.29,56
12250,4053,133,3,4126.14,70
12251,4053,31,1,1292.25,98
12252,4053,158,4,1554.87,67
12253,4054,90,3,17430.69,29
12254,4055,200,2,3212.97,25
12255,4055,17,5,4055.38,47
12256,4055,11,4,763.98,74
12257,4055,125,2,800.11,23
12258,4055,108,5,3065.18,15
12259,4056,18,4,3084.08,76
12260,4056,60,4,1918.94,38
12261,4057,190,1,1227.09,89
12262,4057,194,3,464.22,99
12263,4057,56,1,23622.11,60
12264,4057,82,2,2740.6,58
12265,4057,65,2,8962.94,7
12266,4058,77,1,1679.18,45
12267,4058,101,1,24788.51,92
12268,4058,148,4,3368.6,27
12269,4059,129,3,4097.17,3
12270,4059,53,3,1750.15,13
12271,4060,79,2,3269.81,52
12272,4061,110,5,797.25,29
12273,4061,188,-5,41686.05,57
12274,4061,129,5,4097.17,55
12275,4062,141,2,10789.69,37
12276,4062,120,4,67415.8,59
12277,4063,137,4,14060.07,34
12278,4063,71,4,1994.84,55
12279,4063,171,1,5623.35,31
12280,4064,141,2,10789.69,62
12281,4064,136,2,2848.35,100
12282,4065,132,5,14673.24,60
12283,4065,156,3,3615.3,14
12284,4065,95,3,29603.95,76
12285,4065,104,2,3389.18,100
12286,4065,141,-1,10789.69,90
12287,4066,110,3,797.25,8
12288,4066,132,1,14673.24,11
12289,4066,196,1,2283.28,22
12290,4066,136,4,2848.35,55
12291,4066,67,1,94052.48,61
12292,4067,58,1,2469.9,87
12293,4067,148,5,3368.6,41
12294,4067,134,1,389.01,50
12295,4067,4,-3,18013.15,66
12296,4067,152,3,9297.38,75
12297,4068,124,4,2030.13,72
12298,4068,134,4,389.01,25
12299,4068,10,5,3469.21,25
12300,4068,192,2,7461.34,2
12301,4069,71,1,1994.84,33
12302,4069,1,3,253.9,27
12303,4069,79,3,3269.81,57
12304,4069,78,3,40123.29,34
12305,4070,184,5,19452.92,75
12306,4070,138,2,3632.53,43
12307,4070,44,1,70908.36,44
12308,4070,179,2,2528.54,52
12309,4071,19,2,8561.48,97
12310,4072,109,1,3878.01,92
12311,4072,106,4,484.23,67
12312,4072,87,4,68101.36,42
12313,4072,149,4,3551.09,96
12314,4073,117,1,1769.76,61
12315,4073,147,1,772.56,81
12316,4073,84,5,529.09,87
12317,4073,18,1,3084.08,20
12318,4074,71,2,1994.84,30
12319,4074,94,4,2140.24,12
12320,4074,135,2,802.55,72
12321,4074,178,1,485.22,16
12322,4074,2,2,59090.87,62
12323,4075,99,3,8134.79,46
12324,4075,149,5,3551.09,82
12325,4075,184,5,19452.92,66
12326,4075,9,3,26698.69,86
12327,4076,67,2,94052.48,31
12328,4077,145,4,3116.82,64
12329,4077,183,4,1718.29,1
12330,4077,153,3,98307.89,88
12331,4077,146,5,1205.79,99
12332,4078,23,4,317.81,74
12333,4079,63,1,430.09,80
12334,4080,37,3,3250.66,15
12335,4080,28,1,702.92,54
12336,4080,48,3,17690.82,5
12337,4080,80,4,274.27,4
12338,4081,76,5,19136.21,26
12339,4081,172,5,16100.85,87
12340,4081,18,3,3084.08,56
12341,4081,33,5,835.93,93
12342,4082,7,5,1545.0,25
12343,4082,16,1,1945.54,29
12344,4082,35,3,3131.28,66
12345,4083,83,4,18455.42,27
12346,4083,122,4,2349.23,42
12347,4083,173,3,14158.62,88
12348,4084,42,3,15510.68,33
12349,4085,10,2,3469.21,61
12350,4085,27,-2,3860.01,65
12351,4085,25,1,3779.14,78
12352,4085,191,1,1754.06,24
12353,4085,129,-1,4097.17,57
12354,4086,188,5,41686.05,31
12355,4086,190,4,1227.09,32
12356,4086,32,2,3754.44,94
12357,4086,98,1,1260.01,54
12358,4086,77,4,1679.18,95
12359,4087,128,-3,5319.49,95
12360,4087,192,5,7461.34,64
12361,4087,174,3,7801.61,33
12362,4087,48,3,17690.82,5
12363,4087,47,5,497.81,71
12364,4088,36,3,14186.62,95
12365,4088,192,5,7461.34,27
12366,4088,111,1,7723.9,25
12367,4088,139,2,7772.31,80
12368,4088,22,1,16162.22,59
12369,4089,33,4,835.93,0
12370,4089,49,3,2142.2,19
12371,4089,54,4,4173.59,79
12372,4090,154,1,1413.98,15
12373,4090,175,3,1171.69,20
12374,4090,3,2,52845.51,83
12375,4090,37,1,3250.66,16
12376,4090,101,5,24788.51,76
12377,4091,74,4,245.13,48
12378,4091,174,2,7801.61,28
12379,4091,133,1,4126.14,76
12380,4091,47,2,497.81,31
12381,4091,118,-3,2637.64,51
12382,4092,173,3,14158.62,0
12383,4092,87,2,68101.36,3
12384,4092,75,4,1758.88,76
12385,4093,28,-1,702.92,45
12386,4093,156,-3,3615.3,7
12387,4093,25,2,3779.14,87
12388,4093,99,4,8134.79,26
12389,4093,155,2,896.22,3
12390,4094,145,2,3116.82,80
12391,4095,59,3,1243.65,27
12392,4095,187,1,15169.68,71
12393,4095,80,3,274.27,0
12394,4095,125,1,800.11,37
12395,4095,142,2,11700.98,25
12396,4096,70,5,5396.07,17
12397,4097,3,4,52845.51,66
12398,4098,21,1,4861.87,38
12399,4098,114,5,12262.14,15
12400,4099,57,5,2504.37,30
12401,4100,101,3,24788.51,38
12402,4101,91,3,4806.55,90
12403,4101,46,4,6493.42,27
12404,4101,62,5,4101.85,45
12405,4101,23,4,317.81,96
12406,4101,96,4,26794.28,76
12407,4102,105,2,2738.82,75
12408,4102,131,5,14500.41,95
12409,4102,197,2,964.09,34
12410,4102,135,3,802.55,81
12411,4103,83,2,18455.42,67
12412,4103,111,-1,7723.9,47
12413,4103,173,1,14158.62,68
12414,4104,107,4,5474.76,18
12415,4104,142,2,11700.98,97
12416,4105,38,2,2266.82,55
12417,4105,37,3,3250.66,16
12418,4105,7,5,1545.0,45
12419,4105,187,1,15169.68,64
12420,4105,62,3,4101.85,23
12421,4106,9,3,26698.69,82
12422,4106,74,4,245.13,87
12423,4106,164,4,2495.26,99
12424,4107,100,5,2050.98,84
12425,4107,24,1,2479.74,43
12426,4107,92,3,12217.22,75
12427,4107,109,-1,3878.01,31
12428,4107,99,1,8134.79,65
12429,4108,173,5,14158.62,54
12430,4109,172,3,16100.85,38
12431,4109,76,-3,19136.21,94
12432,4109,55,5,1885.07,58
12433,4109,77,4,1679.18,13
12434,4109,23,3,317.81,1
12435,4110,185,5,1085.28,70
12436,4110,163,3,33147.7,74
12437,4110,62,1,4101.85,91
12438,4111,75,1,1758.88,65
12439,4111,19,5,8561.48,17
12440,4111,153,-3,98307.89,36
12441,4112,194,3,464.22,5
12442,4112,67,2,94052.48,42
12443,4112,144,1,382.9,56
12444,4112,86,4,29410.8,76
12445,4113,21,3,4861.87,100
12446,4113,151,3,92003.66,76
12447,4113,34,2,3262.67,47
12448,4114,99,5,8134.79,65
12449,4114,72,1,199.64,7
12450,4114,155,5,896.22,96
12451,4115,77,2,1679.18,57
12452,4115,2,4,59090.87,99
12453,4116,162,3,91765.85,57
12454,4116,170,4,13731.85,80
12455,4116,155,4,896.22,63
12456,4117,58,3,2469.9,73
12457,4117,41,2,79285.87,47
12458,4117,47,-3,497.81,90
12459,4118,96,2,26794.28,27
12460,4119,85,4,2290.94,18
12461,4119,133,3,4126.14,94
12462,4119,43,5,98247.37,31
12463,4119,115,4,729.43,76
12464,4119,176,4,59597.44,78
12465,4120,36,1,14186.62,63
12466,4121,172,-3,16100.85,42
12467,4122,53,5,1750.15,36
12468,4122,147,5,772.56,39
12469,4122,86,5,29410.8,88
12470,4123,41,4,79285.87,33
12471,4123,138,1,3632.53,55
12472,4123,15,4,17548.6,16
12473,4123,158,2,1554.87,86
12474,4124,122,3,2349.23,100
12475,4124,173,4,14158.62,84
12476,4124,79,4,3269.81,15
12477,4124,48,2,17690.82,42
12478,4124,121,3,1118.51,75
12479,4125,47,3,497.81,3
12480,4125,41,2,79285.87,99
12481,4126,197,4,964.09,57
12482,4126,198,3,2694.15,79
12483,4126,24,1,2479.74,48
12484,4126,81,3,641.3,15
12485,4127,40,2,6624.33,62
12486,4127,20,2,1317.81,86
12487,4128,113,4,3469.53,46
12488,4128,183,2,1718.29,8
12489,4128,116,3,3192.27,47
12490,4128,91,1,4806.55,88
12491,4129,58,3,2469.9,13
12492,4129,31,4,1292.25,81
12493,4130,93,1,1383.07,43
12494,4131,143,3,7284.34,43
12495,4131,18,5,3084.08,30
12496,4131,103,3,1452.77,45
12497,4132,169,5,7775.36,43
12498,4132,109,3,3878.01,55
12499,4132,3,-2,52845.51,15
12500,4133,154,5,1413.98,84
12501,4133,151,2,92003.66,26
12502,4133,1,3,253.9,84
12503,4133,105,4,2738.82,89
12504,4134,67,4,94052.48,65
12505,4134,54,1,4173.59,71
12506,4134,81,5,641.3,45
12507,4134,157,1,3574.22,38
12508,4135,26,1,22441.58,3
12509,4135,42,5,15510.68,53
12510,4135,33,1,835.93,37
12511,4135,52,2,3961.79,10
12512,4135,51,4,3521.45,11
12513,4136,46,3,6493.42,87
12514,4136,147,4,772.56,71
12515,4136,86,3,29410.8,98
12516,4137,100,1,2050.98,80
12517,4137,190,-5,1227.09,58
12518,4138,137,2,14060.07,28
12519,4138,30,4,1221.85,71
12520,4138,97,4,4030.37,5
12521,4138,52,5,3961.79,87
12522,4138,13,2,1849.34,8
12523,4139,49,1,2142.2,67
12524,4139,73,5,7599.51,66
12525,4139,70,5,5396.07,69
12526,4139,189,3,2811.23,82
12527,4140,142,1,11700.98,4
12528,4141,191,3,1754.06,97
12529,4141,5,5,1198.16,25
12530,4141,106,5,484.23,10
12531,4142,175,1,1171.69,47
12532,4143,60,2,1918.94,5
12533,4143,148,2,3368.6,51
12534,4144,76,1,19136.21,4
12535,4144,131,5,14500.41,90
12536,4144,139,2,7772.31,87
12537,4145,117,2,1769.76,73
12538,4145,63,4,430.09,31
12539,4146,53,5,1750.15,5
12540,4146,27,2,3860.01,0
12541,4146,163,2,33147.7,69
12542,4146,144,5,382.9,81
12543,4147,79,5,3269.81,21
12544,4147,74,1,245.13,71
12545,4147,2,5,59090.87,78
12546,4147,158,2,1554.87,67
12547,4148,128,3,5319.49,57
12548,4148,116,5,3192.27,12
12549,4148,199,4,702.8,98
12550,4149,9,4,26698.69,51
12551,4149,146,2,1205.79,95
12552,4149,23,3,317.81,17
12553,4149,142,1,11700.98,69
12554,4150,125,3,800.11,65
12555,4150,151,1,92003.66,23
12556,4151,123,2,2794.3,95
12557,4151,141,4,10789.69,55
12558,4151,46,3,6493.42,61
12559,4152,141,2,10789.69,93
12560,4152,124,4,2030.13,39
12561,4152,133,3,4126.14,3
12562,4153,105,4,2738.82,82
12563,4153,79,5,3269.81,24
12564,4153,168,2,2536.06,97
12565,4154,24,5,2479.74,55
12566,4154,62,4,4101.85,30
12567,4154,77,4,1679.18,76
12568,4154,178,3,485.22,66
12569,4155,120,5,67415.8,60
12570,4156,135,3,802.55,34
12571,4156,141,5,10789.69,72
12572,4156,40,2,6624.33,39
12573,4156,144,4,382.9,67
12574,4157,54,1,4173.59,39
12575,4157,136,-3,2848.35,49
12576,4157,156,5,3615.3,27
12577,4157,171,5,5623.35,78
12578,4158,4,2,18013.15,11
12579,4158,59,3,1243.65,42
12580,4158,15,4,17548.6,51
12581,4159,11,2,763.98,25
12582,4159,193,5,1383.66,35
12583,4159,75,1,1758.88,19
12584,4160,3,5,52845.51,97
12585,4160,144,1,382.9,71
12586,4160,93,5,1383.07,48
12587,4160,131,3,14500.41,98
12588,4161,131,4,14500.41,49
12589,4161,47,4,497.81,85
12590,4161,71,5,1994.84,8
12591,4161,136,1,2848.35,84
12592,4161,20,5,1317.81,23
12593,4162,106,5,484.23,100
12594,4162,86,2,29410.8,31
12595,4163,200,3,3212.97,49
12596,4163,13,5,1849.34,62
12597,4164,144,2,382.9,6
12598,4164,117,2,1769.76,59
12599,4165,131,2,14500.41,62
12600,4165,166,5,2666.16,99
12601,4166,124,1,2030.13,49
12602,4166,44,1,70908.36,26
12603,4166,9,5,26698.69,52
12604,4167,92,3,12217.22,90
12605,4167,126,5,52173.6,41
12606,4167,101,4,24788.51,64
12607,4167,172,2,16100.85,6
12608,4168,196,3,2283.28,41
12609,4168,59,5,1243.65,49
12610,4168,148,3,3368.6,86
12611,4169,157,4,3574.22,83
12612,4169,48,3,17690.82,58
12613,4169,197,5,964.09,49
12614,4169,105,5,2738.82,86
12615,4170,124,1,2030.13,45
12616,4171,19,1,8561.48,94
12617,4171,173,2,14158.62,50
12618,4171,153,4,98307.89,83
12619,4172,72,3,199.64,81
12620,4172,114,3,12262.14,77
12621,4172,25,3,3779.14,27
12622,4172,91,4,4806.55,28
12623,4173,30,4,1221.85,4
12624,4173,182,3,29049.69,52
12625,4174,72,3,199.64,55
12626,4175,147,2,772.56,32
12627,4175,37,3,3250.66,22
12628,4175,70,1,5396.07,7
12629,4176,184,2,19452.92,11
12630,4176,17,5,4055.38,55
12631,4176,192,4,7461.34,32
12632,4177,9,1,26698.69,47
12633,4177,45,2,9220.4,6
12634,4177,172,2,16100.85,41
12635,4177,56,1,23622.11,80
12636,4178,173,1,14158.62,73
12637,4178,172,5,16100.85,44
12638,4178,169,1,7775.36,43
12639,4178,65,4,8962.94,47
12640,4178,129,1,4097.17,30
12641,4179,122,3,2349.23,70
12642,4179,155,3,896.22,6
12643,4180,196,1,2283.28,80
12644,4180,53,3,1750.15,24
12645,4180,120,2,67415.8,23
12646,4180,105,5,2738.82,64
12647,4180,179,4,2528.54,54
12648,4181,152,2,9297.38,23
12649,4181,57,4,2504.37,85
12650,4181,180,5,308.9,88
12651,4181,30,1,1221.85,99
12652,4182,192,2,7461.34,26
12653,4182,160,2,14389.43,70
12654,4182,5,1,1198.16,0
12655,4183,12,1,37578.36,95
12656,4183,143,5,7284.34,78
12657,4183,154,1,1413.98,94
12658,4183,69,4,6749.31,5
12659,4184,197,3,964.09,19
12660,4185,78,5,40123.29,10
12661,4185,157,5,3574.22,34
12662,4186,102,4,68170.84,83
12663,4186,78,3,40123.29,74
12664,4186,174,4,7801.61,46
12665,4187,45,5,9220.4,2
12666,4187,98,3,1260.01,16
12667,4187,51,4,3521.45,2
12668,4187,54,2,4173.59,44
12669,4187,191,5,1754.06,79
12670,4188,24,-1,2479.74,14
12671,4188,19,3,8561.48,27
12672,4188,15,3,17548.6,64
12673,4188,152,2,9297.38,5
12674,4189,197,1,964.09,80
12675,4189,179,4,2528.54,61
12676,4189,102,3,68170.84,15
12677,4190,117,-1,1769.76,54
12678,4190,23,1,317.81,1
12679,4191,48,2,17690.82,17
12680,4191,12,1,37578.36,51
12681,4191,6,5,63491.13,75
12682,4191,71,4,1994.84,36
12683,4191,200,3,3212.97,25
12684,4192,88,-1,7189.72,36
12685,4192,151,4,92003.66,30
12686,4192,197,2,964.09,5
12687,4192,42,3,15510.68,31
12688,4193,65,5,8962.94,16
12689,4194,21,3,4861.87,31
12690,4194,24,1,2479.74,22
12691,4194,76,4,19136.21,54
12692,4194,123,4,2794.3,44
12693,4195,124,1,2030.13,22
12694,4195,35,2,3131.28,25
12695,4195,72,4,199.64,11
12696,4195,112,4,5163.37,45
12697,4196,102,5,68170.84,2
12698,4196,122,4,2349.23,97
12699,4196,195,2,7327.29,32
12700,4197,82,3,2740.6,42
12701,4197,161,3,3019.49,19
12702,4197,110,4,797.25,58
12703,4197,67,2,94052.48,6
12704,4198,163,4,33147.7,80
12705,4198,61,4,27642.73,95
12706,4199,73,2,7599.51,58
12707,4200,39,1,534.57,0
12708,4200,124,1,2030.13,45
12709,4200,44,4,70908.36,70
12710,4201,132,1,14673.24,54
12711,4201,49,5,2142.2,0
12712,4201,36,3,14186.62,59
12713,4201,51,1,3521.45,98
12714,4202,178,2,485.22,10
12715,4203,63,1,430.09,49
12716,4203,199,4,702.8,88
12717,4203,53,5,1750.15,25
12718,4203,138,-2,3632.53,30
12719,4203,9,3,26698.69,24
12720,4204,108,2,3065.18,97
12721,4204,38,2,2266.82,2
12722,4204,92,3,12217.22,34
12723,4204,73,5,7599.51,36
12724,4204,178,5,485.22,89
12725,4205,173,1,14158.62,53
12726,4205,131,3,14500.41,60
12727,4205,116,1,3192.27,56
12728,4206,34,3,3262.67,24
12729,4206,181,2,3357.0,13
12730,4206,175,5,1171.69,29
12731,4206,46,1,6493.42,18
12732,4206,98,3,1260.01,22
12733,4207,192,3,7461.34,52
12734,4207,115,5,729.43,100
12735,4207,32,3,3754.44,80
12736,4207,158,3,1554.87,94
12737,4208,48,5,17690.82,3
12738,4209,108,1,3065.18,38
12739,4209,119,1,35613.06,99
12740,4210,196,3,2283.28,90
12741,4211,118,5,2637.64,64
12742,4211,25,1,3779.14,99
12743,4211,40,3,6624.33,12
12744,4212,150,5,22291.25,28
12745,4213,16,3,1945.54,50
12746,4213,121,3,1118.51,92
12747,4214,8,2,4278.68,53
12748,4214,175,2,1171.69,97
12749,4215,60,1,1918.94,40
12750,4215,132,4,14673.24,90
12751,4216,159,3,314.46,24
12752,4216,47,4,497.81,89
12753,4216,92,1,12217.22,0
12754,4217,86,5,29410.8,36
12755,4217,24,1,2479.74,51
12756,4217,197,3,964.09,29
12757,4217,81,4,641.3,57
12758,4217,52,1,3961.79,81
12759,4218,131,1,14500.41,100
12760,4218,114,4,12262.14,1
12761,4219,88,4,7189.72,7
12762,4219,4,1,18013.15,23
12763,4219,59,3,1243.65,90
12764,4220,37,2,3250.66,70
12765,4220,32,2,3754.44,27
12766,4220,59,5,1243.65,95
12767,4220,77,4,1679.18,11
12768,4220,176,4,59597.44,82
12769,4221,28,3,702.92,48
12770,4221,47,5,497.81,13
12771,4221,128,4,5319.49,48
12772,4221,58,5,2469.9,56
12773,4221,94,3,2140.24,4
12774,4222,120,5,67415.8,12
12775,4222,50,4,3979.14,94
12776,4222,94,2,2140.24,88
12777,4223,43,-2,98247.37,3
12778,4223,9,1,26698.69,7
12779,4223,20,3,1317.81,92
12780,4223,101,3,24788.51,75
12781,4223,12,1,37578.36,99
12782,4224,82,5,2740.6,98
12783,4224,78,5,40123.29,24
12784,4224,170,2,13731.85,91
12785,4224,32,1,3754.44,62
12786,4225,18,2,3084.08,48
12787,4225,46,3,6493.42,82
12788,4225,53,4,1750.15,3
12789,4225,91,5,4806.55,77
12790,4225,113,3,3469.53,92
12791,4226,90,1,17430.69,49
12792,4226,85,-3,2290.94,90
12793,4226,78,3,40123.29,45
12794,4227,122,3,2349.23,73
12795,4227,159,2,314.46,47
12796,4228,97,1,4030.37,84
12797,4228,121,4,1118.51,48
12798,4228,57,3,2504.37,0
12799,4228,6,5,63491.13,33
12800,4229,96,2,26794.28,1
12801,4229,9,4,26698.69,68
12802,4229,61,3,27642.73,54
12803,4229,49,2,2142.2,83
12804,4230,34,4,3262.67,14
12805,4230,186,5,4929.38,84
12806,4231,116,4,3192.27,3
12807,4231,169,2,7775.36,80
12808,4232,170,1,13731.85,15
12809,4232,72,5,199.64,55
12810,4232,177,5,3546.32,2
12811,4232,95,1,29603.95,3
12812,4233,82,2,2740.6,55
12813,4233,116,1,3192.27,75
12814,4233,154,1,1413.98,75
12815,4233,195,3,7327.29,73
12816,4233,197,1,964.09,71
12817,4234,181,4,3357.0,6
12818,4235,197,2,964.09,17
12819,4236,118,4,2637.64,85
12820,4236,175,2,1171.69,67
12821,4236,184,1,19452.92,44
12822,4236,20,5,1317.81,59
12823,4237,70,4,5396.07,63
12824,4237,34,1,3262.67,10
12825,4237,190,3,1227.09,85
12826,4237,46,5,6493.42,59
12827,4238,197,4,964.09,64
12828,4238,37,2,3250.66,12
12829,4239,33,-5,835.93,42
12830,4240,165,5,2338.31,51
12831,4240,55,3,1885.07,55
12832,4240,5,1,1198.16,62
12833,4240,82,4,2740.6,25
12834,4241,69,5,6749.31,46
12835,4241,165,4,2338.31,89
12836,4241,98,5,1260.01,87
12837,4242,139,5,7772.31,21
12838,4243,6,1,63491.13,45
12839,4243,156,1,3615.3,26
12840,4244,3,4,52845.51,30
12841,4244,53,5,1750.15,94
12842,4244,96,4,26794.28,36
12843,4245,55,5,1885.07,22
12844,4245,110,3,797.25,5
12845,4245,145,1,3116.82,63
12846,4245,94,3,2140.24,13
12847,4245,75,4,1758.88,59
12848,4246,147,5,772.56,53
12849,4246,159,4,314.46,24
12850,4246,175,3,1171.69,69
12851,4247,70,5,5396.07,16
12852,4248,157,4,3574.22,93
12853,4249,169,3,7775.36,65
12854,4249,103,4,1452.77,36
12855,4249,23,4,317.81,57
12856,4249,124,5,2030.13,30
12857,4250,185,5,1085.28,79
12858,4250,36,3,14186.62,83
12859,4250,62,5,4101.85,39
12860,4251,57,5,2504.37,30
12861,4251,100,3,2050.98,49
12862,4252,101,5,24788.51,75
12863,4252,65,4,8962.94,96
12864,4252,165,1,2338.31,22
12865,4252,34,3,3262.67,18
12866,4252,69,1,6749.31,10
12867,4253,113,2,3469.53,7
12868,4253,80,4,274.27,32
12869,4253,49,4,2142.2,81
12870,4253,71,5,1994.84,15
12871,4253,198,2,2694.15,48
12872,4254,108,1,3065.18,73
12873,4254,142,1,11700.98,72
12874,4254,193,4,1383.66,74
12875,4254,6,5,63491.13,24
12876,4255,33,3,835.93,30
12877,4255,143,1,7284.34,27
12878,4256,36,2,14186.62,97
12879,4257,186,4,4929.38,71
12880,4257,29,2,4216.76,5
12881,4257,54,-3,4173.59,82
12882,4257,172,4,16100.85,67
12883,4257,69,2,6749.31,65
12884,4258,159,3,314.46,29
12885,4258,199,2,702.8,42
12886,4258,113,3,3469.53,22
12887,4258,117,4,1769.76,88
12888,4259,138,1,3632.53,17
12889,4259,149,5,3551.09,86
12890,4260,183,5,1718.29,62
12891,4260,91,3,4806.55,61
12892,4260,25,5,3779.14,15
12893,4261,12,2,37578.36,71
12894,4262,171,4,5623.35,75
12895,4262,18,5,3084.08,25
12896,4263,146,3,1205.79,15
12897,4263,61,4,27642.73,29
12898,4263,19,5,8561.48,21
12899,4264,199,2,702.8,74
12900,4264,57,2,2504.37,10
12901,4265,143,4,7284.34,65
12902,4265,99,4,8134.79,42
12903,4265,71,1,1994.84,31
12904,4265,25,5,3779.14,83
12905,4266,57,4,2504.37,47
12906,4266,7,1,1545.0,40
12907,4266,160,3,14389.43,61
12908,4267,195,4,7327.29,99
12909,4267,132,5,14673.24,10
12910,4267,170,4,13731.85,38
12911,4267,180,2,308.9,9
12912,4268,11,3,763.98,27
12913,4268,61,3,27642.73,82
12914,4269,166,2,2666.16,44
12915,4269,118,2,2637.64,64
12916,4269,112,-1,5163.37,8
12917,4270,101,4,24788.51,45
12918,4270,36,1,14186.62,75
12919,4270,86,2,29410.8,58
12920,4271,115,1,729.43,79
12921,4271,94,3,2140.24,65
12922,4272,101,2,24788.51,48
12923,4273,22,3,16162.22,57
12924,4273,181,3,3357.0,53
12925,4273,119,2,35613.06,78
12926,4273,48,3,17690.82,25
12927,4273,13,2,1849.34,73
12928,4274,122,4,2349.23,68
12929,4275,186,4,4929.38,0
12930,4275,3,5,52845.51,68
12931,4275,198,3,2694.15,41
12932,4275,130,1,530.75,51
12933,4276,126,3,52173.6,29
12934,4276,4,5,18013.15,82
12935,4276,130,3,530.75,34
12936,4276,174,1,7801.61,7
12937,4276,84,1,529.09,2
12938,4277,66,2,6345.81,62
12939,4277,139,5,7772.31,60
12940,4277,104,3,3389.18,79
12941,4278,61,3,27642.73,35
12942,4278,10,5,3469.21,19
12943,4279,142,1,11700.98,13
12944,4280,4,1,18013.15,64
12945,4280,182,5,29049.69,81
12946,4280,40,5,6624.33,53
12947,4280,160,5,14389.43,79
12948,4280,44,1,70908.36,27
12949,4281,39,5,534.57,31
12950,4281,102,3,68170.84,57
12951,4282,125,2,800.11,67
12952,4282,163,-3,33147.7,64
12953,4282,107,1,5474.76,12
12954,4283,188,3,41686.05,91
12955,4284,123,1,2794.3,24
12956,4284,2,3,59090.87,58
12957,4284,42,3,15510.68,50
12958,4284,129,1,4097.17,82
12959,4285,24,4,2479.74,36
12960,4286,147,4,772.56,23
12961,4286,93,3,1383.07,42
12962,4287,61,3,27642.73,53
12963,4287,76,2,19136.21,0
12964,4287,25,2,3779.14,15
12965,4288,39,3,534.57,90
12966,4288,73,3,7599.51,49
12967,4289,97,2,4030.37,18
12968,4289,27,2,3860.01,72
12969,4289,99,3,8134.79,0
12970,4289,72,4,199.64,10
12971,4289,26,4,22441.58,31
12972,4290,49,2,2142.2,35
12973,4290,21,4,4861.87,49
12974,4290,14,-1,42582.22,79
12975,4291,60,3,1918.94,60
12976,4291,180,1,308.9,92
12977,4291,80,1,274.27,53
12978,4292,113,2,3469.53,73
12979,4293,121,1,1118.51,6
12980,4293,18,4,3084.08,73
12981,4293,166,3,2666.16,13
12982,4293,200,4,3212.97,24
12983,4293,21,3,4861.87,17
12984,4294,19,3,8561.48,80
12985,4295,103,2,1452.77,0
12986,4296,66,2,6345.81,37
12987,4296,13,1,1849.34,62
12988,4297,162,4,91765.85,8
12989,4297,56,4,23622.11,65
12990,4297,133,1,4126.14,77
12991,4298,67,4,94052.48,32
12992,4298,183,1,1718.29,67
12993,4298,28,3,702.92,34
12994,4299,67,2,94052.48,27
12995,4300,180,4,308.9,50
12996,4300,158,3,1554.87,93
12997,4301,141,2,10789.69,66
12998,4302,45,5,9220.4,8
12999,4302,14,3,42582.22,55
13000,4302,126,3,52173.6,70
13001,4303,200,4,3212.97,82
13002,4304,151,1,92003.66,85
13003,4304,97,3,4030.37,93
13004,4304,145,4,3116.82,70
13005,4304,185,2,1085.28,72
13006,4304,189,1,2811.23,90
13007,4305,20,2,1317.81,94
13008,4305,17,3,4055.38,75
13009,4305,148,2,3368.6,21
13010,4306,67,5,94052.48,14
13011,4307,138,3,3632.53,20
13012,4308,185,5,1085.28,77
13013,4308,90,3,17430.69,64
13014,4308,103,1,1452.77,37
13015,4308,79,1,3269.81,36
13016,4308,7,1,1545.0,96
13017,4309,168,2,2536.06,65
13018,4310,144,4,382.9,73
13019,4310,182,5,29049.69,24
13020,4310,185,5,1085.28,15
13021,4311,200,2,3212.97,52
13022,4311,81,3,641.3,19
13023,4311,136,1,2848.35,15
13024,4312,1,1,253.9,13
13025,4312,54,-4,4173.59,38
13026,4313,120,2,67415.8,6
13027,4314,178,5,485.22,82
13028,4314,26,3,22441.58,89
13029,4314,27,3,3860.01,55
13030,4314,198,5,2694.15,64
13031,4314,32,5,3754.44,66
13032,4315,81,4,641.3,46
13033,4315,183,5,1718.29,38
13034,4315,107,5,5474.76,9
13035,4315,25,5,3779.14,18
13036,4316,1,2,253.9,76
13037,4316,169,1,7775.36,31
13038,4316,61,4,27642.73,58
13039,4316,125,3,800.11,77
13040,4317,86,4,29410.8,39
13041,4318,76,5,19136.21,15
13042,4318,118,3,2637.64,24
13043,4318,1,2,253.9,92
13044,4319,104,5,3389.18,83
13045,4320,43,1,98247.37,12
13046,4321,80,1,274.27,66
13047,4321,127,3,1797.09,17
13048,4322,119,1,35613.06,45
13049,4322,39,4,534.57,68
13050,4323,75,2,1758.88,37
13051,4323,178,2,485.22,69
13052,4324,181,1,3357.0,93
13053,4324,138,2,3632.53,18
13054,4324,74,3,245.13,50
13055,4325,32,4,3754.44,61
13056,4325,132,1,14673.24,80
13057,4326,127,2,1797.09,1
13058,4326,190,2,1227.09,40
13059,4327,45,3,9220.4,20
13060,4327,158,2,1554.87,68
13061,4328,99,4,8134.79,5
13062,4328,47,4,497.81,60
13063,4328,102,4,68170.84,3
13064,4328,192,3,7461.34,98
13065,4329,104,5,3389.18,93
13066,4329,184,2,19452.92,83
13067,4330,142,5,11700.98,63
13068,4330,186,4,4929.38,90
13069,4330,14,4,42582.22,60
13070,4330,77,3,1679.18,6
13071,4330,160,5,14389.43,89
13072,4331,105,4,2738.82,17
13073,4331,86,1,29410.8,5
13074,4331,103,4,1452.77,83
13075,4331,10,3,3469.21,22
13076,4332,137,1,14060.07,2
13077,4332,33,2,835.93,27
13078,4332,133,1,4126.14,47
13079,4333,180,1,308.9,88
13080,4334,58,4,2469.9,18
13081,4334,31,3,1292.25,59
13082,4334,3,2,52845.51,44
13083,4334,193,3,1383.66,23
13084,4334,100,4,2050.98,44
13085,4335,62,1,4101.85,55
13086,4335,6,5,63491.13,75
13087,4335,63,2,430.09,75
13088,4336,51,4,3521.45,55
13089,4336,91,2,4806.55,74
13090,4337,200,3,3212.97,89
13091,4337,125,2,800.11,28
13092,4337,68,5,1575.64,84
13093,4337,195,1,7327.29,70
13094,4337,45,2,9220.4,65
13095,4338,100,2,2050.98,48
13096,4338,157,2,3574.22,85
13097,4338,144,2,382.9,99
13098,4338,160,4,14389.43,70
13099,4338,196,4,2283.28,66
13100,4339,14,4,42582.22,94
13101,4340,147,3,772.56,23
13102,4341,142,-3,11700.98,58
13103,4341,44,2,70908.36,10
13104,4342,103,5,1452.77,77
13105,4342,114,3,12262.14,74
13106,4342,63,2,430.09,9
13107,4342,98,1,1260.01,92
13108,4342,121,4,1118.51,87
13109,4343,89,5,18350.3,23
13110,4343,154,1,1413.98,83
13111,4343,151,2,92003.66,40
13112,4343,44,2,70908.36,39
13113,4343,119,4,35613.06,92
13114,4344,142,3,11700.98,0
13115,4345,132,1,14673.24,63
13116,4345,7,4,1545.0,47
13117,4345,189,1,2811.23,92
13118,4345,23,5,317.81,70
13119,4346,58,5,2469.9,36
13120,4346,186,5,4929.38,78
13121,4346,83,5,18455.42,51
13122,4347,110,3,797.25,58
13123,4347,57,4,2504.37,64
13124,4348,166,4,2666.16,16
13125,4348,93,1,1383.07,30
13126,4348,190,5,1227.09,1
13127,4348,38,3,2266.82,74
13128,4349,62,1,4101.85,78
13129,4349,67,3,94052.48,70
13130,4349,87,3,68101.36,94
13131,4350,187,3,15169.68,95
13132,4350,134,2,389.01,20
13133,4350,75,3,1758.88,74
13134,4351,80,3,274.27,12
13135,4351,89,2,18350.3,24
13136,4351,137,1,14060.07,95
13137,4352,42,5,15510.68,8
13138,4352,179,3,2528.54,37
13139,4352,138,1,3632.53,74
13140,4353,172,2,16100.85,84
13141,4353,179,3,2528.54,14
13142,4353,198,1,2694.15,3
13143,4353,176,5,59597.44,52
13144,4354,158,3,1554.87,43
13145,4354,127,1,1797.09,86
13146,4354,197,2,964.09,54
13147,4354,2,2,59090.87,51
13148,4355,80,5,274.27,1
13149,4355,104,3,3389.18,93
13150,4355,122,1,2349.23,32
13151,4356,182,4,29049.69,30
13152,4357,195,2,7327.29,18
13153,4357,132,2,14673.24,33
13154,4357,138,2,3632.53,53
13155,4357,121,4,1118.51,64
13156,4358,126,1,52173.6,90
13157,4358,94,2,2140.24,86
13158,4358,42,2,15510.68,27
13159,4358,112,5,5163.37,14
13160,4359,57,5,2504.37,10
13161,4359,69,4,6749.31,8
13162,4360,52,5,3961.79,83
13163,4360,23,5,317.81,96
13164,4360,53,2,1750.15,45
13165,4360,103,3,1452.77,86
13166,4360,125,4,800.11,94
13167,4361,117,2,1769.76,15
13168,4361,41,1,79285.87,20
13169,4361,27,4,3860.01,95
13170,4362,55,5,1885.07,54
13171,4362,18,2,3084.08,96
13172,4362,168,4,2536.06,27
13173,4363,175,1,1171.69,39
13174,4364,126,2,52173.6,30
13175,4364,90,1,17430.69,2
13176,4364,187,5,15169.68,64
13177,4364,68,4,1575.64,20
13178,4364,167,2,693.18,6
13179,4365,144,3,382.9,100
13180,4365,62,5,4101.85,33
13181,4365,105,1,2738.82,3
13182,4365,122,2,2349.23,68
13183,4366,96,5,26794.28,2
13184,4367,138,4,3632.53,38
13185,4367,78,5,40123.29,47
13186,4368,37,1,3250.66,5
13187,4369,170,1,13731.85,64
13188,4369,128,2,5319.49,38
13189,4370,107,3,5474.76,3
13190,4371,109,1,3878.01,57
13191,4371,170,1,13731.85,17
13192,4371,7,5,1545.0,33
13193,4371,130,4,530.75,8
13194,4371,37,4,3250.66,81
13195,4372,69,4,6749.31,68
13196,4372,110,4,797.25,82
13197,4372,77,2,1679.18,23
13198,4372,176,1,59597.44,36
13199,4372,174,5,7801.61,77
13200,4373,3,4,52845.51,1
13201,4373,62,2,4101.85,85
13202,4373,96,2,26794.28,2
13203,4373,133,-3,4126.14,24
13204,4373,71,3,1994.84,85
13205,4374,144,3,382.9,27
13206,4374,190,2,1227.09,39
13207,4374,106,3,484.23,16
13208,4374,90,1,17430.69,5
13209,4375,21,3,4861.87,8
13210,4375,148,1,3368.6,2
13211,4375,182,3,29049.69,50
13212,4375,36,1,14186.62,8
13213,4376,131,3,14500.41,14
13214,4377,110,1,797.25,30
13215,4377,21,3,4861.87,46
13216,4378,154,4,1413.98,73
13217,4378,5,3,1198.16,17
13218,4378,89,1,18350.3,92
13219,4379,17,2,4055.38,87
13220,4379,142,2,11700.98,86
13221,4379,107,2,5474.76,76
13222,4379,157,3,3574.22,54
13223,4380,61,2,27642.73,84
13224,4380,119,1,35613.06,62
13225,4380,18,4,3084.08,99
13226,4380,55,1,1885.07,90
13227,4381,18,5,3084.08,97
13228,4381,79,5,3269.81,74
13229,4381,128,5,5319.49,63
13230,4381,132,5,14673.24,58
13231,4381,17,4,4055.38,54
13232,4382,55,4,1885.07,47
13233,4382,18,1,3084.08,27
13234,4382,194,5,464.22,61
13235,4382,103,4,1452.77,84
13236,4383,79,2,3269.81,27
13237,4384,80,5,274.27,10
13238,4384,85,5,2290.94,73
13239,4384,1,2,253.9,78
13240,4384,179,4,2528.54,82
13241,4384,48,2,17690.82,5
13242,4385,6,5,63491.13,60
13243,4385,101,2,24788.51,4
13244,4385,196,3,2283.28,46
13245,4386,45,5,9220.4,32
13246,4387,199,3,702.8,94
13247,4387,1,5,253.9,52
13248,4387,34,5,3262.67,10
13249,4388,8,2,4278.68,35
13250,4388,136,1,2848.35,68
13251,4388,142,5,11700.98,87
13252,4388,55,1,1885.07,63
13253,4389,179,4,2528.54,99
13254,4389,85,3,2290.94,93
13255,4389,133,1,4126.14,31
13256,4389,173,1,14158.62,44
13257,4389,41,4,79285.87,40
13258,4390,7,3,1545.0,79
13259,4390,6,2,63491.13,72
13260,4390,98,1,1260.01,98
13261,4390,68,5,1575.64,81
13262,4390,85,3,2290.94,30
13263,4391,150,2,22291.25,4
13264,4391,123,3,2794.3,35
13265,4391,54,3,4173.59,76
13266,4391,59,-2,1243.65,98
13267,4392,112,5,5163.37,23
13268,4392,131,4,14500.41,10
13269,4393,188,3,41686.05,32
13270,4393,195,1,7327.29,52
13271,4393,130,2,530.75,66
13272,4393,46,3,6493.42,53
13273,4393,79,4,3269.81,1
13274,4394,151,1,92003.66,94
13275,4394,146,4,1205.79,81
13276,4395,11,3,763.98,25
13277,4396,137,5,14060.07,84
13278,4396,185,-3,1085.28,23
13279,4396,200,1,3212.97,87
13280,4396,9,3,26698.69,45
13281,4397,150,3,22291.25,96
13282,4397,121,2,1118.51,86
13283,4397,157,3,3574.22,34
13284,4398,88,1,7189.72,57
13285,4398,163,5,33147.7,90
13286,4398,128,5,5319.49,86
13287,4399,94,4,2140.24,59
13288,4399,177,5,3546.32,67
13289,4399,176,5,59597.44,75
13290,4399,30,2,1221.85,82
13291,4400,2,1,59090.87,97
13292,4400,119,1,35613.06,94
13293,4401,132,4,14673.24,99
13294,4402,121,1,1118.51,35
13295,4402,139,1,7772.31,98
13296,4403,156,3,3615.3,63
13297,4403,70,1,5396.07,15
13298,4403,150,2,22291.25,37
13299,4403,129,4,4097.17,13
13300,4403,152,4,9297.38,46
13301,4404,199,5,702.8,88
13302,4404,168,1,2536.06,35
13303,4404,153,1,98307.89,2
13304,4404,175,3,1171.69,70
13305,4405,146,4,1205.79,61
13306,4405,40,1,6624.33,66
13307,4405,166,-4,2666.16,32
13308,4405,192,3,7461.34,19
13309,4406,197,2,964.09,98
13310,4406,119,3,35613.06,38
13311,4406,81,4,641.3,7
13312,4406,150,3,22291.25,72
13313,4407,198,4,2694.15,60
13314,4407,14,1,42582.22,14
13315,4407,114,1,12262.14,15
13316,4407,189,5,2811.23,59
13317,4407,194,4,464.22,99
13318,4408,17,2,4055.38,31
13319,4409,8,3,4278.68,59
13320,4409,39,1,534.57,88
13321,4410,93,3,1383.07,28
13322,4410,27,1,3860.01,59
13323,4410,14,2,42582.22,17
13324,4411,50,4,3979.14,84
13325,4411,24,4,2479.74,98
13326,4411,99,5,8134.79,72
13327,4412,192,4,7461.34,84
13328,4412,82,3,2740.6,76
13329,4412,28,1,702.92,96
13330,4412,179,2,2528.54,81
13331,4412,56,1,23622.11,33
13332,4413,154,5,1413.98,12
13333,4413,171,4,5623.35,56
13334,4414,102,5,68170.84,94
13335,4414,35,5,3131.28,75
13336,4414,131,5,14500.41,18
13337,4414,93,3,1383.07,51
13338,4414,5,-5,1198.16,20
13339,4415,66,4,6345.81,2
13340,4415,49,3,2142.2,67
13341,4415,136,1,2848.35,13
13342,4416,183,1,1718.29,11
13343,4416,36,5,14186.62,54
13344,4417,109,2,3878.01,17
13345,4417,153,2,98307.89,10
13346,4417,170,3,13731.85,45
13347,4418,33,3,835.93,12
13348,4418,95,5,29603.95,100
13349,4418,141,1,10789.69,21
13350,4418,157,4,3574.22,47
13351,4419,126,1,52173.6,60
13352,4419,143,1,7284.34,2
13353,4419,41,2,79285.87,34
13354,4419,190,2,1227.09,97
13355,4419,131,4,14500.41,34
13356,4420,15,2,17548.6,45
13357,4420,12,4,37578.36,87
13358,4421,14,3,42582.22,3
13359,4421,112,-3,5163.37,26
13360,4421,37,4,3250.66,17
13361,4421,110,3,797.25,11
13362,4422,17,2,4055.38,15
13363,4422,8,1,4278.68,43
13364,4423,78,1,40123.29,81
13365,4423,59,1,1243.65,14
13366,4423,197,5,964.09,3
13367,4424,20,1,1317.81,48
13368,4424,165,1,2338.31,62
13369,4425,94,2,2140.24,94
13370,4426,51,5,3521.45,26
13371,4426,47,1,497.81,100
13372,4426,52,1,3961.79,46
13373,4426,62,2,4101.85,22
13374,4427,46,3,6493.42,33
13375,4428,128,4,5319.49,100
13376,4428,47,4,497.81,83
13377,4429,179,3,2528.54,25
13378,4429,95,5,29603.95,33
13379,4430,77,3,1679.18,99
13380,4430,188,4,41686.05,15
13381,4431,85,4,2290.94,13
13382,4432,24,5,2479.74,73
13383,4432,3,5,52845.51,39
13384,4432,47,3,497.81,94
13385,4433,183,4,1718.29,89
13386,4433,45,1,9220.4,68
13387,4434,170,3,13731.85,40
13388,4434,53,2,1750.15,56
13389,4434,21,3,4861.87,68
13390,4435,148,4,3368.6,67
13391,4435,176,2,59597.44,92
13392,4436,28,3,702.92,7
13393,4436,162,5,91765.85,13
13394,4436,125,3,800.11,78
13395,4436,175,5,1171.69,84
13396,4436,196,3,2283.28,4
13397,4437,193,2,1383.66,17
13398,4437,151,2,92003.66,44
13399,4438,58,3,2469.9,75
13400,4438,99,2,8134.79,44
13401,4438,134,5,389.01,7
13402,4438,120,2,67415.8,85
13403,4438,41,3,79285.87,82
13404,4439,166,5,2666.16,66
13405,4439,14,1,42582.22,43
13406,4440,37,4,3250.66,40
13407,4441,28,4,702.92,91
13408,4442,42,-1,15510.68,74
13409,4442,26,4,22441.58,27
13410,4442,37,3,3250.66,33
13411,4442,25,3,3779.14,16
13412,4442,7,3,1545.0,23
13413,4443,126,4,52173.6,63
13414,4443,38,4,2266.82,61
13415,4443,84,3,529.09,36
13416,4444,101,5,24788.51,49
13417,4444,157,3,3574.22,75
13418,4444,1,2,253.9,4
13419,4445,99,4,8134.79,36
13420,4445,185,1,1085.28,6
13421,4445,163,4,33147.7,1
13422,4446,176,5,59597.44,68
13423,4446,2,5,59090.87,17
13424,4446,168,4,2536.06,38
13425,4446,74,5,245.13,55
13426,4447,83,4,18455.42,46
13427,4447,106,3,484.23,26
13428,4448,12,4,37578.36,75
13429,4448,98,2,1260.01,100
13430,4448,189,5,2811.23,45
13431,4448,165,3,2338.31,83
13432,4449,47,1,497.81,74
13433,4449,131,1,14500.41,17
13434,4449,155,1,896.22,2
13435,4449,18,3,3084.08,3
13436,4450,138,2,3632.53,46
13437,4450,132,3,14673.24,45
13438,4450,100,2,2050.98,77
13439,4450,86,4,29410.8,5
13440,4451,175,4,1171.69,7
13441,4452,124,5,2030.13,28
13442,4452,196,2,2283.28,80
13443,4452,10,3,3469.21,59
13444,4452,34,1,3262.67,56
13445,4452,44,5,70908.36,18
13446,4453,176,2,59597.44,46
13447,4453,107,-1,5474.76,90
13448,4453,17,4,4055.38,37
13449,4453,2,2,59090.87,15
13450,4454,110,1,797.25,27
13451,4454,78,2,40123.29,47
13452,4454,74,1,245.13,83
13453,4454,77,2,1679.18,95
13454,4455,88,-3,7189.72,31
13455,4455,187,5,15169.68,65
13456,4455,52,5,3961.79,33
13457,4455,196,3,2283.28,19
13458,4455,36,4,14186.62,71
13459,4456,75,3,1758.88,19
13460,4456,176,2,59597.44,54
13461,4456,62,1,4101.85,100
13462,4456,168,4,2536.06,75
13463,4456,99,3,8134.79,72
13464,4457,94,3,2140.24,43
13465,4457,82,3,2740.6,77
13466,4457,76,3,19136.21,91
13467,4457,32,5,3754.44,45
13468,4458,125,5,800.11,14
13469,4458,195,2,7327.29,57
13470,4458,103,2,1452.77,92
13471,4458,4,1,18013.15,63
13472,4459,151,2,92003.66,56
13473,4459,150,1,22291.25,67
13474,4459,25,2,3779.14,16
13475,4460,90,3,17430.69,3
13476,4460,119,2,35613.06,27
13477,4461,191,2,1754.06,50
13478,4461,154,2,1413.98,60
13479,4461,195,4,7327.29,13
13480,4461,161,4,3019.49,52
13481,4461,170,3,13731.85,90
13482,4462,139,3,7772.31,5
13483,4463,189,-4,2811.23,43
13484,4463,63,3,430.09,12
13485,4463,69,1,6749.31,20
13486,4464,45,4,9220.4,29
13487,4464,86,5,29410.8,10
13488,4464,114,1,12262.14,2
13489,4464,127,3,1797.09,0
13490,4464,55,2,1885.07,90
13491,4465,67,5,94052.48,91
13492,4465,185,5,1085.28,20
13493,4466,134,4,389.01,99
13494,4467,29,3,4216.76,75
13495,4467,2,3,59090.87,21
13496,4467,9,5,26698.69,91
13497,4468,40,4,6624.33,99
13498,4468,188,4,41686.05,62
13499,4469,65,3,8962.94,23
13500,4469,9,2,26698.69,79
13501,4469,117,2,1769.76,40
13502,4469,32,3,3754.44,27
13503,4470,61,4,27642.73,24
13504,4470,72,2,199.64,91
13505,4471,114,5,12262.14,27
13506,4471,161,5,3019.49,53
13507,4471,55,5,1885.07,23
13508,4471,65,1,8962.94,44
13509,4472,196,1,2283.28,1
13510,4473,186,4,4929.38,0
13511,4473,39,4,534.57,56
13512,4474,61,1,27642.73,32
13513,4474,65,2,8962.94,80
13514,4475,57,5,2504.37,49
13515,4475,136,5,2848.35,85
13516,4475,39,4,534.57,43
13517,4476,76,4,19136.21,8
13518,4476,126,3,52173.6,45
13519,4477,57,2,2504.37,14
13520,4477,125,1,800.11,45
13521,4477,86,2,29410.8,0
13522,4477,95,5,29603.95,72
13523,4478,10,2,3469.21,8
13524,4478,101,5,24788.51,58
13525,4478,108,2,3065.18,3
13526,4478,18,5,3084.08,46
13527,4478,149,1,3551.09,60
13528,4479,152,2,9297.38,29
13529,4479,64,4,93117.18,57
13530,4479,69,2,6749.31,13
13531,4479,85,2,2290.94,78
13532,4479,184,4,19452.92,24
13533,4480,160,1,14389.43,94
13534,4480,91,3,4806.55,66
13535,4480,55,3,1885.07,6
13536,4481,179,4,2528.54,85
13537,4481,174,3,7801.61,77
13538,4482,150,5,22291.25,19
13539,4483,65,5,8962.94,91
13540,4483,59,1,1243.65,0
13541,4483,168,5,2536.06,7
13542,4483,171,4,5623.35,19
13543,4484,78,1,40123.29,71
13544,4484,15,4,17548.6,10
13545,4485,140,1,3878.75,66
13546,4485,28,5,702.92,96
13547,4486,152,3,9297.38,23
13548,4486,160,2,14389.43,76
13549,4486,71,3,1994.84,72
13550,4487,14,1,42582.22,16
13551,4487,197,2,964.09,26
13552,4487,154,1,1413.98,41
13553,4487,53,5,1750.15,99
13554,4488,43,5,98247.37,92
13555,4488,101,4,24788.51,44
13556,4488,148,1,3368.6,58
13557,4488,200,3,3212.97,57
13558,4488,95,5,29603.95,3
13559,4489,67,2,94052.48,25
13560,4489,74,1,245.13,70
13561,4490,155,5,896.22,7
13562,4490,41,4,79285.87,0
13563,4490,193,5,1383.66,36
13564,4490,58,1,2469.9,59
13565,4490,25,3,3779.14,1
13566,4491,197,3,964.09,15
13567,4491,181,2,3357.0,3
13568,4492,102,4,68170.84,65
13569,4493,48,4,17690.82,63
13570,4493,136,3,2848.35,66
13571,4493,24,4,2479.74,41
13572,4493,72,3,199.64,87
13573,4493,156,5,3615.3,43
13574,4494,187,5,15169.68,43
13575,4495,173,1,14158.62,38
13576,4495,69,3,6749.31,5
13577,4495,186,3,4929.38,79
13578,4495,3,4,52845.51,22
13579,4495,55,2,1885.07,50
13580,4496,47,5,497.81,37
13581,4496,185,4,1085.28,16
13582,4496,78,4,40123.29,22
13583,4496,6,5,63491.13,54
13584,4497,190,1,1227.09,69
13585,4497,186,1,4929.38,36
13586,4497,133,2,4126.14,5
13587,4498,195,2,7327.29,83
13588,4498,25,5,3779.14,34
13589,4498,129,3,4097.17,5
13590,4499,68,4,1575.64,18
13591,4499,54,-1,4173.59,62
13592,4499,65,4,8962.94,33
13593,4500,45,3,9220.4,77
13594,4500,62,2,4101.85,73
13595,4501,53,1,1750.15,54
13596,4501,164,4,2495.26,57
13597,4501,104,-3,3389.18,4
13598,4502,53,5,1750.15,86
13599,4502,26,-5,22441.58,86
13600,4502,37,4,3250.66,72
13601,4502,76,5,19136.21,94
13602,4503,131,5,14500.41,40
13603,4503,155,4,896.22,34
13604,4503,57,5,2504.37,9
13605,4504,55,1,1885.07,50
13606,4505,119,4,35613.06,82
13607,4505,136,2,2848.35,54
13608,4505,133,3,4126.14,11
13609,4505,53,5,1750.15,57
13610,4506,39,2,534.57,83
13611,4506,55,5,1885.07,57
13612,4506,107,5,5474.76,78
13613,4506,181,3,3357.0,27
13614,4506,87,4,68101.36,60
13615,4507,181,1,3357.0,20
13616,4508,180,5,308.9,27
13617,4508,6,1,63491.13,55
13618,4508,133,3,4126.14,45
13619,4509,153,5,98307.89,18
13620,4509,85,3,2290.94,31
13621,4509,18,4,3084.08,69
13622,4509,114,1,12262.14,34
13623,4509,60,4,1918.94,0
13624,4510,177,1,3546.32,61
13625,4510,92,5,12217.22,25
13626,4510,35,4,3131.28,44
13627,4511,120,5,67415.8,57
13628,4512,64,4,93117.18,100
13629,4512,189,5,2811.23,22
13630,4512,43,4,98247.37,89
13631,4513,184,2,19452.92,96
13632,4513,156,1,3615.3,99
13633,4513,48,2,17690.82,85
13634,4513,190,2,1227.09,60
13635,4513,149,2,3551.09,43
13636,4514,168,1,2536.06,18
13637,4514,73,3,7599.51,49
13638,4514,18,4,3084.08,23
13639,4514,141,1,10789.69,19
13640,4515,91,1,4806.55,3
13641,4515,86,5,29410.8,99
13642,4516,26,4,22441.58,84
13643,4516,78,5,40123.29,73
13644,4516,84,3,529.09,100
13645,4517,148,1,3368.6,47
13646,4517,140,2,3878.75,18
13647,4517,24,3,2479.74,23
13648,4517,63,3,430.09,99
13649,4517,40,4,6624.33,48
13650,4518,108,1,3065.18,74
13651,4519,109,1,3878.01,42
13652,4519,73,4,7599.51,68
13653,4519,97,2,4030.37,52
13654,4519,64,5,93117.18,5
13655,4519,72,2,199.64,3
13656,4520,175,3,1171.69,9
13657,4520,27,2,3860.01,81
13658,4521,4,3,18013.15,83
13659,4521,110,2,797.25,16
13660,4521,15,5,17548.6,65
13661,4521,23,3,317.81,55
13662,4522,32,3,3754.44,78
13663,4522,89,5,18350.3,56
13664,4522,130,4,530.75,3
13665,4522,158,4,1554.87,5
13666,4522,50,4,3979.14,5
13667,4523,199,4,702.8,34
13668,4524,88,-1,7189.72,35
13669,4524,71,2,1994.84,31
13670,4524,123,4,2794.3,4
13671,4524,97,1,4030.37,100
13672,4525,37,5,3250.66,10
13673,4525,172,4,16100.85,39
13674,4525,180,3,308.9,25
13675,4526,15,5,17548.6,56
13676,4526,29,1,4216.76,84
13677,4526,1,4,253.9,30
13678,4526,159,5,314.46,89
13679,4527,44,4,70908.36,23
13680,4527,141,1,10789.69,45
13681,4527,177,4,3546.32,90
13682,4527,182,4,29049.69,38
13683,4528,191,3,1754.06,32
13684,4529,65,5,8962.94,55
13685,4529,14,4,42582.22,15
13686,4529,150,5,22291.25,19
13687,4530,23,5,317.81,92
13688,4530,112,4,5163.37,39
13689,4530,80,1,274.27,35
13690,4531,120,4,67415.8,64
13691,4531,147,3,772.56,29
13692,4532,164,3,2495.26,13
13693,4533,60,5,1918.94,64
13694,4533,49,-4,2142.2,22
13695,4533,84,4,529.09,26
13696,4533,47,3,497.81,87
13697,4533,57,5,2504.37,22
13698,4534,85,2,2290.94,17
13699,4535,109,2,3878.01,73
13700,4535,2,5,59090.87,67
13701,4536,51,1,3521.45,40
13702,4536,164,-5,2495.26,100
13703,4537,186,1,4929.38,59
13704,4538,99,2,8134.79,17
13705,4539,14,3,42582.22,91
13706,4540,200,5,3212.97,33
13707,4540,115,3,729.43,53
13708,4540,87,4,68101.36,61
13709,4541,5,-3,1198.16,85
13710,4542,5,1,1198.16,93
13711,4542,178,4,485.22,83
13712,4542,94,4,2140.24,49
13713,4543,38,3,2266.82,40
13714,4544,24,5,2479.74,75
13715,4544,154,2,1413.98,73
13716,4544,182,1,29049.69,12
13717,4544,88,4,7189.72,87
13718,4545,148,3,3368.6,56
13719,4545,102,4,68170.84,62
13720,4545,170,4,13731.85,96
13721,4546,32,3,3754.44,60
13722,4546,101,4,24788.51,49
13723,4546,36,4,14186.62,32
13724,4546,70,4,5396.07,50
13725,4547,88,5,7189.72,45
13726,4548,146,1,1205.79,64
13727,4548,145,3,3116.82,82
13728,4549,145,5,3116.82,55
13729,4549,92,3,12217.22,42
13730,4550,11,2,763.98,9
13731,4550,135,4,802.55,46
13732,4550,176,1,59597.44,36
13733,4551,11,5,763.98,68
13734,4551,191,5,1754.06,63
13735,4551,7,5,1545.0,17
13736,4551,122,5,2349.23,71
13737,4551,159,5,314.46,62
13738,4552,93,4,1383.07,46
13739,4552,21,3,4861.87,94
13740,4553,160,2,14389.43,21
13741,4553,142,1,11700.98,55
13742,4553,54,1,4173.59,87
13743,4554,81,3,641.3,88
13744,4554,73,1,7599.51,53
13745,4554,158,5,1554.87,21
13746,4554,171,5,5623.35,68
13747,4554,170,4,13731.85,100
13748,4555,61,5,27642.73,55
13749,4555,92,3,12217.22,4
13750,4556,35,4,3131.28,61
13751,4557,26,3,22441.58,53
13752,4557,54,4,4173.59,25
13753,4558,185,1,1085.28,31
13754,4558,151,2,92003.66,11
13755,4558,116,3,3192.27,31
13756,4558,190,1,1227.09,24
13757,4558,160,1,14389.43,69
13758,4559,68,5,1575.64,30
13759,4559,131,2,14500.41,2
13760,4560,40,-1,6624.33,14
13761,4561,51,3,3521.45,85
13762,4561,172,1,16100.85,51
13763,4561,100,3,2050.98,32
13764,4561,138,5,3632.53,68
13765,4561,84,3,529.09,43
13766,4562,94,-4,2140.24,40
13767,4562,115,3,729.43,17
13768,4562,20,3,1317.81,45
13769,4562,33,2,835.93,72
13770,4562,89,4,18350.3,13
13771,4563,5,1,1198.16,35
13772,4563,180,-2,308.9,52
13773,4563,149,5,3551.09,58
13774,4564,48,3,17690.82,58
13775,4564,96,5,26794.28,27
13776,4564,111,3,7723.9,9
13777,4565,165,5,2338.31,69
13778,4565,118,2,2637.64,83
13779,4565,71,5,1994.84,58
13780,4565,76,1,19136.21,84
13781,4566,170,3,13731.85,44
13782,4566,11,4,763.98,54
13783,4567,160,4,14389.43,31
13784,4567,66,2,6345.81,69
13785,4567,62,5,4101.85,45
13786,4567,11,5,763.98,55
13787,4567,194,3,464.22,8
13788,4568,164,5,2495.26,18
13789,4568,63,3,430.09,87
13790,4568,118,4,2637.64,5
13791,4568,195,1,7327.29,76
13792,4569,121,5,1118.51,14
13793,4569,53,4,1750.15,16
13794,4569,90,3,17430.69,54
13795,4569,63,5,430.09,39
13796,4569,175,4,1171.69,53
13797,4570,54,5,4173.59,25
13798,4570,5,4,1198.16,87
13799,4571,50,3,3979.14,17
13800,4571,186,4,4929.38,67
13801,4571,90,3,17430.69,14
13802,4571,119,4,35613.06,75
13803,4571,100,4,2050.98,24
13804,4572,50,4,3979.14,72
13805,4572,100,5,2050.98,6
13806,4572,188,1,41686.05,0
13807,4572,11,2,763.98,83
13808,4573,153,1,98307.89,77
13809,4573,84,1,529.09,86
13810,4573,24,5,2479.74,40
13811,4573,63,2,430.09,1
13812,4574,48,-5,17690.82,84
13813,4574,176,4,59597.44,20
13814,4575,137,2,14060.07,15
13815,4576,64,1,93117.18,73
13816,4576,59,1,1243.65,81
13817,4576,113,3,3469.53,45
13818,4577,125,2,800.11,39
13819,4577,67,3,94052.48,53
13820,4577,2,2,59090.87,19
13821,4577,61,1,27642.73,12
13822,4578,174,3,7801.61,54
13823,4578,195,4,7327.29,27
13824,4578,93,2,1383.07,77
13825,4578,193,2,1383.66,86
13826,4579,29,1,4216.76,66
13827,4579,70,2,5396.07,36
13828,4579,193,2,1383.66,93
13829,4580,119,4,35613.06,16
13830,4580,115,3,729.43,30
13831,4581,121,1,1118.51,35
13832,4581,136,1,2848.35,30
13833,4581,31,1,1292.25,82
13834,4581,42,4,15510.68,40
13835,4581,102,3,68170.84,76
13836,4582,183,3,1718.29,8
13837,4582,67,3,94052.48,20
13838,4582,40,1,6624.33,18
13839,4582,78,3,40123.29,67
13840,4582,162,3,91765.85,24
13841,4583,36,-1,14186.62,62
13842,4583,78,3,40123.29,47
13843,4583,122,1,2349.23,97
13844,4584,67,2,94052.48,94
13845,4584,53,2,1750.15,23
13846,4584,143,5,7284.34,6
13847,4584,77,5,1679.18,81
13848,4584,179,5,2528.54,77
13849,4585,15,1,17548.6,17
13850,4585,41,3,79285.87,34
13851,4585,127,1,1797.09,38
13852,4585,116,2,3192.27,11
13853,4586,42,5,15510.68,1
13854,4587,173,4,14158.62,12
13855,4587,87,5,68101.36,22
13856,4587,85,2,2290.94,86
13857,4587,126,3,52173.6,89
13858,4588,120,2,67415.8,96
13859,4588,17,4,4055.38,60
13860,4589,156,4,3615.3,55
13861,4589,64,3,93117.18,43
13862,4590,162,4,91765.85,50
13863,4590,105,1,2738.82,56
13864,4590,100,2,2050.98,56
13865,4591,100,4,2050.98,28
13866,4591,13,3,1849.34,41
13867,4591,95,3,29603.95,71
13868,4592,165,3,2338.31,59
13869,4593,14,2,42582.22,49
13870,4594,159,4,314.46,13
13871,4594,56,3,23622.11,87
13872,4594,39,2,534.57,74
13873,4594,163,2,33147.7,98
13874,4595,158,2,1554.87,77
13875,4595,194,3,464.22,22
13876,4595,115,4,729.43,90
13877,4595,143,1,7284.34,17
13878,4595,121,1,1118.51,44
13879,4596,27,1,3860.01,26
13880,4597,125,2,800.11,81
13881,4597,52,2,3961.79,72
13882,4597,158,1,1554.87,55
13883,4598,41,4,79285.87,79
13884,4598,63,5,430.09,78
13885,4599,130,5,530.75,23
13886,4599,94,3,2140.24,57
13887,4599,146,4,1205.79,24
13888,4600,135,5,802.55,8
13889,4600,91,2,4806.55,77
13890,4601,170,1,13731.85,28
13891,4601,152,4,9297.38,14
13892,4601,199,5,702.8,14
13893,4601,132,2,14673.24,56
13894,4601,183,3,1718.29,76
13895,4602,176,5,59597.44,89
13896,4602,108,3,3065.18,40
13897,4603,122,1,2349.23,36
13898,4603,68,2,1575.64,10
13899,4603,144,1,382.9,53
13900,4603,19,2,8561.48,22
13901,4604,152,4,9297.38,83
13902,4605,150,5,22291.25,11
13903,4605,100,1,2050.98,0
13904,4605,47,3,497.81,32
13905,4606,28,4,702.92,32
13906,4606,144,2,382.9,50
13907,4607,183,3,1718.29,32
13908,4607,143,2,7284.34,20
13909,4607,165,5,2338.31,53
13910,4608,31,1,1292.25,32
13911,4608,98,2,1260.01,20
13912,4608,183,1,1718.29,80
13913,4608,125,1,800.11,59
13914,4608,97,2,4030.37,21
13915,4609,136,-4,2848.35,91
13916,4609,131,5,14500.41,30
13917,4609,73,3,7599.51,20
13918,4609,38,4,2266.82,65
13919,4610,129,5,4097.17,57
13920,4611,118,3,2637.64,85
13921,4611,169,4,7775.36,13
13922,4611,196,1,2283.28,77
13923,4611,143,2,7284.34,24
13924,4611,26,5,22441.58,96
13925,4612,50,2,3979.14,5
13926,4612,118,1,2637.64,5
13927,4612,200,5,3212.97,5
13928,4613,92,4,12217.22,27
13929,4614,70,3,5396.07,65
13930,4614,185,4,1085.28,82
13931,4615,126,4,52173.6,42
13932,4615,91,3,4806.55,51
13933,4615,42,3,15510.68,70
13934,4615,111,4,7723.9,15
13935,4616,195,2,7327.29,70
13936,4616,44,3,70908.36,59
13937,4616,149,1,3551.09,30
13938,4616,159,3,314.46,35
13939,4617,95,2,29603.95,28
13940,4617,113,2,3469.53,91
13941,4617,133,3,4126.14,48
13942,4617,187,3,15169.68,83
13943,4618,184,5,19452.92,36
13944,4618,193,-1,1383.66,42
13945,4618,180,3,308.9,95
13946,4618,34,4,3262.67,94
13947,4619,159,-3,314.46,15
13948,4619,107,4,5474.76,40
13949,4620,21,2,4861.87,40
13950,4620,119,1,35613.06,65
13951,4620,127,3,1797.09,13
13952,4620,104,4,3389.18,50
13953,4621,31,4,1292.25,45
13954,4621,39,5,534.57,46
13955,4621,183,5,1718.29,52
13956,4621,96,3,26794.28,52
13957,4621,61,1,27642.73,5
13958,4622,102,2,68170.84,57
13959,4622,41,3,79285.87,19
13960,4623,106,5,484.23,50
13961,4623,161,3,3019.49,66
13962,4624,187,2,15169.68,11
13963,4624,98,1,1260.01,72
13964,4624,64,2,93117.18,23
13965,4625,138,3,3632.53,11
13966,4625,80,3,274.27,43
13967,4626,47,4,497.81,75
13968,4626,102,3,68170.84,92
13969,4626,160,2,14389.43,58
13970,4627,5,2,1198.16,62
13971,4627,131,4,14500.41,52
13972,4628,166,3,2666.16,8
13973,4629,26,2,22441.58,54
13974,4629,192,3,7461.34,27
13975,4629,58,1,2469.9,23
13976,4630,50,4,3979.14,5
13977,4630,10,5,3469.21,9
13978,4630,2,2,59090.87,62
13979,4630,114,2,12262.14,22
13980,4630,155,5,896.22,71
13981,4631,27,1,3860.01,2
13982,4631,195,5,7327.29,99
13983,4632,182,3,29049.69,81
13984,4632,16,2,1945.54,39
13985,4633,174,5,7801.61,19
13986,4633,167,2,693.18,77
13987,4634,125,1,800.11,11
13988,4634,187,3,15169.68,72
13989,4634,109,4,3878.01,17
13990,4635,115,3,729.43,3
13991,4635,120,4,67415.8,55
13992,4635,175,5,1171.69,42
13993,4635,30,2,1221.85,77
13994,4635,37,-1,3250.66,69
13995,4636,140,5,3878.75,27
13996,4636,84,3,529.09,96
13997,4636,56,4,23622.11,51
13998,4636,179,4,2528.54,87
13999,4637,5,1,1198.16,6
14000,4637,82,4,2740.6,64
14001,4637,46,2,6493.42,39
14002,4637,42,3,15510.68,51
14003,4637,95,4,29603.95,50
14004,4638,18,5,3084.08,39
14005,4638,95,5,29603.95,28
14006,4638,146,4,1205.79,87
14007,4638,104,1,3389.18,87
14008,4639,199,-3,702.8,26
14009,4639,33,5,835.93,52
14010,4639,72,5,199.64,20
14011,4639,89,3,18350.3,93
14012,4639,37,1,3250.66,67
14013,4640,183,3,1718.29,74
14014,4640,144,2,382.9,42
14015,4640,88,4,7189.72,21
14016,4641,96,4,26794.28,23
14017,4641,183,4,1718.29,48
14018,4641,81,5,641.3,96
14019,4641,23,2,317.81,26
14020,4641,84,2,529.09,41
14021,4642,162,2,91765.85,62
14022,4642,11,2,763.98,80
14023,4642,68,3,1575.64,91
14024,4642,73,4,7599.51,69
14025,4643,76,2,19136.21,60
14026,4643,96,1,26794.28,93
14027,4643,141,3,10789.69,59
14028,4643,127,2,1797.09,24
14029,4643,152,-2,9297.38,32
14030,4644,154,4,1413.98,53
14031,4644,99,4,8134.79,13
14032,4644,200,1,3212.97,45
14033,4645,143,3,7284.34,76
14034,4646,196,1,2283.28,69
14035,4646,129,1,4097.17,48
14036,4646,33,5,835.93,50
14037,4646,25,2,3779.14,64
14038,4647,72,4,199.64,96
14039,4647,23,5,317.81,89
14040,4647,105,5,2738.82,60
14041,4647,28,5,702.92,21
14042,4647,150,3,22291.25,32
14043,4648,14,3,42582.22,2
14044,4648,78,2,40123.29,87
14045,4648,77,5,1679.18,46
14046,4648,2,1,59090.87,66
14047,4648,168,4,2536.06,79
14048,4649,122,4,2349.23,11
14049,4649,103,2,1452.77,85
14050,4649,96,3,26794.28,34
14051,4650,139,-5,7772.31,69
14052,4651,127,2,1797.09,12
14053,4651,107,5,5474.76,31
14054,4652,44,1,70908.36,15
14055,4652,114,4,12262.14,74
14056,4652,6,2,63491.13,34
14057,4652,99,4,8134.79,53
14058,4652,4,5,18013.15,8
14059,4653,89,2,18350.3,63
14060,4653,27,4,3860.01,77
14061,4654,107,5,5474.76,70
14062,4654,165,1,2338.31,11
14063,4655,38,2,2266.82,3
14064,4655,190,1,1227.09,49
14065,4656,16,1,1945.54,64
14066,4656,148,3,3368.6,23
14067,4657,144,1,382.9,80
14068,4658,173,2,14158.62,74
14069,4658,146,1,1205.79,46
14070,4659,105,2,2738.82,9
14071,4659,36,2,14186.62,31
14072,4660,159,2,314.46,86
14073,4660,95,1,29603.95,37
14074,4660,82,1,2740.6,75
14075,4660,193,5,1383.66,22
14076,4661,107,2,5474.76,62
14077,4662,129,2,4097.17,31
14078,4663,147,5,772.56,76
14079,4664,135,4,802.55,23
14080,4664,100,1,2050.98,14
14081,4664,145,2,3116.82,79
14082,4664,49,3,2142.2,77
14083,4665,88,-2,7189.72,12
14084,4666,122,4,2349.23,81
14085,4666,115,3,729.43,51
14086,4666,130,5,530.75,89
14087,4666,103,1,1452.77,0
14088,4667,74,1,245.13,83
14089,4668,151,1,92003.66,59
14090,4668,135,4,802.55,43
14091,4668,140,2,3878.75,96
14092,4668,163,2,33147.7,37
14093,4668,79,3,3269.81,67
14094,4669,188,-3,41686.05,27
14095,4669,71,5,1994.84,99
14096,4670,106,1,484.23,47
14097,4670,128,1,5319.49,40
14098,4670,198,3,2694.15,92
14099,4670,78,4,40123.29,38
14100,4671,162,5,91765.85,14
14101,4671,113,1,3469.53,59
14102,4671,30,1,1221.85,91
14103,4671,125,5,800.11,57
14104,4672,193,2,1383.66,61
14105,4673,144,5,382.9,23
14106,4673,9,1,26698.69,32
14107,4674,98,1,1260.01,79
14108,4675,69,5,6749.31,1
14109,4675,131,5,14500.41,93
14110,4676,39,3,534.57,80
14111,4676,183,5,1718.29,82
14112,4677,140,2,3878.75,26
14113,4678,177,1,3546.32,48
14114,4678,37,1,3250.66,3
14115,4679,134,5,389.01,90
14116,4679,103,2,1452.77,22
14117,4679,122,3,2349.23,89
14118,4680,11,5,763.98,29
14119,4681,145,3,3116.82,23
14120,4681,180,4,308.9,49
14121,4682,50,3,3979.14,18
14122,4682,178,1,485.22,20
14123,4683,39,2,534.57,14
14124,4684,58,4,2469.9,59
14125,4685,126,3,52173.6,92
14126,4685,3,3,52845.51,21
14127,4685,184,5,19452.92,95
14128,4685,93,2,1383.07,21
14129,4685,165,4,2338.31,63
14130,4686,69,1,6749.31,95
14131,4687,136,4,2848.35,57
14132,4688,102,1,68170.84,14
14133,4688,174,4,7801.61,59
14134,4688,120,5,67415.8,52
14135,4688,135,2,802.55,76
14136,4688,75,1,1758.88,22
14137,4689,135,1,802.55,42
14138,4689,8,2,4278.68,64
14139,4689,171,4,5623.35,32
14140,4690,63,4,430.09,56
14141,4690,33,2,835.93,99
14142,4691,124,2,2030.13,21
14143,4692,17,5,4055.38,73
14144,4693,164,1,2495.26,61
14145,4693,103,3,1452.77,26
14146,4693,157,1,3574.22,36
14147,4694,135,3,802.55,25
14148,4695,97,5,4030.37,66
14149,4696,145,1,3116.82,7
14150,4696,171,3,5623.35,3
14151,4696,3,4,52845.51,41
14152,4697,54,1,4173.59,67
14153,4697,60,3,1918.94,64
14154,4697,32,3,3754.44,20
14155,4698,124,3,2030.13,52
14156,4698,153,4,98307.89,57
14157,4698,90,1,17430.69,29
14158,4698,27,4,3860.01,64
14159,4698,150,3,22291.25,55
14160,4699,121,5,1118.51,62
14161,4699,138,1,3632.53,93
14162,4699,92,1,12217.22,71
14163,4699,184,2,19452.92,3
14164,4700,24,4,2479.74,34
14165,4700,52,3,3961.79,5
14166,4700,197,3,964.09,65
14167,4700,195,2,7327.29,41
14168,4701,8,1,4278.68,10
14169,4701,167,4,693.18,20
14170,4701,87,4,68101.36,21
14171,4702,149,5,3551.09,56
14172,4702,103,2,1452.77,92
14173,4702,99,2,8134.79,70
14174,4702,175,-2,1171.69,72
14175,4703,175,1,1171.69,88
14176,4704,128,2,5319.49,16
14177,4704,112,1,5163.37,46
14178,4704,74,1,245.13,11
14179,4704,86,2,29410.8,8
14180,4704,97,2,4030.37,32
14181,4705,104,4,3389.18,25
14182,4706,19,5,8561.48,3
14183,4706,102,1,68170.84,79
14184,4706,148,5,3368.6,5
14185,4706,46,3,6493.42,3
14186,4707,193,3,1383.66,5
14187,4707,58,4,2469.9,40
14188,4708,47,1,497.81,86
14189,4709,190,3,1227.09,60
14190,4709,19,1,8561.48,92
14191,4709,103,1,1452.77,58
14192,4709,147,1,772.56,85
14193,4710,52,3,3961.79,69
14194,4710,64,3,93117.18,56
14195,4710,192,-5,7461.34,55
14196,4710,183,5,1718.29,71
14197,4711,123,2,2794.3,80
14198,4711,68,1,1575.64,20
14199,4711,75,3,1758.88,7
14200,4711,180,4,308.9,94
14201,4712,46,1,6493.42,39
14202,4712,86,3,29410.8,69
14203,4712,62,1,4101.85,31
14204,4712,59,5,1243.65,84
14205,4712,197,5,964.09,15
14206,4713,16,1,1945.54,15
14207,4713,198,1,2694.15,96
14208,4713,60,3,1918.94,42
14209,4713,29,4,4216.76,63
14210,4713,28,4,702.92,59
14211,4714,198,4,2694.15,9
14212,4714,157,5,3574.22,43
14213,4714,126,2,52173.6,34
14214,4714,183,5,1718.29,51
14215,4715,83,1,18455.42,61
14216,4716,168,5,2536.06,19
14217,4717,70,4,5396.07,54
14218,4718,169,3,7775.36,9
14219,4718,23,4,317.81,59
14220,4718,149,1,3551.09,16
14221,4719,17,2,4055.38,71
14222,4719,150,1,22291.25,32
14223,4720,169,2,7775.36,39
14224,4720,193,4,1383.66,64
14225,4720,98,2,1260.01,56
14226,4721,179,2,2528.54,41
14227,4721,106,2,484.23,93
14228,4721,47,2,497.81,7
14229,4721,46,5,6493.42,45
14230,4722,77,2,1679.18,68
14231,4722,35,3,3131.28,67
14232,4722,67,5,94052.48,71
14233,4722,30,4,1221.85,100
14234,4722,57,2,2504.37,46
14235,4723,148,4,3368.6,22
14236,4723,71,4,1994.84,21
14237,4723,182,5,29049.69,77
14238,4723,67,2,94052.48,27
14239,4723,121,3,1118.51,89
14240,4724,191,1,1754.06,20
14241,4724,58,3,2469.9,3
14242,4724,59,5,1243.65,31
14243,4724,46,5,6493.42,64
14244,4725,14,4,42582.22,25
14245,4725,98,-5,1260.01,67
14246,4725,160,3,14389.43,98
14247,4725,189,4,2811.23,36
14248,4726,192,3,7461.34,34
14249,4726,74,2,245.13,86
14250,4726,142,4,11700.98,31
14251,4726,89,5,18350.3,71
14252,4726,149,2,3551.09,40
14253,4727,184,3,19452.92,16
14254,4727,124,2,2030.13,77
14255,4727,38,1,2266.82,70
14256,4727,158,5,1554.87,53
14257,4728,121,4,1118.51,21
14258,4728,65,2,8962.94,60
14259,4728,3,2,52845.51,42
14260,4728,5,2,1198.16,30
14261,4729,162,1,91765.85,49
14262,4729,184,2,19452.92,7
14263,4729,1,1,253.9,52
14264,4730,106,2,484.23,31
14265,4730,85,3,2290.94,99
14266,4730,176,1,59597.44,14
14267,4730,128,3,5319.49,88
14268,4731,196,1,2283.28,47
14269,4731,132,4,14673.24,88
14270,4732,175,3,1171.69,88
14271,4732,144,3,382.9,22
14272,4733,132,2,14673.24,51
14273,4733,126,2,52173.6,67
14274,4733,183,5,1718.29,53
14275,4733,17,2,4055.38,27
14276,4734,133,3,4126.14,58
14277,4734,163,1,33147.7,36
14278,4735,51,3,3521.45,46
14279,4735,46,3,6493.42,91
14280,4735,122,1,2349.23,94
14281,4736,63,2,430.09,34
14282,4736,92,3,12217.22,18
14283,4736,99,1,8134.79,9
14284,4737,14,4,42582.22,43
14285,4738,115,5,729.43,33
14286,4738,129,3,4097.17,72
14287,4738,71,3,1994.84,61
14288,4739,82,2,2740.6,97
14289,4739,18,1,3084.08,80
14290,4739,160,5,14389.43,68
14291,4740,138,2,3632.53,80
14292,4740,82,3,2740.6,48
14293,4740,195,2,7327.29,64
14294,4741,43,3,98247.37,9
14295,4742,130,5,530.75,14
14296,4742,168,1,2536.06,52
14297,4743,198,4,2694.15,82
14298,4743,167,5,693.18,22
14299,4743,174,3,7801.61,84
14300,4744,101,3,24788.51,22
14301,4744,6,5,63491.13,76
14302,4744,170,5,13731.85,56
14303,4744,184,-2,19452.92,32
14304,4745,187,2,15169.68,41
14305,4745,146,2,1205.79,83
14306,4745,99,5,8134.79,79
14307,4745,70,5,5396.07,63
14308,4746,76,5,19136.21,15
14309,4746,194,3,464.22,30
14310,4746,141,1,10789.69,7
14311,4747,88,3,7189.72,15
14312,4747,58,3,2469.9,47
14313,4747,60,1,1918.94,67
14314,4747,159,2,314.46,35
14315,4748,117,5,1769.76,22
14316,4748,176,2,59597.44,6
14317,4748,198,3,2694.15,59
14318,4748,144,5,382.9,21
14319,4749,191,3,1754.06,94
14320,4749,64,2,93117.18,9
14321,4749,182,1,29049.69,92
14322,4750,50,1,3979.14,17
14323,4750,98,3,1260.01,51
14324,4750,35,3,3131.28,30
14325,4750,134,4,389.01,68
14326,4750,114,4,12262.14,21
14327,4751,92,2,12217.22,95
14328,4751,47,1,497.81,81
14329,4751,9,1,26698.69,34
14330,4752,135,1,802.55,54
14331,4752,62,4,4101.85,94
14332,4752,186,5,4929.38,49
14333,4752,184,1,19452.92,92
14334,4753,74,4,245.13,76
14335,4754,150,2,22291.25,95
14336,4754,148,4,3368.6,39
14337,4754,124,5,2030.13,13
14338,4754,107,2,5474.76,8
14339,4755,91,4,4806.55,76
14340,4755,125,1,800.11,49
14341,4755,95,3,29603.95,1
14342,4755,26,4,22441.58,9
14343,4755,109,3,3878.01,56
14344,4756,75,3,1758.88,74
14345,4757,112,1,5163.37,13
14346,4758,134,3,389.01,0
14347,4758,185,2,1085.28,93
14348,4759,160,1,14389.43,53
14349,4759,92,1,12217.22,0
14350,4760,117,1,1769.76,23
14351,4760,72,4,199.64,21
14352,4760,46,5,6493.42,79
14353,4761,81,4,641.3,65
14354,4761,196,2,2283.28,81
14355,4761,22,2,16162.22,14
14356,4761,77,2,1679.18,7
14357,4761,155,5,896.22,50
14358,4762,103,3,1452.77,95
14359,4763,161,5,3019.49,37
14360,4763,85,2,2290.94,47
14361,4763,63,1,430.09,59
14362,4763,121,5,1118.51,50
14363,4763,49,4,2142.2,79
14364,4764,118,4,2637.64,64
14365,4764,172,3,16100.85,20
14366,4764,124,1,2030.13,7
14367,4764,111,1,7723.9,36
14368,4764,110,1,797.25,35
14369,4765,107,2,5474.76,32
14370,4765,35,4,3131.28,1
14371,4765,143,4,7284.34,28
14372,4766,88,2,7189.72,31
14373,4766,12,5,37578.36,54
14374,4766,85,1,2290.94,91
14375,4766,114,3,12262.14,74
14376,4767,125,2,800.11,66
14377,4767,149,3,3551.09,94
14378,4767,31,5,1292.25,90
14379,4768,146,3,1205.79,58
14380,4768,6,3,63491.13,84
14381,4768,41,4,79285.87,89
14382,4768,170,4,13731.85,27
14383,4768,133,4,4126.14,89
14384,4769,108,5,3065.18,21
14385,4769,106,5,484.23,29
14386,4769,154,1,1413.98,43
14387,4769,75,3,1758.88,63
14388,4769,8,4,4278.68,73
14389,4770,33,5,835.93,82
14390,4770,72,5,199.64,26
14391,4770,95,4,29603.95,56
14392,4770,197,4,964.09,2
14393,4771,199,3,702.8,92
14394,4771,189,1,2811.23,5
14395,4771,58,3,2469.9,75
14396,4771,104,2,3389.18,77
14397,4772,156,5,3615.3,13
14398,4772,11,3,763.98,0
14399,4772,196,3,2283.28,29
14400,4773,93,1,1383.07,30
14401,4773,199,3,702.8,55
14402,4773,172,1,16100.85,17
14403,4773,129,5,4097.17,45
14404,4773,136,5,2848.35,80
14405,4774,102,-5,68170.84,80
14406,4774,38,4,2266.82,54
14407,4774,163,1,33147.7,79
14408,4774,28,4,702.92,27
14409,4775,92,3,12217.22,86
14410,4775,104,4,3389.18,50
14411,4775,134,1,389.01,62
14412,4776,145,1,3116.82,21
14413,4776,21,-1,4861.87,7
14414,4776,122,1,2349.23,64
14415,4777,33,2,835.93,49
14416,4777,28,2,702.92,84
14417,4777,62,2,4101.85,48
14418,4778,41,3,79285.87,13
14419,4778,2,5,59090.87,2
14420,4778,173,2,14158.62,35
14421,4779,172,5,16100.85,37
14422,4779,135,1,802.55,64
14423,4779,12,3,37578.36,100
14424,4780,67,2,94052.48,41
14425,4780,44,4,70908.36,47
14426,4780,184,2,19452.92,43
14427,4780,84,2,529.09,35
14428,4780,143,2,7284.34,60
14429,4781,128,5,5319.49,42
14430,4781,123,1,2794.3,57
14431,4781,188,4,41686.05,87
14432,4781,131,3,14500.41,99
14433,4782,8,4,4278.68,28
14434,4782,176,4,59597.44,32
14435,4782,198,5,2694.15,95
14436,4783,173,2,14158.62,42
14437,4783,148,1,3368.6,21
14438,4783,86,2,29410.8,42
14439,4784,121,3,1118.51,53
14440,4784,33,4,835.93,75
14441,4784,51,1,3521.45,10
14442,4784,168,4,2536.06,41
14443,4784,39,2,534.57,20
14444,4785,134,5,389.01,96
14445,4785,145,-2,3116.82,79
14446,4785,84,3,529.09,72
14447,4785,188,4,41686.05,41
14448,4786,82,2,2740.6,100
14449,4786,83,5,18455.42,50
14450,4787,97,3,4030.37,86
14451,4787,161,5,3019.49,72
14452,4787,73,5,7599.51,6
14453,4787,155,2,896.22,7
14454,4788,69,5,6749.31,43
14455,4788,44,3,70908.36,4
14456,4789,194,1,464.22,7
14457,4789,76,5,19136.21,33
14458,4789,88,1,7189.72,43
14459,4789,101,-5,24788.51,91
14460,4790,96,2,26794.28,36
14461,4791,120,4,67415.8,72
14462,4791,113,3,3469.53,60
14463,4792,69,2,6749.31,88
14464,4792,54,5,4173.59,43
14465,4792,154,1,1413.98,90
14466,4793,184,5,19452.92,61
14467,4793,146,4,1205.79,90
14468,4794,61,3,27642.73,20
14469,4794,157,5,3574.22,36
14470,4795,163,1,33147.7,39
14471,4795,67,2,94052.48,92
14472,4795,117,4,1769.76,95
14473,4795,161,2,3019.49,2
14474,4796,51,1,3521.45,65
14475,4796,134,3,389.01,18
14476,4796,190,1,1227.09,50
14477,4797,62,2,4101.85,33
14478,4797,96,4,26794.28,9
14479,4798,136,5,2848.35,76
14480,4799,183,5,1718.29,63
14481,4799,113,2,3469.53,57
14482,4799,80,2,274.27,66
14483,4799,75,2,1758.88,83
14484,4800,8,3,4278.68,77
14485,4800,34,2,3262.67,84
14486,4800,10,2,3469.21,88
14487,4800,119,5,35613.06,5
14488,4801,145,1,3116.82,91
14489,4801,66,5,6345.81,8
14490,4801,99,4,8134.79,10
14491,4802,181,1,3357.0,31
14492,4802,61,2,27642.73,94
14493,4802,32,2,3754.44,7
14494,4802,122,5,2349.23,47
14495,4803,117,3,1769.76,11
14496,4803,189,5,2811.23,83
14497,4803,81,3,641.3,31
14498,4804,133,4,4126.14,6
14499,4804,26,2,22441.58,86
14500,4804,198,1,2694.15,80
14501,4804,118,5,2637.64,25
14502,4805,40,2,6624.33,60
14503,4806,80,5,274.27,6
14504,4806,7,2,1545.0,87
14505,4806,75,1,1758.88,4
14506,4806,47,5,497.81,30
14507,4806,43,4,98247.37,62
14508,4807,101,4,24788.51,58
14509,4807,10,4,3469.21,58
14510,4807,30,2,1221.85,53
14511,4807,32,3,3754.44,97
14512,4808,146,4,1205.79,39
14513,4808,53,3,1750.15,44
14514,4808,99,3,8134.79,42
14515,4808,61,5,27642.73,7
14516,4809,197,3,964.09,64
14517,4809,92,1,12217.22,78
14518,4810,172,3,16100.85,25
14519,4810,128,3,5319.49,98
14520,4810,4,1,18013.15,13
14521,4811,29,2,4216.76,48
14522,4812,99,2,8134.79,73
14523,4812,45,-3,9220.4,47
14524,4812,48,2,17690.82,30
14525,4812,171,1,5623.35,68
14526,4812,70,5,5396.07,93
14527,4813,176,2,59597.44,88
14528,4813,197,2,964.09,24
14529,4814,30,2,1221.85,46
14530,4815,117,3,1769.76,83
14531,4816,16,3,1945.54,43
14532,4816,43,1,98247.37,59
14533,4816,33,1,835.93,18
14534,4816,75,4,1758.88,32
14535,4816,154,1,1413.98,55
14536,4817,24,4,2479.74,1
14537,4817,197,4,964.09,56
14538,4818,144,1,382.9,40
14539,4818,167,1,693.18,95
14540,4818,131,-3,14500.41,39
14541,4819,4,4,18013.15,55
14542,4819,112,2,5163.37,13
14543,4819,32,4,3754.44,36
14544,4819,61,5,27642.73,31
14545,4819,167,3,693.18,84
14546,4820,175,4,1171.69,89
14547,4820,101,5,24788.51,58
14548,4821,7,1,1545.0,22
14549,4821,125,5,800.11,36
14550,4822,116,4,3192.27,72
14551,4823,133,4,4126.14,21
14552,4823,5,3,1198.16,21
14553,4823,10,1,3469.21,20
14554,4824,26,3,22441.58,64
14555,4824,177,5,3546.32,26
14556,4825,32,4,3754.44,98
14557,4825,52,1,3961.79,20
14558,4825,39,3,534.57,69
14559,4825,14,2,42582.22,68
14560,4826,137,5,14060.07,98
14561,4826,162,5,91765.85,77
14562,4826,30,1,1221.85,75
14563,4827,123,3,2794.3,77
14564,4827,163,3,33147.7,10
14565,4827,26,4,22441.58,86
14566,4827,67,3,94052.48,79
14567,4827,3,5,52845.51,8
14568,4828,199,3,702.8,40
14569,4828,55,4,1885.07,84
14570,4828,81,3,641.3,38
14571,4828,45,4,9220.4,32
14572,4828,87,3,68101.36,18
14573,4829,98,5,1260.01,0
14574,4829,147,1,772.56,33
14575,4830,115,3,729.43,21
14576,4831,99,2,8134.79,94
14577,4831,62,-5,4101.85,48
14578,4831,165,4,2338.31,68
14579,4832,76,3,19136.21,32
14580,4832,106,4,484.23,1
14581,4832,25,1,3779.14,64
14582,4833,158,4,1554.87,97
14583,4833,140,4,3878.75,76
14584,4833,42,3,15510.68,97
14585,4833,197,1,964.09,15
14586,4833,44,3,70908.36,48
14587,4834,23,1,317.81,95
14588,4834,38,5,2266.82,86
14589,4834,106,2,484.23,54
14590,4834,196,4,2283.28,18
14591,4835,33,1,835.93,95
14592,4835,124,2,2030.13,64
14593,4835,148,1,3368.6,7
14594,4836,104,1,3389.18,59
14595,4836,193,4,1383.66,91
14596,4836,196,1,2283.28,81
14597,4837,159,2,314.46,34
14598,4837,177,4,3546.32,5
14599,4837,161,2,3019.49,13
14600,4837,30,4,1221.85,12
14601,4838,23,3,317.81,1
14602,4838,114,4,12262.14,75
14603,4839,80,2,274.27,87
14604,4839,185,1,1085.28,49
14605,4839,66,3,6345.81,44
14606,4839,39,4,534.57,41
14607,4839,45,2,9220.4,62
14608,4840,90,3,17430.69,82
14609,4840,22,2,16162.22,91
14610,4840,128,5,5319.49,91
14611,4841,91,2,4806.55,97
14612,4841,161,5,3019.49,96
14613,4842,41,4,79285.87,87
14614,4842,200,5,3212.97,43
14615,4842,11,1,763.98,45
14616,4842,52,1,3961.79,54
14617,4843,80,5,274.27,65
14618,4843,88,1,7189.72,44
14619,4843,130,3,530.75,95
14620,4843,2,4,59090.87,14
14621,4844,52,3,3961.79,53
14622,4844,79,4,3269.81,10
14623,4844,34,4,3262.67,53
14624,4845,4,5,18013.15,38
14625,4845,167,1,693.18,72
14626,4845,19,2,8561.48,53
14627,4845,87,2,68101.36,49
14628,4845,120,3,67415.8,52
14629,4846,129,3,4097.17,72
14630,4847,88,3,7189.72,15
14631,4847,173,4,14158.62,14
14632,4847,106,1,484.23,28
14633,4848,107,5,5474.76,42
14634,4848,13,4,1849.34,24
14635,4849,103,2,1452.77,33
14636,4849,75,3,1758.88,9
14637,4850,80,2,274.27,47
14638,4850,147,4,772.56,77
14639,4850,42,4,15510.68,8
14640,4850,29,5,4216.76,16
14641,4850,142,1,11700.98,18
14642,4851,152,5,9297.38,57
14643,4851,20,3,1317.81,71
14644,4851,196,4,2283.28,74
14645,4851,118,4,2637.64,70
14646,4852,102,5,68170.84,61
14647,4852,8,5,4278.68,96
14648,4852,31,5,1292.25,80
14649,4853,183,4,1718.29,94
14650,4853,108,2,3065.18,10
14651,4853,78,5,40123.29,54
14652,4853,102,2,68170.84,7
14653,4853,121,3,1118.51,20
14654,4854,111,1,7723.9,33
14655,4854,16,2,1945.54,49
14656,4854,182,5,29049.69,23
14657,4854,7,2,1545.0,97
14658,4855,173,5,14158.62,93
14659,4855,133,1,4126.14,54
14660,4855,188,3,41686.05,17
14661,4856,184,1,19452.92,15
14662,4856,165,2,2338.31,61
14663,4857,103,4,1452.77,75
14664,4857,63,1,430.09,14
14665,4857,102,4,68170.84,49
14666,4858,126,1,52173.6,96
14667,4858,152,5,9297.38,11
14668,4859,177,5,3546.32,54
14669,4859,133,2,4126.14,59
14670,4859,123,1,2794.3,67
14671,4859,17,3,4055.38,85
14672,4859,39,3,534.57,28
14673,4860,135,1,802.55,53
14674,4860,157,2,3574.22,22
14675,4860,5,2,1198.16,1
14676,4860,6,4,63491.13,24
14677,4861,140,4,3878.75,60
14678,4861,43,2,98247.37,82
14679,4861,139,3,7772.31,62
14680,4862,115,3,729.43,50
14681,4862,104,5,3389.18,93
14682,4862,173,3,14158.62,21
14683,4862,197,5,964.09,66
14684,4863,156,1,3615.3,0
14685,4863,138,3,3632.53,1
14686,4863,90,1,17430.69,27
14687,4864,168,4,2536.06,26
14688,4864,123,1,2794.3,27
14689,4865,9,3,26698.69,98
14690,4865,86,5,29410.8,22
14691,4866,139,3,7772.31,88
14692,4866,28,4,702.92,26
14693,4866,164,3,2495.26,16
14694,4866,45,2,9220.4,100
14695,4867,65,4,8962.94,10
14696,4867,165,1,2338.31,71
14697,4867,40,-5,6624.33,88
14698,4868,90,1,17430.69,31
14699,4868,194,5,464.22,0
14700,4869,39,5,534.57,42
14701,4869,114,5,12262.14,85
14702,4869,113,4,3469.53,17
14703,4869,23,1,317.81,71
14704,4870,188,2,41686.05,83
14705,4870,1,1,253.9,90
14706,4870,99,1,8134.79,12
14707,4871,104,5,3389.18,97
14708,4871,17,1,4055.38,59
14709,4872,170,5,13731.85,3
14710,4872,120,2,67415.8,81
14711,4872,147,4,772.56,54
14712,4872,152,4,9297.38,50
14713,4873,55,4,1885.07,83
14714,4873,58,5,2469.9,38
14715,4874,151,2,92003.66,64
14716,4874,162,1,91765.85,83
14717,4874,99,2,8134.79,20
14718,4874,56,4,23622.11,41
14719,4875,67,5,94052.48,35
14720,4875,143,3,7284.34,1
14721,4875,41,2,79285.87,25
14722,4875,119,4,35613.06,78
14723,4875,181,1,3357.0,91
14724,4876,26,5,22441.58,35
14725,4876,77,1,1679.18,28
14726,4877,62,3,4101.85,27
14727,4877,3,3,52845.51,81
14728,4877,54,2,4173.59,85
14729,4877,71,1,1994.84,84
14730,4878,102,2,68170.84,90
14731,4878,8,3,4278.68,94
14732,4879,108,2,3065.18,88
14733,4879,17,4,4055.38,88
14734,4879,5,3,1198.16,53
14735,4880,194,1,464.22,74
14736,4880,151,3,92003.66,6
14737,4880,189,2,2811.23,6
14738,4880,106,3,484.23,51
14739,4881,123,4,2794.3,71
14740,4881,67,1,94052.48,58
14741,4881,168,1,2536.06,16
14742,4881,163,4,33147.7,42
14743,4881,138,2,3632.53,36
14744,4882,189,3,2811.23,69
14745,4882,91,5,4806.55,9
14746,4882,8,5,4278.68,45
14747,4882,59,2,1243.65,92
14748,4882,16,5,1945.54,64
14749,4883,192,5,7461.34,64
14750,4883,104,2,3389.18,0
14751,4884,23,3,317.81,15
14752,4885,189,5,2811.23,59
14753,4885,128,4,5319.49,63
14754,4885,133,-4,4126.14,34
14755,4886,35,1,3131.28,31
14756,4886,128,4,5319.49,92
14757,4886,24,1,2479.74,52
14758,4886,80,3,274.27,56
14759,4886,32,4,3754.44,44
14760,4887,140,5,3878.75,21
14761,4887,186,2,4929.38,90
14762,4888,152,1,9297.38,72
14763,4888,78,3,40123.29,84
14764,4888,52,3,3961.79,90
14765,4888,113,5,3469.53,85
14766,4889,121,2,1118.51,72
14767,4890,26,5,22441.58,33
14768,4890,173,5,14158.62,99
14769,4890,90,3,17430.69,24
14770,4891,93,3,1383.07,58
14771,4891,168,4,2536.06,52
14772,4891,154,4,1413.98,9
14773,4892,61,5,27642.73,68
14774,4892,151,4,92003.66,43
14775,4893,99,1,8134.79,99
14776,4893,80,1,274.27,90
14777,4893,15,5,17548.6,11
14778,4894,12,5,37578.36,44
14779,4894,97,4,4030.37,95
14780,4894,66,4,6345.81,65
14781,4895,1,2,253.9,26
14782,4895,176,5,59597.44,89
14783,4896,156,5,3615.3,96
14784,4896,131,2,14500.41,49
14785,4896,145,1,3116.82,14
14786,4897,91,3,4806.55,11
14787,4897,77,2,1679.18,81
14788,4897,194,4,464.22,3
14789,4897,129,4,4097.17,49
14790,4897,96,1,26794.28,71
14791,4898,96,2,26794.28,52
14792,4898,178,1,485.22,90
14793,4898,58,5,2469.9,63
14794,4899,12,1,37578.36,56
14795,4899,30,2,1221.85,0
14796,4899,17,2,4055.38,3
14797,4899,50,2,3979.14,81
14798,4899,87,2,68101.36,70
14799,4900,17,1,4055.38,8
14800,4900,119,2,35613.06,1
14801,4900,42,5,15510.68,79
14802,4900,70,4,5396.07,50
14803,4900,136,4,2848.35,54
14804,4901,161,4,3019.49,20
14805,4901,57,1,2504.37,25
14806,4902,99,2,8134.79,37
14807,4902,4,3,18013.15,64
14808,4902,197,2,964.09,48
14809,4902,186,3,4929.38,53
14810,4903,39,1,534.57,58
14811,4903,90,1,17430.69,74
14812,4903,68,1,1575.64,44
14813,4903,70,4,5396.07,84
14814,4904,80,4,274.27,36
14815,4904,86,2,29410.8,75
14816,4904,100,4,2050.98,62
14817,4905,46,1,6493.42,40
14818,4905,5,3,1198.16,50
14819,4905,89,4,18350.3,25
14820,4905,179,5,2528.54,31
14821,4906,96,4,26794.28,32
14822,4907,64,1,93117.18,75
14823,4907,35,3,3131.28,34
14824,4907,176,4,59597.44,70
14825,4907,139,5,7772.31,63
14826,4907,16,2,1945.54,91
14827,4908,36,3,14186.62,66
14828,4909,33,4,835.93,68
14829,4909,39,1,534.57,7
14830,4909,2,2,59090.87,42
14831,4909,95,2,29603.95,12
14832,4909,35,2,3131.28,75
14833,4910,104,4,3389.18,53
14834,4910,18,2,3084.08,40
14835,4911,83,4,18455.42,99
14836,4911,174,5,7801.61,6
14837,4911,32,1,3754.44,72
14838,4912,67,5,94052.48,6
14839,4912,172,3,16100.85,1
14840,4912,97,1,4030.37,99
14841,4913,144,4,382.9,15
14842,4913,179,3,2528.54,77
14843,4913,142,4,11700.98,98
14844,4914,142,1,11700.98,3
14845,4915,139,5,7772.31,85
14846,4916,111,1,7723.9,57
14847,4917,41,5,79285.87,64
14848,4917,21,3,4861.87,32
14849,4918,23,4,317.81,97
14850,4918,21,2,4861.87,80
14851,4918,199,3,702.8,93
14852,4918,170,4,13731.85,36
14853,4919,138,4,3632.53,96
14854,4919,190,5,1227.09,29
14855,4920,89,1,18350.3,70
14856,4920,147,5,772.56,35
14857,4920,75,1,1758.88,26
14858,4920,180,1,308.9,73
14859,4920,173,5,14158.62,40
14860,4921,59,4,1243.65,63
14861,4921,148,1,3368.6,67
14862,4921,178,2,485.22,18
14863,4921,80,1,274.27,25
14864,4921,41,1,79285.87,44
14865,4922,104,2,3389.18,84
14866,4922,168,5,2536.06,81
14867,4922,154,3,1413.98,83
14868,4923,125,3,800.11,80
14869,4923,45,1,9220.4,13
14870,4924,39,5,534.57,83
14871,4925,117,2,1769.76,96
14872,4926,186,5,4929.38,38
14873,4926,174,1,7801.61,73
14874,4926,84,3,529.09,21
14875,4927,12,3,37578.36,8
14876,4927,111,2,7723.9,40
14877,4927,91,5,4806.55,57
14878,4927,117,5,1769.76,79
14879,4927,172,5,16100.85,4
14880,4928,75,2,1758.88,31
14881,4928,16,5,1945.54,69
14882,4929,96,4,26794.28,59
14883,4929,30,4,1221.85,55
14884,4929,34,1,3262.67,80
14885,4929,87,4,68101.36,21
14886,4930,34,-5,3262.67,40
14887,4930,198,1,2694.15,25
14888,4930,16,3,1945.54,2
14889,4930,92,2,12217.22,72
14890,4930,1,5,253.9,60
14891,4931,28,2,702.92,68
14892,4931,45,4,9220.4,36
14893,4931,107,3,5474.76,85
14894,4931,60,2,1918.94,2
14895,4931,147,5,772.56,12
14896,4932,12,2,37578.36,52
14897,4932,162,2,91765.85,20
14898,4932,159,5,314.46,85
14899,4932,101,2,24788.51,81
14900,4932,66,5,6345.81,87
14901,4933,27,1,3860.01,23
14902,4933,130,4,530.75,96
14903,4933,39,4,534.57,31
14904,4933,117,5,1769.76,21
14905,4934,188,4,41686.05,15
14906,4935,182,3,29049.69,71
14907,4935,193,1,1383.66,70
14908,4935,198,3,2694.15,15
14909,4936,193,2,1383.66,13
14910,4936,10,1,3469.21,60
14911,4937,125,4,800.11,7
14912,4937,66,3,6345.81,56
14913,4937,109,4,3878.01,51
14914,4937,26,4,22441.58,63
14915,4937,14,1,42582.22,75
14916,4938,132,5,14673.24,70
14917,4938,38,5,2266.82,17
14918,4939,109,2,3878.01,7
14919,4940,158,5,1554.87,56
14920,4940,45,3,9220.4,56
14921,4941,137,1,14060.07,45
14922,4941,163,5,33147.7,79
14923,4941,184,2,19452.92,30
14924,4942,70,2,5396.07,53
14925,4943,9,4,26698.69,56
14926,4944,132,5,14673.24,61
14927,4944,92,1,12217.22,76
14928,4944,193,2,1383.66,34
14929,4944,136,5,2848.35,60
14930,4945,193,4,1383.66,41
14931,4945,3,-3,52845.51,96
14932,4946,187,1,15169.68,24
14933,4946,105,4,2738.82,36
14934,4946,92,5,12217.22,53
14935,4946,121,4,1118.51,33
14936,4947,90,1,17430.69,88
14937,4947,190,3,1227.09,40
14938,4947,70,2,5396.07,57
14939,4948,187,2,15169.68,45
14940,4948,79,4,3269.81,92
14941,4948,8,3,4278.68,38
14942,4949,136,5,2848.35,18
14943,4949,53,3,1750.15,17
14944,4949,158,4,1554.87,83
14945,4949,79,5,3269.81,73
14946,4949,86,1,29410.8,90
14947,4950,46,5,6493.42,46
14948,4951,129,1,4097.17,14
14949,4952,18,4,3084.08,60
14950,4952,147,2,772.56,100
14951,4952,41,2,79285.87,69
14952,4953,118,-1,2637.64,40
14953,4953,103,4,1452.77,54
14954,4953,32,3,3754.44,94
14955,4954,197,4,964.09,4
14956,4954,6,3,63491.13,7
14957,4954,48,4,17690.82,96
14958,4954,162,5,91765.85,1
14959,4955,62,5,4101.85,25
14960,4955,44,5,70908.36,94
14961,4955,189,2,2811.23,8
14962,4955,186,5,4929.38,28
14963,4955,28,3,702.92,55
14964,4956,13,1,1849.34,22
14965,4956,170,4,13731.85,40
14966,4956,29,5,4216.76,54
14967,4957,95,2,29603.95,80
14968,4958,134,3,389.01,48
14969,4958,155,2,896.22,88
14970,4958,154,2,1413.98,26
14971,4959,4,5,18013.15,19
14972,4959,59,2,1243.65,38
14973,4959,26,5,22441.58,46
14974,4959,16,2,1945.54,35
14975,4959,194,3,464.22,57
14976,4960,39,3,534.57,9
14977,4961,127,3,1797.09,92
14978,4961,8,4,4278.68,67
14979,4961,176,2,59597.44,51
14980,4962,16,5,1945.54,69
14981,4962,27,1,3860.01,81
14982,4963,81,2,641.3,34
14983,4963,28,2,702.92,59
14984,4964,137,4,14060.07,14
14985,4965,33,4,835.93,98
14986,4965,163,2,33147.7,91
14987,4965,2,5,59090.87,80
14988,4965,48,4,17690.82,74
14989,4965,125,4,800.11,94
14990,4966,11,4,763.98,53
14991,4966,166,2,2666.16,27
14992,4966,187,4,15169.68,3
14993,4967,107,5,5474.76,44
14994,4967,57,3,2504.37,60
14995,4968,167,4,693.18,96
14996,4968,94,2,2140.24,52
14997,4968,183,5,1718.29,12
14998,4968,104,-5,3389.18,24
14999,4968,174,1,7801.61,78
15000,4969,169,2,7775.36,92
15001,4969,162,5,91765.85,35
15002,4970,46,2,6493.42,89
15003,4971,18,2,3084.08,65
15004,4971,114,1,12262.14,97
15005,4972,141,2,10789.69,44
15006,4972,79,2,3269.81,87
15007,4972,190,5,1227.09,32
15008,4972,117,1,1769.76,64
15009,4973,38,3,2266.82,43
15010,4973,114,3,12262.14,35
15011,4973,7,1,1545.0,69
15012,4974,138,2,3632.53,40
15013,4974,7,5,1545.0,67
15014,4974,50,2,3979.14,10
15015,4974,1,3,253.9,98
15016,4974,107,1,5474.76,6
15017,4975,81,3,641.3,51
15018,4975,114,2,12262.14,3
15019,4976,18,2,3084.08,64
15020,4976,51,2,3521.45,55
15021,4977,198,2,2694.15,41
15022,4977,106,3,484.23,78
15023,4977,71,1,1994.84,39
15024,4977,26,4,22441.58,74
15025,4978,177,4,3546.32,46
15026,4978,62,4,4101.85,12
15027,4978,132,4,14673.24,64
15028,4978,102,5,68170.84,91
15029,4978,148,4,3368.6,83
15030,4979,151,1,92003.66,24
15031,4979,22,2,16162.22,99
15032,4980,175,1,1171.69,67
15033,4980,4,4,18013.15,22
15034,4980,106,5,484.23,52
15035,4981,53,3,1750.15,49
15036,4981,157,3,3574.22,80
15037,4981,156,2,3615.3,38
15038,4981,197,4,964.09,49
15039,4981,173,1,14158.62,87
15040,4982,9,5,26698.69,22
15041,4982,49,2,2142.2,2
15042,4982,127,-5,1797.09,21
15043,4982,99,3,8134.79,69
15044,4982,54,4,4173.59,22
15045,4983,178,5,485.22,83
15046,4983,22,3,16162.22,50
15047,4983,129,4,4097.17,85
15048,4983,83,2,18455.42,50
15049,4983,94,2,2140.24,9
15050,4984,63,2,430.09,31
15051,4984,21,1,4861.87,70
15052,4984,147,3,772.56,49
15053,4984,187,1,15169.68,13
15054,4985,80,2,274.27,95
15055,4985,23,4,317.81,19
15056,4985,135,5,802.55,98
15057,4985,103,1,1452.77,30
15058,4986,3,4,52845.51,39
15059,4986,64,-5,93117.18,6
15060,4987,173,3,14158.62,100
15061,4987,100,4,2050.98,36
15062,4987,63,5,430.09,10
15063,4987,113,1,3469.53,55
15064,4987,162,2,91765.85,32
15065,4988,180,1,308.9,29
15066,4988,31,1,1292.25,7
15067,4989,56,4,23622.11,52
15068,4990,69,4,6749.31,55
15069,4990,164,2,2495.26,96
15070,4991,74,5,245.13,35
15071,4991,180,3,308.9,40
15072,4992,108,1,3065.18,37
15073,4992,136,1,2848.35,68
15074,4992,83,3,18455.42,58
15075,4993,39,4,534.57,19
15076,4993,160,2,14389.43,73
15077,4993,75,3,1758.88,9
15078,4993,133,1,4126.14,81
15079,4993,123,1,2794.3,65
15080,4994,117,5,1769.76,54
15081,4994,166,1,2666.16,4
15082,4994,16,4,1945.54,93
15083,4995,38,1,2266.82,94
15084,4995,68,1,1575.64,23
15085,4995,146,4,1205.79,0
15086,4995,44,3,70908.36,53
15087,4996,24,1,2479.74,81
15088,4996,101,1,24788.51,56
15089,4996,66,3,6345.81,78
15090,4996,160,3,14389.43,25
15091,4996,137,5,14060.07,81
15092,4997,90,1,17430.69,92
15093,4997,65,4,8962.94,17
15094,4997,12,3,37578.36,35
15095,4997,21,1,4861.87,3
15096,4997,157,4,3574.22,49
15097,4998,140,5,3878.75,69
15098,4998,96,3,26794.28,40
15099,4998,145,4,3116.82,28
15100,4998,71,2,1994.84,9
15101,4999,18,3,3084.08,7
15102,4999,96,2,26794.28,87
15103,4999,79,3,3269.81,19
15104,4999,60,2,1918.94,99
15105,5000,13,5,1849.34,24
15106,5000,61,3,27642.73,34
15107,5000,155,3,896.22,1
15108,5000,37,4,3250.66,9
15109,5000,168,1,2536.06,82
