order_id,customer_id,order_date,status,region_code
1,320.0,2025-07-16 17:43:39,RETURNED,158840
2,460.0,2025-06-03 22:24:42,DELIVERED,471658
3,847.0,2026-03-19 21:02:03,PLACED,999636
4,369.0,2025-03-28 18:41:52,DELIVERED,279708
5,501.0,2025-05-15 12:23:29,RETURNED,693343
6,360.0,18-12-2024 08:54:29,PLACED,355021
7,665.0,2025-01-26 23:32:56,DELIVERED,954814
8,399.0,2025-11-23 14:53:58,SHIPPED,986392
9,648.0,28-04-2025 12:17:34,SHIPPED,321686
10,33.0,2024-10-08 09:46:11,CANCELLED,933551
11,530.0,2026-04-16 16:57:58,DELIVERED,692447
12,14.0,2025-08-18 18:51:12,RETURNED,817269
13,766.0,2025-11-22 09:05:16,RETURNED,198042
14,977.0,2026-03-06 06:24:05,RETURNED,781463
15,886.0,2026-06-17 01:39:29,CANCELLED,321686
16,411.0,2024-10-20 02:06:33,SHIPPED,199994
17,517.0,2024-09-30 07:41:55,PLACED,109909
18,777.0,2024-09-06 03:58:44,DELIVERED,380310
19,494.0,2025-01-02 12:31:37,PLACED,495490
20,55.0,2024-12-30 20:21:25,SHIPPED,933551
21,445.0,2025-04-06 16:56:54,DELIVERED,554987
22,279.0,2025-03-18 07:54:44,RETURNED,554987
23,248.0,2026-03-27 22:56:17,CANCELLED,825916
24,309.0,2025-12-21 12:19:53,DELIVERED,954814
25,868.0,2025-02-25 16:37:44,DELIVERED,679549
26,632.0,06-01-2026 15:50:09,CANCELLED,414546
27,595.0,2026-08-08 05:13:47,DELIVERED,186702
28,398.0,2026-08-08 12:24:25,CANCELLED,495490
29,691.0,2026-02-09 19:16:18,SHIPPED,999636
30,581.0,2026-01-31 15:02:05,RETURNED,693343
31,460.0,2026-06-06 16:18:02,CANCELLED,516176
32,8.0,2024-08-15 10:27:35,RETURNED,184532
33,295.0,2025-03-15 23:05:06,SHIPPED,653815
34,178.0,2026-04-01 21:10:19,PLACED,516176
35,650.0,2026-03-04 06:16:36,DELIVERED,581294
36,416.0,2025-05-31 04:16:16,CANCELLED,653815
37,859.0,2025-06-01 14:24:39,SHIPPED,340927
38,675.0,2025-10-06 20:19:09,CANCELLED,999908
39,,2025-11-30 21:24:08,DELIVERED,182857
40,515.0,2025-07-19 23:47:43,PLACED,364679
41,,2025-08-18 16:19:43,DELIVERED,679549
42,451.0,2026-02-16 05:08:57,DELIVERED,321686
43,603.0,2024-11-26 05:58:24,DELIVERED,182857
44,940.0,26-05-2025 13:43:11,SHIPPED,516176
45,244.0,2025-01-21 23:12:39,SHIPPED,495490
46,604.0,2026-02-07 10:21:34,CANCELLED,186702
47,543.0,2025-07-21 18:28:18,RETURNED,109909
48,350.0,2025-08-21 00:03:01,CANCELLED,182857
49,149.0,2026-03-06 08:10:41,PLACED,516176
50,455.0,2026-02-13 15:06:03,DELIVERED,186702
51,420.0,18-01-2026 23:33:09,PLACED,554987
52,15.0,2025-07-12 05:54:40,RETURNED,999908
53,110.0,2026-03-10 16:19:11,CANCELLED,364679
54,810.0,2025-03-25 21:31:32,DELIVERED,497687
55,200.0,2024-12-24 10:05:01,CANCELLED,825916
56,763.0,2026-02-22 18:24:58,PLACED,144618
57,223.0,2026-01-01 00:49:09,RETURNED,817269
58,366.0,2025-01-09 07:11:14,RETURNED,836986
59,743.0,2025-07-03 21:32:24,SHIPPED,999636
60,281.0,2025-09-21 03:16:10,CANCELLED,692447
61,503.0,2025-05-09 21:54:41,SHIPPED,989053
62,332.0,2025-10-05 01:26:56,DELIVERED,989053
63,975.0,2024-11-10 22:56:32,CANCELLED,581294
64,635.0,2026-06-29 07:16:39,PLACED,692447
65,783.0,2024-08-16 06:34:24,CANCELLED,989053
66,306.0,2026-03-24 04:24:58,CANCELLED,785491
67,157.0,2026-04-10 15:22:32,CANCELLED,933551
68,967.0,2025-04-14 10:26:54,DELIVERED,968286
69,704.0,2025-06-11 09:08:15,SHIPPED,144618
70,973.0,2025-12-23 03:18:44,CANCELLED,554987
71,522.0,30-05-2025 20:30:53,RETURNED,831105
72,819.0,2026-02-28 23:39:01,CANCELLED,182857
73,187.0,2025-09-05 21:51:48,SHIPPED,785491
74,83.0,2025-04-04 09:31:03,PLACED,524965
75,106.0,2024-08-26 04:16:40,DELIVERED,776234
76,108.0,2026-03-05 21:21:51,CANCELLED,781463
77,908.0,2026-06-13 19:26:14,CANCELLED,781463
78,54.0,2024-11-29 11:17:20,CANCELLED,447362
79,,2026-07-06 02:01:56,RETURNED,525750
80,60.0,2025-04-07 10:38:30,DELIVERED,999908
81,323.0,2025-11-12 06:53:18,RETURNED,199994
82,44.0,2025-10-23 16:24:12,SHIPPED,158840
83,697.0,27-10-2025 05:09:33,DELIVERED,355021
84,341.0,2026-05-04 11:42:26,CANCELLED,999908
85,966.0,2026-07-26 04:45:18,DELIVERED,340927
86,,2025-01-05 08:51:55,CANCELLED,624139
87,725.0,2025-05-21 13:17:36,SHIPPED,999908
88,471.0,2025-09-03 15:16:49,CANCELLED,989053
89,66.0,2024-12-24 18:42:40,CANCELLED,133223
90,,2024-10-27 13:26:36,PLACED,624139
91,107.0,2025-09-29 05:18:42,SHIPPED,986392
92,646.0,2025-07-05 00:56:55,RETURNED,355021
93,324.0,2026-05-24 19:04:00,RETURNED,954814
94,30.0,2024-10-16 07:30:48,CANCELLED,653815
95,467.0,2024-10-24 09:36:59,SHIPPED,679549
96,906.0,2025-09-17 02:08:39,DELIVERED,199994
97,936.0,2024-09-01 14:53:37,PLACED,497687
98,612.0,2025-12-25 12:29:44,CANCELLED,525750
99,423.0,2025-08-01 02:58:56,DELIVERED,817269
100,830.0,2024-12-23 13:50:39,DELIVERED,693343
101,671.0,2024-09-28 23:07:53,SHIPPED,653815
102,450.0,2026-07-13 15:36:22,CANCELLED,198042
103,439.0,2025-03-04 12:36:08,PLACED,679549
104,399.0,2025-01-26 10:23:00,RETURNED,158840
105,19.0,2025-12-04 00:06:38,RETURNED,524965
106,798.0,2024-09-29 07:41:37,RETURNED,109909
107,490.0,2024-09-20 04:05:22,CANCELLED,279708
108,,2025-08-22 23:29:47,PLACED,133223
109,161.0,2024-12-12 17:12:50,RETURNED,554987
110,988.0,2026-04-29 04:49:28,PLACED,182857
111,455.0,05-06-2025 07:52:12,SHIPPED,693343
112,159.0,2024-12-01 21:55:05,DELIVERED,692447
113,32.0,2024-10-29 02:21:28,RETURNED,471658
114,874.0,2025-09-05 01:41:05,RETURNED,447362
115,349.0,2025-07-24 13:19:03,CANCELLED,321686
116,353.0,2024-09-28 10:22:04,DELIVERED,495490
117,676.0,2026-07-07 21:08:45,PLACED,364679
118,555.0,03-05-2026 13:52:33,PLACED,968286
119,376.0,2024-11-12 02:45:30,SHIPPED,109909
120,782.0,2025-01-06 10:40:42,RETURNED,186702
121,289.0,2025-06-20 21:58:58,RETURNED,199994
122,102.0,2026-01-09 14:28:12,RETURNED,414546
123,968.0,2025-07-22 00:27:48,CANCELLED,133223
124,12.0,2025-10-24 04:47:32,CANCELLED,599127
125,908.0,2026-06-26 05:38:58,RETURNED,199994
126,629.0,2025-10-12 08:28:29,RETURNED,581294
127,880.0,2025-08-11 05:59:56,DELIVERED,954814
128,459.0,2025-12-22 11:03:46,CANCELLED,182857
129,415.0,2025-02-26 09:44:49,DELIVERED,497687
130,824.0,2024-08-14 15:20:26,PLACED,491172
131,82.0,2024-11-21 10:27:19,SHIPPED,896483
132,358.0,2024-09-24 22:20:24,DELIVERED,781463
133,488.0,2025-05-27 20:04:40,CANCELLED,336828
134,,2026-03-22 02:42:16,RETURNED,158840
135,56.0,28-08-2025 07:54:42,DELIVERED,158840
136,,2026-06-05 03:50:06,PLACED,679549
137,997.0,2026-05-13 11:15:03,CANCELLED,999908
138,299.0,2025-07-11 08:56:00,PLACED,785491
139,310.0,2025-10-04 01:19:51,PLACED,653815
140,124.0,2026-01-29 18:40:29,PLACED,954814
141,949.0,2025-03-07 12:22:45,DELIVERED,447362
142,630.0,2026-05-14 18:00:47,PLACED,999636
143,396.0,2025-07-08 12:35:48,SHIPPED,340927
144,225.0,2026-01-02 18:27:41,SHIPPED,836986
145,903.0,2026-01-11 01:07:04,SHIPPED,186702
146,372.0,2025-03-14 11:34:34,SHIPPED,781463
147,,2025-10-31 00:09:07,RETURNED,495490
148,719.0,2026-03-23 21:06:43,CANCELLED,414546
149,12.0,2024-12-15 03:04:41,CANCELLED,922478
150,819.0,2025-02-07 04:33:36,SHIPPED,355021
151,776.0,2026-05-28 14:35:44,CANCELLED,524965
152,66.0,26-01-2026 19:43:44,PLACED,340927
153,665.0,2025-07-09 15:16:17,RETURNED,831105
154,652.0,2026-06-05 13:08:12,CANCELLED,986392
155,120.0,2024-12-21 04:54:20,CANCELLED,198042
156,255.0,2025-09-28 13:32:16,PLACED,653815
157,572.0,2025-05-23 16:24:03,SHIPPED,336828
158,133.0,2026-07-01 00:11:05,DELIVERED,321686
159,805.0,2025-01-31 07:04:12,PLACED,624139
160,1000.0,2026-05-07 02:43:49,PLACED,279708
161,817.0,2025-02-25 04:33:44,SHIPPED,133223
162,375.0,2025-11-11 00:06:04,DELIVERED,831105
163,644.0,2025-03-10 10:06:58,CANCELLED,491172
164,825.0,2026-06-09 12:54:55,DELIVERED,693343
165,478.0,2026-01-01 02:37:12,CANCELLED,836986
166,113.0,2026-01-18 21:46:57,DELIVERED,554987
167,119.0,2025-01-14 21:39:22,CANCELLED,776234
168,986.0,2025-08-04 16:26:07,CANCELLED,986392
169,176.0,2026-08-04 02:56:53,PLACED,896483
170,754.0,2025-09-17 00:41:28,DELIVERED,599127
171,861.0,2026-08-06 06:15:25,RETURNED,355021
172,453.0,2024-10-04 02:35:56,DELIVERED,776234
173,169.0,2024-10-25 01:35:40,RETURNED,516176
174,189.0,2026-02-20 03:26:35,SHIPPED,999908
175,,2025-04-04 08:21:13,PLACED,817269
176,69.0,2025-07-04 14:26:28,DELIVERED,491172
177,965.0,2025-02-09 20:13:51,SHIPPED,133223
178,8.0,2025-08-13 20:55:45,SHIPPED,109909
179,97.0,2025-07-12 19:20:47,CANCELLED,497687
180,432.0,01-10-2024 16:04:34,RETURNED,525750
181,372.0,29-12-2025 12:14:17,RETURNED,198042
182,868.0,2026-02-07 20:51:43,CANCELLED,355021
183,435.0,2025-05-14 15:05:04,CANCELLED,922478
184,878.0,2026-02-05 02:36:56,RETURNED,199994
185,462.0,2026-04-26 07:51:07,SHIPPED,186702
186,983.0,2025-05-25 23:09:07,SHIPPED,767678
187,372.0,2024-08-17 01:05:25,DELIVERED,525750
188,302.0,2024-10-31 23:24:37,SHIPPED,999908
189,356.0,2026-06-10 03:39:11,CANCELLED,776234
190,67.0,2025-04-05 03:35:23,PLACED,896483
191,647.0,2026-02-07 02:16:36,PLACED,767678
192,673.0,2025-07-29 07:24:51,SHIPPED,831105
193,837.0,2024-09-28 01:08:57,CANCELLED,186702
194,932.0,2025-09-13 19:38:02,RETURNED,447362
195,782.0,2025-02-02 04:37:23,CANCELLED,497687
196,553.0,2026-07-04 04:06:54,CANCELLED,497687
197,559.0,2024-11-19 15:44:40,CANCELLED,767678
198,555.0,2026-03-31 12:10:29,SHIPPED,516176
199,620.0,2026-04-15 22:43:06,RETURNED,954814
200,597.0,2024-12-11 19:32:03,SHIPPED,184532
201,36.0,2024-08-22 09:34:29,PLACED,989053
202,197.0,2024-10-21 15:01:51,SHIPPED,279708
203,344.0,2025-03-12 01:39:03,DELIVERED,692447
204,500.0,2025-09-03 18:08:32,CANCELLED,624139
205,392.0,2025-05-21 17:02:02,CANCELLED,186702
206,256.0,2024-10-04 21:02:10,RETURNED,491172
207,61.0,2026-02-17 23:43:28,RETURNED,491172
208,683.0,2025-12-17 00:24:14,DELIVERED,825916
209,777.0,2024-11-29 07:52:28,RETURNED,133223
210,511.0,2025-04-27 18:39:26,RETURNED,321686
211,171.0,2025-01-14 11:26:42,PLACED,321686
212,301.0,2024-09-03 08:43:06,CANCELLED,279708
213,12.0,2025-12-15 07:23:51,SHIPPED,495490
214,539.0,2025-01-14 02:34:31,PLACED,340927
215,510.0,2025-12-31 03:48:02,SHIPPED,785491
216,795.0,2026-04-12 05:59:04,PLACED,679549
217,713.0,2026-03-24 23:53:01,DELIVERED,896483
218,497.0,2025-11-20 10:45:57,PLACED,679549
219,622.0,2026-01-14 12:36:42,PLACED,825916
220,425.0,2026-05-26 10:47:40,SHIPPED,336828
221,20.0,2025-05-21 12:58:55,RETURNED,199994
222,276.0,2025-03-22 10:14:26,DELIVERED,653815
223,874.0,2024-09-16 11:46:01,RETURNED,922478
224,957.0,2024-08-12 14:38:43,CANCELLED,692447
225,346.0,2026-02-24 10:21:50,RETURNED,525750
226,27.0,2026-02-20 13:31:36,SHIPPED,336828
227,819.0,18-06-2026 16:29:02,PLACED,624139
228,54.0,2025-05-09 20:56:21,DELIVERED,279708
229,59.0,2025-01-30 10:49:21,DELIVERED,554987
230,910.0,2024-10-14 22:59:27,RETURNED,692447
231,956.0,2025-06-13 05:35:14,DELIVERED,653815
232,980.0,2026-08-01 20:36:59,DELIVERED,184532
233,908.0,2025-04-12 11:00:54,RETURNED,989053
234,7.0,2024-12-27 13:33:41,RETURNED,999636
235,,2025-12-10 20:32:55,PLACED,525750
236,271.0,2025-01-17 07:44:15,CANCELLED,380310
237,580.0,2026-05-15 16:39:49,DELIVERED,447362
238,937.0,14-03-2026 08:08:23,SHIPPED,199994
239,424.0,2026-04-07 19:54:37,SHIPPED,817269
240,,2024-12-09 20:05:24,SHIPPED,653815
241,853.0,2024-12-09 05:26:25,DELIVERED,817269
242,613.0,2025-06-08 20:21:01,CANCELLED,767678
243,630.0,2024-10-26 20:42:33,SHIPPED,624139
244,435.0,2025-04-05 04:08:06,DELIVERED,922478
245,919.0,2025-09-23 18:30:39,CANCELLED,198042
246,,2024-12-25 15:54:16,CANCELLED,933551
247,185.0,2025-01-07 11:57:52,PLACED,524965
248,254.0,2025-09-08 21:43:08,RETURNED,340927
249,68.0,2026-06-26 01:35:57,DELIVERED,199994
250,232.0,2024-11-05 10:43:30,DELIVERED,599127
251,678.0,2025-01-12 08:44:10,CANCELLED,999908
252,326.0,2025-04-26 16:10:22,RETURNED,364679
253,121.0,2024-12-14 00:41:52,PLACED,144618
254,29.0,2025-05-29 22:57:52,CANCELLED,922478
255,848.0,2025-03-28 05:01:11,DELIVERED,933551
256,385.0,2025-05-20 11:52:54,RETURNED,524965
257,208.0,2025-07-10 07:53:14,SHIPPED,495490
258,224.0,2024-09-26 10:12:49,SHIPPED,767678
259,418.0,2026-03-27 14:31:30,DELIVERED,999908
260,242.0,2025-11-26 23:22:18,DELIVERED,781463
261,798.0,2025-05-05 17:37:39,RETURNED,624139
262,104.0,2024-09-27 09:16:03,SHIPPED,624139
263,206.0,2025-01-15 20:33:07,CANCELLED,781463
264,135.0,2025-03-17 11:12:06,PLACED,471658
265,765.0,2025-10-20 15:56:00,PLACED,922478
266,331.0,2026-07-28 08:07:44,CANCELLED,954814
267,495.0,22-10-2024 13:47:42,PLACED,692447
268,978.0,2025-09-04 20:55:30,CANCELLED,599127
269,850.0,2026-08-02 18:22:01,PLACED,495490
270,170.0,2026-04-22 10:47:34,SHIPPED,199994
271,908.0,2024-12-12 10:47:12,SHIPPED,447362
272,367.0,2026-07-10 18:11:02,DELIVERED,692447
273,839.0,2025-10-21 09:25:51,DELIVERED,516176
274,536.0,2026-07-27 02:33:37,DELIVERED,968286
275,545.0,2025-12-30 20:18:53,PLACED,133223
276,231.0,2025-12-17 09:28:28,SHIPPED,380310
277,,2026-07-20 11:55:01,CANCELLED,922478
278,561.0,28-12-2025 22:49:37,DELIVERED,144618
279,367.0,2025-04-08 18:07:43,SHIPPED,495490
280,541.0,2025-11-16 07:33:35,PLACED,653815
281,941.0,2026-05-16 22:08:01,PLACED,364679
282,244.0,2025-03-29 11:17:32,SHIPPED,158840
283,405.0,2026-04-23 05:53:15,PLACED,525750
284,491.0,2025-07-27 09:19:35,RETURNED,414546
285,768.0,2025-04-10 23:45:06,RETURNED,999636
286,241.0,2025-10-27 17:21:43,CANCELLED,364679
287,448.0,2025-10-10 13:26:03,PLACED,199994
288,78.0,2025-05-15 12:23:59,DELIVERED,491172
289,210.0,2025-11-20 03:23:55,CANCELLED,199994
290,16.0,2025-01-25 23:37:11,SHIPPED,158840
291,762.0,2025-10-12 08:03:52,PLACED,414546
292,389.0,2026-08-01 04:40:01,CANCELLED,516176
293,987.0,2025-01-26 02:46:59,PLACED,182857
294,917.0,2025-11-02 10:22:37,DELIVERED,133223
295,655.0,2026-05-26 06:45:16,DELIVERED,525750
296,372.0,2025-03-22 19:26:02,CANCELLED,825916
297,326.0,2026-01-30 05:35:22,SHIPPED,447362
298,584.0,2026-02-13 08:31:01,SHIPPED,933551
299,928.0,2025-11-04 22:17:31,RETURNED,624139
300,720.0,2024-09-21 23:23:22,PLACED,776234
301,133.0,2025-05-09 18:48:59,SHIPPED,679549
302,782.0,2025-03-13 20:57:18,DELIVERED,144618
303,114.0,2024-11-27 23:51:50,SHIPPED,922478
304,,2025-01-05 12:02:00,SHIPPED,497687
305,500.0,2024-09-05 21:24:37,RETURNED,999636
306,407.0,2026-06-14 17:36:49,CANCELLED,336828
307,355.0,2025-10-20 02:00:54,PLACED,182857
308,27.0,01-07-2026 03:30:02,SHIPPED,321686
309,446.0,2026-01-31 05:07:22,PLACED,986392
310,294.0,2025-04-06 07:16:50,CANCELLED,896483
311,43.0,2025-02-28 08:49:38,CANCELLED,999908
312,501.0,2025-11-22 08:10:14,SHIPPED,817269
313,89.0,2026-02-15 17:27:42,DELIVERED,447362
314,664.0,2025-08-24 16:32:27,PLACED,817269
315,541.0,2026-07-24 07:05:32,RETURNED,554987
316,930.0,2025-11-25 14:05:12,RETURNED,144618
317,202.0,2025-03-07 21:54:16,RETURNED,184532
318,226.0,2024-08-26 12:13:41,PLACED,693343
319,581.0,2026-04-19 20:54:11,DELIVERED,336828
320,28.0,2025-04-08 04:31:10,RETURNED,554987
321,,2025-02-02 03:50:27,RETURNED,831105
322,258.0,2025-09-07 03:48:10,CANCELLED,184532
323,210.0,2026-06-02 11:29:09,PLACED,817269
324,320.0,2025-12-07 23:24:51,CANCELLED,198042
325,937.0,2025-02-06 14:35:29,PLACED,817269
326,171.0,2025-12-24 07:08:07,CANCELLED,922478
327,135.0,2026-01-16 18:48:56,RETURNED,933551
328,534.0,2025-10-27 09:07:12,RETURNED,364679
329,469.0,2025-05-14 20:52:33,DELIVERED,999908
330,958.0,2025-04-01 03:38:00,SHIPPED,198042
331,710.0,2025-06-28 08:06:24,RETURNED,497687
332,135.0,2024-08-13 14:47:06,DELIVERED,279708
333,153.0,2026-05-06 14:56:03,SHIPPED,321686
334,247.0,2024-09-29 07:47:24,CANCELLED,825916
335,52.0,2024-12-27 19:03:35,PLACED,954814
336,248.0,2025-11-15 14:15:54,RETURNED,933551
337,131.0,2024-11-20 14:07:09,PLACED,968286
338,163.0,2025-01-05 09:08:07,SHIPPED,471658
339,168.0,2024-10-15 05:31:46,PLACED,524965
340,338.0,2025-10-16 02:33:51,RETURNED,184532
341,592.0,2026-04-08 09:24:48,RETURNED,825916
342,95.0,2026-06-20 20:56:27,CANCELLED,495490
343,882.0,2025-01-28 19:43:25,CANCELLED,516176
344,951.0,2024-10-05 07:11:26,RETURNED,279708
345,5.0,2026-01-20 19:00:32,RETURNED,581294
346,695.0,2025-03-24 17:16:02,DELIVERED,516176
347,945.0,2026-01-18 08:53:10,DELIVERED,516176
348,45.0,2025-02-04 02:45:17,RETURNED,336828
349,791.0,2024-12-16 02:01:50,SHIPPED,279708
350,349.0,2025-02-07 01:39:38,DELIVERED,524965
351,806.0,2025-03-05 15:31:04,RETURNED,922478
352,8.0,02-07-2025 15:43:24,PLACED,785491
353,,2025-11-16 11:56:53,CANCELLED,144618
354,525.0,23-02-2025 18:58:51,SHIPPED,380310
355,367.0,2026-03-02 22:01:49,SHIPPED,516176
356,852.0,2024-10-06 15:38:58,CANCELLED,491172
357,728.0,2026-07-20 15:13:08,CANCELLED,776234
358,354.0,2025-05-27 02:40:44,RETURNED,380310
359,700.0,2024-12-09 18:02:30,DELIVERED,693343
360,863.0,2025-06-27 14:50:29,SHIPPED,491172
361,753.0,2025-08-13 07:23:40,PLACED,653815
362,78.0,2026-01-28 01:15:17,SHIPPED,199994
363,691.0,2026-02-15 14:29:29,PLACED,692447
364,378.0,2026-03-30 21:44:54,CANCELLED,896483
365,298.0,2026-03-11 21:08:11,RETURNED,836986
366,623.0,2024-08-23 16:09:58,DELIVERED,692447
367,529.0,2025-05-14 19:42:30,DELIVERED,525750
368,226.0,2026-04-25 01:30:22,DELIVERED,144618
369,78.0,2026-02-14 12:47:16,PLACED,825916
370,422.0,2026-06-13 08:42:48,PLACED,781463
371,119.0,2025-10-17 23:19:01,CANCELLED,989053
372,428.0,2024-11-28 19:38:30,RETURNED,933551
373,414.0,2026-01-22 00:05:46,DELIVERED,653815
374,151.0,2025-02-13 03:33:46,RETURNED,922478
375,937.0,2025-07-13 21:21:32,PLACED,767678
376,867.0,2025-07-06 13:11:59,CANCELLED,109909
377,551.0,2025-05-10 05:44:35,DELIVERED,380310
378,907.0,2025-10-25 21:23:37,CANCELLED,624139
379,451.0,2024-09-30 18:03:34,SHIPPED,133223
380,287.0,2024-11-17 00:38:29,SHIPPED,968286
381,482.0,2025-07-17 23:39:45,PLACED,624139
382,25.0,2024-11-30 05:24:10,PLACED,414546
383,930.0,2024-12-25 17:16:36,RETURNED,364679
384,,2024-08-18 13:51:08,PLACED,364679
385,911.0,2025-08-09 22:52:36,SHIPPED,471658
386,,2026-01-21 01:15:18,CANCELLED,133223
387,81.0,2025-08-03 04:46:43,CANCELLED,581294
388,119.0,2026-06-16 09:37:10,SHIPPED,471658
389,243.0,2026-06-27 01:28:23,RETURNED,653815
390,214.0,19-07-2026 03:03:32,CANCELLED,414546
391,129.0,2025-05-08 18:38:43,DELIVERED,817269
392,,2025-08-01 19:25:23,CANCELLED,144618
393,962.0,2025-11-20 11:24:23,DELIVERED,989053
394,,2025-10-12 22:47:56,PLACED,624139
395,811.0,2025-06-03 19:30:56,DELIVERED,491172
396,79.0,2024-09-06 13:32:33,RETURNED,999636
397,435.0,2026-06-13 09:57:13,PLACED,355021
398,903.0,2025-05-17 07:25:58,SHIPPED,836986
399,220.0,2025-09-26 08:49:35,PLACED,524965
400,464.0,2024-12-29 01:57:49,PLACED,599127
401,182.0,2025-06-23 21:48:51,DELIVERED,825916
402,649.0,2025-02-11 15:54:57,DELIVERED,999908
403,,2026-06-07 04:38:00,PLACED,186702
404,125.0,2026-01-18 18:54:21,CANCELLED,364679
405,137.0,2025-08-16 11:03:26,DELIVERED,831105
406,1.0,2025-08-01 03:07:54,DELIVERED,624139
407,,2025-12-25 03:06:49,DELIVERED,340927
408,497.0,2025-12-30 22:46:12,RETURNED,817269
409,525.0,2025-11-27 16:13:31,CANCELLED,133223
410,503.0,2026-06-17 00:07:48,RETURNED,767678
411,898.0,2026-01-28 14:09:35,SHIPPED,144618
412,586.0,2025-02-02 05:39:44,RETURNED,321686
413,540.0,2024-09-03 09:49:05,SHIPPED,581294
414,171.0,2026-03-26 04:11:23,PLACED,497687
415,293.0,2025-11-13 02:24:29,PLACED,414546
416,771.0,2025-12-16 07:37:01,RETURNED,896483
417,4.0,2025-12-31 16:34:56,PLACED,781463
418,936.0,2025-11-23 14:31:33,PLACED,321686
419,473.0,2025-02-16 02:22:20,CANCELLED,340927
420,804.0,2025-07-07 21:56:34,DELIVERED,182857
421,325.0,2025-12-19 16:58:43,SHIPPED,836986
422,217.0,2025-02-10 22:54:13,SHIPPED,497687
423,544.0,2025-10-23 01:26:27,CANCELLED,380310
424,822.0,2026-07-05 10:58:02,SHIPPED,653815
425,725.0,2026-04-15 21:54:03,DELIVERED,516176
426,389.0,2024-08-18 05:08:28,PLACED,414546
427,961.0,2026-02-23 09:09:44,RETURNED,497687
428,768.0,2025-11-22 22:06:49,DELIVERED,599127
429,552.0,2026-06-09 23:11:53,PLACED,986392
430,38.0,2025-05-26 16:33:13,PLACED,109909
431,,2025-10-11 09:07:52,SHIPPED,922478
432,914.0,2026-05-29 08:40:16,CANCELLED,933551
433,365.0,22-08-2025 23:35:26,RETURNED,624139
434,269.0,2024-12-25 03:12:24,PLACED,495490
435,730.0,2025-06-14 03:42:51,SHIPPED,817269
436,,2026-04-07 07:37:08,DELIVERED,968286
437,243.0,2025-02-09 22:03:54,DELIVERED,524965
438,969.0,2025-03-17 23:12:59,DELIVERED,999908
439,429.0,2026-07-17 01:48:34,CANCELLED,989053
440,815.0,2025-12-03 05:06:34,SHIPPED,933551
441,320.0,2025-05-15 19:42:51,SHIPPED,525750
442,815.0,2025-03-22 04:11:08,RETURNED,182857
443,42.0,2025-06-05 20:58:45,SHIPPED,182857
444,737.0,2026-05-11 09:28:49,SHIPPED,679549
445,390.0,2026-01-22 17:41:42,CANCELLED,999908
446,413.0,2024-10-13 02:56:04,CANCELLED,491172
447,10.0,2025-11-16 22:03:17,RETURNED,896483
448,265.0,2026-02-27 13:25:25,SHIPPED,679549
449,387.0,2025-04-17 18:34:39,DELIVERED,599127
450,366.0,2024-11-21 10:49:56,DELIVERED,491172
451,937.0,2026-02-07 03:13:27,PLACED,692447
452,300.0,2026-06-19 13:27:26,DELIVERED,653815
453,736.0,2025-05-26 21:52:15,RETURNED,471658
454,753.0,2025-03-22 06:18:55,SHIPPED,999908
455,41.0,2026-07-31 04:54:18,SHIPPED,516176
456,815.0,2026-03-28 13:23:41,SHIPPED,896483
457,223.0,2024-08-10 08:31:22,CANCELLED,109909
458,248.0,2024-09-29 05:16:32,PLACED,999636
459,302.0,2025-12-30 20:20:18,DELIVERED,968286
460,14.0,2025-08-27 16:13:46,SHIPPED,954814
461,358.0,30-11-2025 07:35:57,CANCELLED,679549
462,32.0,2026-01-26 16:11:33,RETURNED,340927
463,123.0,2024-12-11 20:19:33,RETURNED,817269
464,81.0,09-05-2025 21:03:22,PLACED,599127
465,128.0,2026-01-05 11:51:56,PLACED,525750
466,472.0,2024-12-31 20:26:56,PLACED,364679
467,891.0,2024-12-20 03:18:36,PLACED,825916
468,942.0,2026-07-03 01:12:07,SHIPPED,525750
469,332.0,2025-07-04 09:36:59,SHIPPED,524965
470,395.0,2026-03-27 01:59:59,DELIVERED,999636
471,452.0,22-12-2024 19:21:54,PLACED,986392
472,760.0,2024-09-21 06:53:35,RETURNED,968286
473,146.0,2024-12-20 16:22:19,PLACED,954814
474,169.0,14-02-2026 18:09:32,PLACED,831105
475,912.0,2025-02-14 15:40:52,CANCELLED,525750
476,798.0,2026-05-30 07:04:12,PLACED,781463
477,233.0,2025-06-03 19:36:00,PLACED,471658
478,171.0,2025-11-10 02:15:36,CANCELLED,380310
479,625.0,2025-11-08 07:54:19,SHIPPED,624139
480,957.0,2026-05-05 12:33:13,CANCELLED,144618
481,295.0,2024-12-08 13:17:30,CANCELLED,767678
482,857.0,2025-03-11 07:47:06,PLACED,198042
483,960.0,2025-05-12 03:00:12,CANCELLED,355021
484,587.0,2025-02-27 08:54:36,DELIVERED,336828
485,102.0,2025-04-16 03:17:28,SHIPPED,989053
486,180.0,2025-10-11 00:07:10,DELIVERED,679549
487,721.0,2025-07-24 07:06:39,SHIPPED,471658
488,398.0,2025-12-13 16:08:06,RETURNED,776234
489,657.0,2024-10-21 20:11:07,RETURNED,817269
490,931.0,2024-09-22 19:15:38,DELIVERED,767678
491,414.0,2026-02-09 09:01:18,CANCELLED,186702
492,498.0,2024-08-14 11:32:32,CANCELLED,380310
493,837.0,2025-10-08 16:00:07,PLACED,989053
494,,2026-07-31 15:18:26,CANCELLED,525750
495,732.0,2024-10-18 22:37:58,CANCELLED,831105
496,861.0,2025-08-25 18:09:59,RETURNED,817269
497,720.0,2024-08-14 12:09:40,RETURNED,954814
498,632.0,2025-10-23 16:05:21,CANCELLED,653815
499,147.0,2026-07-31 02:38:59,DELIVERED,158840
500,276.0,2026-02-16 08:42:56,RETURNED,767678
501,382.0,2026-06-21 02:28:31,DELIVERED,624139
502,609.0,2025-07-20 21:19:13,RETURNED,999908
503,431.0,2025-04-12 09:29:44,CANCELLED,989053
504,278.0,2025-06-18 21:49:22,SHIPPED,954814
505,120.0,2025-05-07 01:16:29,DELIVERED,554987
506,21.0,2026-05-21 10:34:08,SHIPPED,954814
507,862.0,2026-08-09 06:38:25,DELIVERED,380310
508,640.0,2026-03-28 21:25:15,CANCELLED,836986
509,355.0,2026-06-27 13:51:05,DELIVERED,825916
510,324.0,2025-12-08 00:40:52,RETURNED,414546
511,84.0,2025-05-12 15:24:03,SHIPPED,182857
512,567.0,2024-09-20 00:22:45,SHIPPED,693343
513,189.0,2025-04-26 06:34:54,SHIPPED,989053
514,404.0,2025-04-07 10:43:28,RETURNED,340927
515,540.0,2024-10-21 09:06:34,PLACED,321686
516,380.0,2025-07-08 23:20:13,SHIPPED,624139
517,143.0,2026-01-01 07:15:12,CANCELLED,896483
518,837.0,2026-01-20 23:03:36,SHIPPED,355021
519,25.0,2026-05-19 20:19:17,SHIPPED,986392
520,319.0,2024-11-18 15:19:40,DELIVERED,340927
521,585.0,2025-10-22 21:13:50,DELIVERED,986392
522,983.0,2026-05-05 23:49:53,PLACED,653815
523,228.0,2025-03-01 08:20:19,DELIVERED,624139
524,842.0,2026-01-02 00:01:11,RETURNED,581294
525,527.0,2026-03-27 13:56:39,RETURNED,831105
526,663.0,2025-05-05 07:59:02,CANCELLED,279708
527,,2025-11-03 21:29:35,DELIVERED,355021
528,320.0,2025-12-03 11:56:51,CANCELLED,471658
529,28.0,2025-07-22 07:48:58,PLACED,380310
530,462.0,2025-06-06 23:35:06,SHIPPED,554987
531,463.0,2024-12-24 11:37:59,SHIPPED,954814
532,244.0,2026-07-30 14:06:25,RETURNED,158840
533,928.0,2026-07-09 16:06:17,PLACED,781463
534,204.0,2026-03-25 19:17:42,RETURNED,831105
535,450.0,2024-08-21 08:24:09,SHIPPED,781463
536,700.0,2025-04-29 07:47:59,SHIPPED,999908
537,285.0,2024-09-11 14:59:24,PLACED,954814
538,922.0,2026-03-22 02:33:50,SHIPPED,986392
539,897.0,2025-04-03 23:47:58,SHIPPED,825916
540,647.0,2025-06-29 18:12:37,PLACED,836986
541,221.0,2025-10-26 10:19:33,DELIVERED,933551
542,286.0,2025-05-28 12:21:07,DELIVERED,653815
543,,2025-10-30 16:31:22,CANCELLED,986392
544,883.0,2024-10-07 15:22:27,PLACED,781463
545,703.0,2025-06-17 18:52:15,DELIVERED,999908
546,852.0,2026-06-20 15:10:08,SHIPPED,692447
547,397.0,2026-06-20 03:58:01,CANCELLED,922478
548,422.0,2026-07-31 02:12:17,CANCELLED,447362
549,206.0,2026-04-27 07:06:49,DELIVERED,355021
550,821.0,2026-06-01 10:25:42,RETURNED,199994
551,911.0,2026-01-27 13:51:10,RETURNED,896483
552,528.0,2025-03-11 20:42:45,SHIPPED,693343
553,845.0,2024-12-29 16:50:36,RETURNED,355021
554,503.0,2024-11-21 18:41:08,CANCELLED,785491
555,985.0,2025-08-24 02:11:33,DELIVERED,525750
556,298.0,2025-09-30 22:59:42,SHIPPED,144618
557,202.0,2026-04-27 01:54:00,PLACED,199994
558,710.0,12-08-2025 19:53:41,RETURNED,524965
559,858.0,2024-11-10 14:27:07,RETURNED,471658
560,3.0,2026-03-14 06:19:37,SHIPPED,554987
561,971.0,2025-03-17 07:56:30,DELIVERED,776234
562,256.0,2025-12-13 20:39:02,SHIPPED,922478
563,,2025-09-14 01:12:39,RETURNED,182857
564,774.0,2026-05-10 05:10:20,CANCELLED,581294
565,804.0,2024-12-09 23:04:11,DELIVERED,340927
566,119.0,2025-07-01 04:55:56,PLACED,817269
567,634.0,2024-11-01 16:52:13,DELIVERED,999908
568,266.0,2025-12-06 05:58:17,SHIPPED,922478
569,,2025-02-01 04:13:10,PLACED,653815
570,967.0,10-01-2025 19:14:00,DELIVERED,679549
571,70.0,2026-02-10 10:30:34,PLACED,968286
572,309.0,2025-12-04 03:10:57,SHIPPED,817269
573,436.0,2024-10-13 12:43:25,PLACED,896483
574,11.0,2025-06-22 21:11:25,DELIVERED,182857
575,193.0,2026-01-14 01:17:57,PLACED,380310
576,548.0,2024-12-04 06:00:57,CANCELLED,679549
577,928.0,2026-06-18 19:03:28,CANCELLED,692447
578,878.0,2026-05-30 13:38:55,CANCELLED,767678
579,155.0,2026-02-19 23:24:23,CANCELLED,896483
580,177.0,2025-01-17 04:22:29,RETURNED,198042
581,32.0,2025-02-13 09:28:04,PLACED,158840
582,945.0,2025-07-23 03:09:06,RETURNED,447362
583,659.0,2026-05-26 19:34:41,SHIPPED,692447
584,322.0,2024-11-07 02:56:42,CANCELLED,933551
585,55.0,2024-11-16 08:51:52,PLACED,184532
586,515.0,2025-09-03 16:12:16,PLACED,999908
587,439.0,2026-01-21 02:27:54,DELIVERED,182857
588,215.0,2024-10-14 06:25:46,PLACED,781463
589,39.0,2025-12-27 12:52:57,SHIPPED,198042
590,177.0,2026-05-08 03:17:32,SHIPPED,144618
591,431.0,2026-06-20 20:22:01,PLACED,186702
592,793.0,2026-02-19 23:54:26,PLACED,781463
593,738.0,2025-10-21 23:40:16,RETURNED,776234
594,776.0,2025-11-22 14:54:39,CANCELLED,653815
595,191.0,2025-05-11 14:24:43,PLACED,495490
596,,2026-01-15 06:42:34,SHIPPED,554987
597,839.0,2026-01-28 20:05:25,CANCELLED,692447
598,329.0,2025-05-14 23:45:41,PLACED,182857
599,875.0,2025-11-21 05:52:32,DELIVERED,336828
600,624.0,23-09-2025 15:48:29,SHIPPED,497687
601,446.0,2026-04-26 14:18:04,RETURNED,144618
602,815.0,2026-03-22 18:09:40,RETURNED,968286
603,721.0,2025-01-19 12:02:02,DELIVERED,785491
604,230.0,2024-11-01 17:04:08,SHIPPED,182857
605,994.0,2024-10-12 06:01:03,PLACED,524965
606,202.0,2024-10-13 07:35:51,RETURNED,186702
607,517.0,2026-02-01 04:21:45,CANCELLED,581294
608,544.0,2026-06-24 19:34:31,PLACED,133223
609,94.0,2026-02-04 03:07:44,PLACED,495490
610,924.0,2024-11-02 00:21:59,PLACED,184532
611,366.0,2025-05-04 19:50:13,RETURNED,158840
612,997.0,2026-04-24 13:01:31,SHIPPED,182857
613,,2026-07-07 03:07:16,PLACED,336828
614,312.0,2025-10-04 15:04:37,SHIPPED,922478
615,,2024-08-10 10:16:28,DELIVERED,516176
616,,2024-09-23 09:47:06,CANCELLED,491172
617,270.0,2025-09-04 10:47:00,DELIVERED,524965
618,434.0,2026-04-20 00:07:28,CANCELLED,767678
619,284.0,2026-07-25 23:05:56,DELIVERED,516176
620,793.0,2025-03-30 16:40:31,RETURNED,198042
621,597.0,2025-05-02 20:16:15,SHIPPED,133223
622,351.0,2025-12-18 10:02:51,CANCELLED,133223
623,267.0,2026-03-14 01:50:54,SHIPPED,679549
624,570.0,2025-08-23 20:52:47,PLACED,968286
625,910.0,2025-10-22 16:07:10,CANCELLED,599127
626,480.0,2025-01-18 11:19:37,DELIVERED,414546
627,927.0,2025-05-24 23:16:30,DELIVERED,624139
628,691.0,2025-09-06 09:56:29,PLACED,581294
629,435.0,2025-07-11 15:54:53,PLACED,516176
630,670.0,2024-11-22 21:40:22,DELIVERED,279708
631,369.0,2026-06-28 23:08:28,CANCELLED,321686
632,627.0,2026-04-12 18:31:42,RETURNED,414546
633,404.0,2025-08-09 07:40:27,RETURNED,380310
634,786.0,2025-07-08 03:26:37,CANCELLED,836986
635,354.0,2025-10-22 13:27:03,CANCELLED,279708
636,482.0,2024-11-23 18:10:59,CANCELLED,624139
637,232.0,2025-12-08 05:27:26,SHIPPED,158840
638,360.0,2026-03-17 12:42:37,DELIVERED,516176
639,307.0,2026-01-04 16:55:29,CANCELLED,653815
640,,2025-10-20 16:07:48,PLACED,109909
641,591.0,2025-03-22 20:11:03,RETURNED,836986
642,272.0,2026-08-02 14:55:40,RETURNED,999636
643,821.0,2024-11-07 09:21:35,RETURNED,581294
644,761.0,2026-08-07 09:07:09,PLACED,321686
645,845.0,2026-01-07 07:15:26,CANCELLED,355021
646,804.0,2025-07-24 13:52:17,SHIPPED,336828
647,936.0,2026-04-06 12:59:45,SHIPPED,525750
648,693.0,2025-08-05 19:23:52,PLACED,495490
649,94.0,2026-01-05 13:30:03,PLACED,999636
650,693.0,2025-05-11 09:07:22,CANCELLED,831105
651,714.0,2026-07-26 21:46:21,SHIPPED,554987
652,607.0,2025-04-09 13:22:42,DELIVERED,999908
653,784.0,2026-04-05 22:55:30,PLACED,516176
654,,2025-01-10 01:12:56,CANCELLED,186702
655,320.0,2026-01-26 09:27:29,CANCELLED,186702
656,102.0,2026-03-24 04:43:07,DELIVERED,989053
657,548.0,2026-01-02 20:03:16,RETURNED,599127
658,925.0,2024-09-16 14:24:54,PLACED,199994
659,522.0,2026-05-03 09:11:04,RETURNED,986392
660,15.0,2024-12-17 23:20:41,RETURNED,497687
661,799.0,2025-07-31 07:32:44,PLACED,497687
662,676.0,2025-05-22 09:50:07,SHIPPED,581294
663,346.0,2026-07-29 06:41:34,RETURNED,986392
664,670.0,2025-12-03 18:30:29,RETURNED,321686
665,94.0,2026-04-21 00:39:45,PLACED,182857
666,519.0,2026-08-03 03:41:33,RETURNED,825916
667,220.0,13-09-2025 11:07:12,PLACED,184532
668,470.0,2025-04-12 16:09:38,RETURNED,896483
669,309.0,2025-12-17 09:26:32,CANCELLED,968286
670,635.0,2026-08-02 14:33:46,CANCELLED,447362
671,143.0,2026-02-13 16:43:46,CANCELLED,624139
672,717.0,2025-05-21 20:46:42,RETURNED,158840
673,647.0,2025-08-29 18:45:47,PLACED,355021
674,565.0,2025-03-03 22:58:01,DELIVERED,524965
675,616.0,2025-12-30 21:23:00,SHIPPED,776234
676,822.0,2024-12-29 17:06:37,RETURNED,999636
677,538.0,2026-04-26 16:15:03,CANCELLED,471658
678,577.0,2025-05-23 20:16:39,CANCELLED,781463
679,,2024-11-12 19:44:09,SHIPPED,380310
680,347.0,2026-02-09 17:13:22,CANCELLED,989053
681,377.0,2025-10-07 03:51:22,DELIVERED,954814
682,520.0,2026-03-20 06:58:48,DELIVERED,785491
683,481.0,2026-04-21 23:18:15,DELIVERED,989053
684,649.0,2026-01-09 12:59:45,CANCELLED,199994
685,449.0,2025-07-09 10:05:17,PLACED,414546
686,564.0,2024-12-06 18:39:39,SHIPPED,785491
687,152.0,2024-11-17 16:30:02,CANCELLED,825916
688,190.0,2025-12-30 14:00:22,DELIVERED,989053
689,,2025-03-09 19:57:01,CANCELLED,554987
690,318.0,2024-11-22 23:48:47,PLACED,831105
691,37.0,2025-01-15 13:06:43,CANCELLED,336828
692,123.0,2026-02-06 21:07:52,CANCELLED,340927
693,730.0,2026-01-28 08:06:21,CANCELLED,321686
694,881.0,2024-08-15 20:57:17,RETURNED,133223
695,524.0,2026-01-21 11:59:12,PLACED,109909
696,106.0,2025-10-03 17:25:48,SHIPPED,933551
697,780.0,2025-12-17 16:47:24,DELIVERED,653815
698,883.0,2026-08-01 06:28:42,RETURNED,524965
699,789.0,2024-11-25 00:35:46,SHIPPED,825916
700,348.0,04-07-2026 10:46:20,RETURNED,624139
701,459.0,2025-06-17 04:45:15,PLACED,355021
702,773.0,2026-04-16 00:25:43,SHIPPED,831105
703,614.0,2026-06-16 14:46:42,PLACED,817269
704,690.0,2024-10-18 08:42:38,PLACED,599127
705,287.0,2026-07-21 19:19:54,PLACED,133223
706,30.0,2024-12-18 10:05:07,SHIPPED,989053
707,537.0,2024-09-16 12:45:50,DELIVERED,599127
708,518.0,2026-07-26 06:35:22,RETURNED,524965
709,456.0,2025-11-27 02:03:02,PLACED,999636
710,10.0,2025-10-16 15:55:07,PLACED,817269
711,163.0,2026-07-18 13:38:09,DELIVERED,767678
712,916.0,2025-11-10 04:37:47,RETURNED,679549
713,506.0,2025-05-31 07:28:36,SHIPPED,158840
714,593.0,2024-09-03 00:47:38,RETURNED,186702
715,990.0,2025-02-01 03:24:34,DELIVERED,896483
716,495.0,2025-08-01 03:12:09,SHIPPED,968286
717,931.0,2025-12-24 18:15:18,PLACED,184532
718,309.0,2026-07-07 11:39:16,PLACED,198042
719,171.0,2025-11-29 01:22:16,PLACED,692447
720,805.0,2025-05-10 09:41:00,RETURNED,825916
721,535.0,2025-12-27 13:03:47,SHIPPED,414546
722,,2026-03-13 04:06:28,SHIPPED,999636
723,662.0,2025-12-03 05:41:04,SHIPPED,989053
724,512.0,2026-02-28 07:39:04,CANCELLED,109909
725,192.0,2026-05-02 23:47:09,PLACED,825916
726,628.0,2025-11-27 05:47:14,PLACED,158840
727,38.0,2025-02-26 05:48:12,SHIPPED,447362
728,976.0,2025-11-29 08:21:27,SHIPPED,554987
729,256.0,2025-05-04 12:34:46,PLACED,414546
730,39.0,2024-11-04 20:38:13,DELIVERED,554987
731,335.0,2024-10-08 13:36:00,DELIVERED,653815
732,284.0,2025-08-01 13:35:27,DELIVERED,495490
733,741.0,10-12-2025 17:47:31,CANCELLED,896483
734,264.0,2025-08-16 13:30:50,CANCELLED,968286
735,173.0,2024-08-26 00:32:31,SHIPPED,599127
736,806.0,2025-10-01 18:05:30,DELIVERED,999636
737,656.0,2025-10-01 11:55:56,RETURNED,776234
738,442.0,2025-02-25 03:39:35,CANCELLED,986392
739,534.0,2026-02-04 16:07:45,PLACED,364679
740,451.0,2026-03-12 10:54:02,RETURNED,693343
741,807.0,19-12-2024 11:44:47,DELIVERED,186702
742,38.0,2025-07-28 21:27:38,RETURNED,554987
743,555.0,2025-11-23 01:36:25,DELIVERED,785491
744,664.0,21-06-2025 23:30:19,PLACED,158840
745,91.0,2025-09-30 14:45:48,PLACED,781463
746,163.0,2024-10-20 20:12:15,DELIVERED,922478
747,126.0,2024-09-24 14:04:11,DELIVERED,989053
748,19.0,2026-06-04 02:54:18,DELIVERED,447362
749,246.0,2026-03-13 02:20:52,DELIVERED,831105
750,556.0,2024-12-22 06:14:53,SHIPPED,836986
751,437.0,2026-03-25 23:39:30,SHIPPED,380310
752,962.0,2024-08-23 15:01:56,RETURNED,524965
753,,2025-09-19 09:25:40,DELIVERED,999636
754,803.0,2025-09-05 01:02:59,SHIPPED,144618
755,367.0,2026-03-25 11:52:58,PLACED,447362
756,74.0,2025-08-01 02:06:16,CANCELLED,184532
757,780.0,2025-08-23 05:58:24,DELIVERED,497687
758,609.0,2025-10-10 07:54:19,CANCELLED,198042
759,167.0,2026-01-12 13:57:18,PLACED,986392
760,67.0,2026-03-09 07:56:08,RETURNED,831105
761,345.0,2024-11-07 20:19:21,DELIVERED,144618
762,590.0,2026-02-10 05:52:32,SHIPPED,999636
763,128.0,2026-07-15 14:42:16,RETURNED,922478
764,106.0,2026-05-26 21:10:50,CANCELLED,693343
765,725.0,19-12-2024 04:09:56,DELIVERED,109909
766,326.0,2025-10-20 20:01:38,DELIVERED,692447
767,976.0,2024-12-18 15:25:36,RETURNED,355021
768,862.0,2025-09-18 09:57:49,DELIVERED,182857
769,247.0,2026-03-16 23:03:26,CANCELLED,525750
770,630.0,2024-11-07 02:01:09,DELIVERED,144618
771,310.0,2024-11-11 07:11:17,RETURNED,321686
772,205.0,06-01-2025 20:22:18,SHIPPED,999636
773,301.0,2024-12-04 23:06:32,DELIVERED,447362
774,421.0,2025-09-24 02:15:41,PLACED,414546
775,7.0,2026-04-23 04:03:45,DELIVERED,414546
776,853.0,2024-09-03 18:32:37,DELIVERED,497687
777,889.0,2026-07-26 00:28:58,DELIVERED,133223
778,44.0,2025-08-13 22:23:50,DELIVERED,986392
779,795.0,2025-05-01 18:36:04,DELIVERED,599127
780,,2025-09-10 21:29:00,PLACED,158840
781,966.0,2025-06-14 05:34:51,PLACED,922478
782,842.0,2026-06-30 16:08:24,RETURNED,986392
783,77.0,2024-08-09 06:20:53,RETURNED,933551
784,678.0,2025-03-16 18:49:21,CANCELLED,831105
785,738.0,2026-07-01 09:25:42,RETURNED,491172
786,532.0,2025-08-23 15:28:28,CANCELLED,836986
787,323.0,2026-03-04 00:33:14,DELIVERED,497687
788,84.0,2025-12-03 16:52:56,PLACED,581294
789,889.0,2025-06-30 04:58:37,SHIPPED,831105
790,15.0,2025-10-04 17:47:17,DELIVERED,497687
791,990.0,2025-12-29 23:02:01,RETURNED,599127
792,244.0,2025-08-25 23:58:55,SHIPPED,999908
793,46.0,2026-07-30 11:16:08,SHIPPED,825916
794,722.0,2025-04-23 09:59:47,PLACED,767678
795,294.0,2025-09-06 08:28:42,DELIVERED,922478
796,607.0,2025-01-09 11:39:12,SHIPPED,999908
797,797.0,2024-10-20 12:37:43,PLACED,364679
798,858.0,2026-03-31 00:32:40,CANCELLED,989053
799,535.0,2025-01-29 09:34:39,SHIPPED,321686
800,953.0,2024-12-24 14:03:54,SHIPPED,624139
801,333.0,2025-03-16 03:12:23,SHIPPED,767678
802,,2026-04-09 10:04:44,PLACED,525750
803,307.0,2026-07-09 13:55:38,RETURNED,495490
804,541.0,2025-10-23 01:21:15,CANCELLED,524965
805,532.0,2025-01-14 00:21:25,CANCELLED,158840
806,289.0,2025-04-28 11:48:22,CANCELLED,364679
807,324.0,2024-11-11 01:30:36,PLACED,279708
808,932.0,2025-11-06 18:56:10,SHIPPED,144618
809,610.0,2024-10-02 12:29:09,DELIVERED,364679
810,970.0,2025-02-11 10:48:49,DELIVERED,321686
811,750.0,2025-05-15 02:04:20,RETURNED,831105
812,405.0,31-05-2026 07:22:48,PLACED,999636
813,276.0,2025-05-28 10:29:49,PLACED,922478
814,924.0,2024-10-09 00:25:06,SHIPPED,414546
815,294.0,10-02-2025 20:59:57,DELIVERED,785491
816,947.0,2025-06-15 21:45:49,SHIPPED,182857
817,265.0,2025-12-29 12:45:29,CANCELLED,109909
818,194.0,2025-09-04 16:03:55,RETURNED,785491
819,762.0,2024-09-29 17:50:16,SHIPPED,933551
820,210.0,2026-01-26 09:45:09,PLACED,785491
821,266.0,2026-08-06 07:00:32,DELIVERED,599127
822,634.0,2025-12-31 04:51:45,RETURNED,554987
823,464.0,2024-12-27 21:53:58,RETURNED,781463
824,448.0,2025-05-08 01:04:03,CANCELLED,999636
825,477.0,2025-12-02 08:37:57,SHIPPED,781463
826,666.0,2026-03-31 13:36:14,CANCELLED,896483
827,880.0,2025-10-25 02:26:52,SHIPPED,692447
828,774.0,2025-06-11 18:35:23,CANCELLED,954814
829,447.0,29-11-2024 07:47:08,SHIPPED,414546
830,257.0,2026-08-04 03:59:14,SHIPPED,336828
831,133.0,2025-06-21 22:59:26,PLACED,986392
832,938.0,2024-08-28 03:05:14,RETURNED,692447
833,194.0,2025-10-24 03:00:02,PLACED,133223
834,337.0,2024-10-04 19:58:19,PLACED,198042
835,501.0,2024-11-08 05:38:51,DELIVERED,825916
836,848.0,2024-10-28 13:08:32,RETURNED,776234
837,,2025-09-13 18:35:10,PLACED,554987
838,15.0,2024-09-26 09:12:57,PLACED,693343
839,779.0,2025-11-19 20:07:57,PLACED,447362
840,662.0,2025-05-01 05:37:30,PLACED,380310
841,334.0,2025-04-09 19:54:50,PLACED,497687
842,,2025-02-24 19:23:18,CANCELLED,198042
843,623.0,2026-05-05 21:12:12,PLACED,186702
844,,2025-01-21 02:51:35,DELIVERED,158840
845,102.0,2024-08-16 09:46:02,SHIPPED,336828
846,423.0,2025-05-11 16:57:56,PLACED,785491
847,825.0,2026-07-17 20:55:11,CANCELLED,693343
848,682.0,2025-05-12 18:50:55,PLACED,693343
849,836.0,24-10-2024 21:42:19,RETURNED,989053
850,368.0,2026-06-16 08:39:05,RETURNED,554987
851,710.0,2024-12-15 13:41:10,SHIPPED,497687
852,867.0,2026-01-23 05:32:04,PLACED,109909
853,613.0,2025-03-21 03:07:39,RETURNED,491172
854,983.0,2026-04-01 04:14:37,DELIVERED,491172
855,799.0,2025-08-01 20:36:22,PLACED,767678
856,523.0,2025-08-30 14:19:22,SHIPPED,554987
857,,2026-01-02 20:53:53,SHIPPED,825916
858,548.0,2026-05-03 08:35:47,DELIVERED,836986
859,879.0,2025-09-16 02:13:18,SHIPPED,896483
860,450.0,2025-10-26 22:40:00,CANCELLED,184532
861,454.0,2026-05-26 03:05:13,SHIPPED,471658
862,,2024-12-11 22:18:35,RETURNED,767678
863,691.0,2026-07-01 14:36:44,SHIPPED,199994
864,140.0,2025-05-20 18:29:07,CANCELLED,781463
865,71.0,2025-04-18 08:15:12,SHIPPED,364679
866,,2026-02-01 16:54:49,PLACED,693343
867,191.0,2026-07-17 07:21:51,PLACED,491172
868,131.0,01-09-2025 14:02:38,RETURNED,693343
869,748.0,2025-10-17 13:23:15,CANCELLED,581294
870,390.0,2026-04-21 20:09:13,PLACED,825916
871,609.0,2025-07-23 12:57:41,RETURNED,933551
872,68.0,2024-11-10 09:22:57,PLACED,968286
873,439.0,2024-08-16 03:21:11,SHIPPED,599127
874,794.0,2025-08-19 08:25:49,DELIVERED,968286
875,821.0,2024-11-30 18:50:47,CANCELLED,380310
876,303.0,09-11-2024 12:16:38,PLACED,355021
877,432.0,2025-05-12 21:47:58,PLACED,184532
878,,2026-01-28 09:55:12,DELIVERED,999636
879,792.0,16-09-2024 19:38:43,DELIVERED,495490
880,713.0,2026-01-21 02:33:01,PLACED,182857
881,800.0,2026-07-22 01:18:41,PLACED,364679
882,,2026-01-08 00:26:26,SHIPPED,693343
883,155.0,2025-02-07 04:09:12,SHIPPED,781463
884,78.0,2025-10-27 20:20:12,DELIVERED,679549
885,725.0,2026-01-07 11:53:39,RETURNED,989053
886,655.0,2024-12-20 22:56:55,PLACED,133223
887,40.0,2026-07-30 15:14:39,DELIVERED,355021
888,62.0,2026-03-15 11:13:17,PLACED,524965
889,77.0,2025-08-11 01:41:24,CANCELLED,599127
890,59.0,2025-02-26 16:26:38,DELIVERED,198042
891,869.0,2025-06-17 16:13:12,CANCELLED,497687
892,579.0,2026-06-28 01:52:38,SHIPPED,491172
893,22.0,2026-05-15 00:54:51,SHIPPED,199994
894,554.0,2026-03-26 19:54:46,PLACED,692447
895,579.0,2025-03-20 03:14:51,PLACED,497687
896,11.0,2026-04-27 21:30:55,RETURNED,158840
897,281.0,2026-07-02 07:10:05,RETURNED,999636
898,684.0,2025-06-02 03:40:12,CANCELLED,355021
899,121.0,2025-03-25 15:36:05,RETURNED,198042
900,348.0,2024-10-14 01:08:58,DELIVERED,776234
901,721.0,2024-10-06 06:09:47,PLACED,999636
902,181.0,2026-01-24 10:02:03,SHIPPED,158840
903,,2026-06-30 09:48:06,CANCELLED,491172
904,662.0,2024-12-07 19:31:55,CANCELLED,679549
905,103.0,2024-09-20 03:21:33,PLACED,933551
906,110.0,2026-02-03 05:56:44,DELIVERED,447362
907,278.0,2025-09-18 00:06:40,DELIVERED,364679
908,,2025-08-04 05:16:01,RETURNED,825916
909,267.0,2026-05-09 21:35:04,RETURNED,144618
910,461.0,2026-07-13 01:05:10,RETURNED,414546
911,402.0,2025-06-14 21:55:31,DELIVERED,836986
912,700.0,2025-08-15 18:49:23,RETURNED,199994
913,551.0,2026-01-25 00:50:12,RETURNED,182857
914,251.0,2025-07-25 13:56:45,CANCELLED,693343
915,84.0,2025-08-20 09:46:56,SHIPPED,158840
916,392.0,2026-08-08 04:30:21,DELIVERED,693343
917,223.0,2026-05-19 22:14:58,CANCELLED,581294
918,793.0,2025-12-31 23:46:46,RETURNED,776234
919,955.0,2025-06-01 09:22:44,PLACED,364679
920,190.0,2025-11-02 09:17:20,SHIPPED,109909
921,321.0,2026-06-05 14:04:16,CANCELLED,767678
922,474.0,2026-02-05 01:54:41,SHIPPED,933551
923,251.0,2026-01-12 21:09:34,CANCELLED,999908
924,391.0,2026-01-04 10:20:55,SHIPPED,781463
925,913.0,2026-02-07 19:40:00,DELIVERED,380310
926,45.0,2025-02-03 14:30:19,RETURNED,414546
927,815.0,2026-01-31 00:20:45,RETURNED,447362
928,459.0,2026-07-04 19:00:58,CANCELLED,524965
929,752.0,02-04-2026 15:39:35,SHIPPED,516176
930,583.0,2026-05-14 06:24:15,CANCELLED,679549
931,887.0,2025-08-29 23:26:38,RETURNED,679549
932,419.0,2025-10-28 04:56:16,PLACED,767678
933,289.0,2025-10-26 21:01:46,CANCELLED,999908
934,733.0,2026-07-14 20:34:58,PLACED,767678
935,882.0,2025-12-14 22:14:48,PLACED,182857
936,207.0,2026-05-15 10:25:53,CANCELLED,497687
937,18.0,26-08-2025 14:53:11,PLACED,186702
938,929.0,2025-01-20 14:38:32,RETURNED,364679
939,367.0,2024-10-03 01:51:26,PLACED,554987
940,,2026-04-14 08:57:45,RETURNED,922478
941,48.0,2025-08-19 10:31:04,DELIVERED,109909
942,759.0,2026-07-05 23:20:00,RETURNED,336828
943,442.0,2025-06-13 23:48:43,CANCELLED,781463
944,502.0,2025-05-13 02:57:19,DELIVERED,380310
945,220.0,2025-05-08 21:04:43,SHIPPED,599127
946,886.0,2024-10-30 22:00:12,DELIVERED,186702
947,949.0,2026-06-07 21:26:57,RETURNED,554987
948,468.0,07-02-2025 15:36:43,CANCELLED,653815
949,511.0,2025-09-07 00:26:04,DELIVERED,653815
950,248.0,20-02-2026 01:14:55,CANCELLED,491172
951,744.0,2024-11-03 07:12:27,PLACED,321686
952,239.0,2025-03-15 17:53:34,SHIPPED,364679
953,440.0,2025-03-11 15:08:19,DELIVERED,896483
954,226.0,2025-01-11 20:13:04,DELIVERED,186702
955,510.0,2026-01-30 07:33:38,RETURNED,133223
956,576.0,28-09-2025 17:30:43,PLACED,471658
957,746.0,2025-01-15 01:18:30,SHIPPED,767678
958,271.0,2025-03-19 20:48:08,SHIPPED,653815
959,658.0,2026-06-21 19:42:35,CANCELLED,182857
960,954.0,2025-11-21 21:09:11,DELIVERED,776234
961,144.0,2026-04-04 09:06:15,SHIPPED,831105
962,166.0,2024-09-04 01:58:28,PLACED,524965
963,808.0,13-07-2025 10:56:26,SHIPPED,599127
964,198.0,2025-11-03 10:55:17,SHIPPED,653815
965,888.0,2025-07-31 20:54:04,DELIVERED,182857
966,476.0,2025-04-26 01:34:56,CANCELLED,471658
967,761.0,2025-11-01 20:01:44,RETURNED,491172
968,319.0,2025-04-06 04:51:37,CANCELLED,599127
969,812.0,2025-04-24 17:07:32,RETURNED,109909
970,,2024-08-12 23:12:45,SHIPPED,767678
971,957.0,2026-05-21 11:20:30,PLACED,836986
972,173.0,2024-12-23 04:28:32,PLACED,186702
973,524.0,2025-04-25 04:20:18,CANCELLED,986392
974,818.0,2024-10-22 05:27:12,CANCELLED,109909
975,243.0,2025-08-03 15:09:51,SHIPPED,199994
976,510.0,2024-10-10 02:32:07,RETURNED,355021
977,,2025-08-19 21:38:05,SHIPPED,182857
978,581.0,2024-11-29 11:37:46,CANCELLED,693343
979,573.0,07-11-2024 15:59:52,RETURNED,554987
980,986.0,2025-07-31 05:55:26,DELIVERED,109909
981,507.0,2024-11-30 21:17:07,CANCELLED,497687
982,773.0,2025-12-01 20:37:49,RETURNED,199994
983,,2025-01-21 08:38:28,SHIPPED,989053
984,888.0,2025-05-25 00:05:21,CANCELLED,781463
985,16.0,2025-03-15 19:46:05,DELIVERED,679549
986,874.0,2025-06-18 02:19:30,SHIPPED,525750
987,656.0,2024-12-20 06:46:34,CANCELLED,554987
988,842.0,2026-03-25 00:26:43,RETURNED,785491
989,612.0,2024-10-27 14:26:11,RETURNED,999908
990,767.0,2025-06-25 13:40:58,RETURNED,922478
991,578.0,2026-04-14 08:03:36,SHIPPED,831105
992,810.0,2024-12-05 10:02:57,SHIPPED,776234
993,985.0,2025-04-24 14:24:32,DELIVERED,999636
994,284.0,2025-06-22 04:49:45,DELIVERED,999636
995,,2025-04-28 14:48:51,SHIPPED,653815
996,953.0,2026-05-07 02:16:58,SHIPPED,109909
997,221.0,2025-01-01 04:14:04,RETURNED,199994
998,840.0,2024-12-25 16:14:48,DELIVERED,653815
999,698.0,2024-09-07 14:36:08,PLACED,321686
1000,258.0,2025-05-24 09:50:21,DELIVERED,186702
1001,341.0,03-02-2026 14:57:58,CANCELLED,986392
1002,,2026-05-29 08:42:33,RETURNED,693343
1003,,2024-12-04 07:22:11,CANCELLED,999636
1004,571.0,2025-01-01 13:28:44,RETURNED,184532
1005,231.0,2025-07-25 07:37:03,CANCELLED,364679
1006,505.0,2025-12-08 03:34:01,RETURNED,182857
1007,963.0,2025-02-19 08:43:09,PLACED,198042
1008,480.0,2025-06-12 19:17:20,SHIPPED,380310
1009,326.0,2025-09-15 01:21:08,PLACED,831105
1010,383.0,2026-03-16 10:54:35,DELIVERED,321686
1011,477.0,2026-01-12 23:58:48,SHIPPED,184532
1012,652.0,2025-04-03 12:37:23,DELIVERED,581294
1013,127.0,2026-02-18 13:48:50,PLACED,199994
1014,852.0,2026-05-15 07:33:20,DELIVERED,336828
1015,630.0,2025-08-10 19:11:30,RETURNED,471658
1016,846.0,2026-06-14 20:16:50,DELIVERED,679549
1017,,2026-04-17 01:01:20,PLACED,776234
1018,470.0,2025-05-20 05:57:12,RETURNED,414546
1019,518.0,2024-10-28 08:37:49,RETURNED,198042
1020,681.0,2024-10-27 00:08:28,SHIPPED,109909
1021,16.0,2024-08-24 15:40:42,DELIVERED,199994
1022,434.0,2024-11-30 19:44:07,PLACED,198042
1023,669.0,2025-08-09 10:37:27,CANCELLED,497687
1024,202.0,2026-02-20 18:16:21,DELIVERED,186702
1025,835.0,2025-01-28 23:08:20,PLACED,364679
1026,876.0,2025-12-17 16:39:32,DELIVERED,831105
1027,51.0,2025-04-16 03:05:59,RETURNED,825916
1028,660.0,2026-07-23 11:17:58,CANCELLED,414546
1029,880.0,2026-01-29 21:08:38,DELIVERED,321686
1030,986.0,2025-06-22 11:17:13,RETURNED,279708
1031,273.0,2025-03-08 15:38:16,RETURNED,831105
1032,837.0,2025-07-30 03:55:34,SHIPPED,184532
1033,58.0,2026-02-16 00:34:47,CANCELLED,355021
1034,737.0,2025-02-06 04:14:05,PLACED,355021
1035,,2024-11-28 14:19:47,SHIPPED,340927
1036,703.0,2025-08-17 15:39:34,RETURNED,491172
1037,242.0,2025-02-07 10:22:48,CANCELLED,471658
1038,717.0,2026-02-20 06:44:54,CANCELLED,989053
1039,144.0,2026-05-02 11:00:20,RETURNED,968286
1040,744.0,2026-08-05 11:41:08,SHIPPED,692447
1041,743.0,2025-02-05 21:20:46,RETURNED,968286
1042,146.0,2026-03-31 15:22:42,PLACED,781463
1043,416.0,2025-01-01 03:19:12,CANCELLED,653815
1044,129.0,2026-01-07 06:10:53,SHIPPED,471658
1045,120.0,2026-03-23 20:32:45,SHIPPED,999908
1046,395.0,2026-01-03 08:59:05,RETURNED,380310
1047,65.0,2025-08-11 03:31:32,RETURNED,693343
1048,814.0,2024-12-19 13:21:12,DELIVERED,767678
1049,382.0,2026-08-04 05:47:14,RETURNED,186702
1050,221.0,2025-10-15 01:24:57,DELIVERED,933551
1051,287.0,2025-11-15 16:11:51,DELIVERED,836986
1052,28.0,2025-01-23 18:18:05,SHIPPED,355021
1053,500.0,2024-11-13 20:11:41,RETURNED,933551
1054,788.0,2024-09-06 05:28:11,RETURNED,692447
1055,459.0,2026-08-02 16:02:39,CANCELLED,279708
1056,573.0,2026-06-18 21:21:14,RETURNED,524965
1057,382.0,2025-06-16 14:35:14,PLACED,896483
1058,227.0,2025-11-02 12:27:28,SHIPPED,336828
1059,691.0,2024-10-14 15:05:03,DELIVERED,781463
1060,703.0,2024-09-15 10:10:23,DELIVERED,184532
1061,478.0,2025-06-02 17:23:12,SHIPPED,321686
1062,627.0,2025-03-21 01:18:40,RETURNED,836986
1063,265.0,2025-11-14 19:44:04,CANCELLED,186702
1064,420.0,2025-01-25 06:07:35,PLACED,491172
1065,858.0,2025-04-11 18:33:24,DELIVERED,679549
1066,,2025-07-25 05:52:08,SHIPPED,447362
1067,936.0,2025-08-16 15:32:00,RETURNED,776234
1068,50.0,2025-11-22 12:55:23,SHIPPED,471658
1069,847.0,2025-03-19 11:30:50,DELIVERED,198042
1070,230.0,21-02-2025 21:08:28,PLACED,198042
1071,554.0,2025-03-02 03:25:12,DELIVERED,279708
1072,154.0,2025-04-22 14:50:28,DELIVERED,954814
1073,356.0,2025-06-10 14:19:27,RETURNED,825916
1074,,2025-03-30 20:08:41,DELIVERED,109909
1075,342.0,12-09-2024 22:35:02,RETURNED,679549
1076,541.0,2024-09-08 01:41:47,CANCELLED,471658
1077,228.0,2024-09-16 06:46:38,DELIVERED,447362
1078,950.0,2026-02-04 05:31:48,SHIPPED,999908
1079,506.0,2025-01-11 01:08:12,RETURNED,516176
1080,415.0,2025-07-20 00:44:42,PLACED,692447
1081,323.0,2026-06-03 19:55:04,RETURNED,279708
1082,984.0,2024-10-21 19:21:13,PLACED,922478
1083,471.0,2024-12-22 05:22:27,PLACED,336828
1084,354.0,2026-07-02 22:28:57,SHIPPED,999636
1085,827.0,2025-05-01 18:58:47,CANCELLED,182857
1086,210.0,2025-03-19 12:41:00,SHIPPED,279708
1087,355.0,2024-10-18 23:25:41,CANCELLED,447362
1088,714.0,2024-08-19 04:21:22,PLACED,340927
1089,751.0,2025-09-16 06:11:01,SHIPPED,954814
1090,679.0,2026-04-30 20:34:01,CANCELLED,653815
1091,118.0,2025-04-08 03:29:35,DELIVERED,471658
1092,235.0,2026-02-01 16:49:31,PLACED,933551
1093,418.0,2025-04-30 04:28:32,PLACED,355021
1094,882.0,2026-03-01 02:32:29,DELIVERED,186702
1095,267.0,30-08-2025 12:36:14,PLACED,624139
1096,428.0,2025-05-07 15:25:32,SHIPPED,968286
1097,507.0,2025-11-27 04:41:23,CANCELLED,198042
1098,399.0,2025-01-09 15:03:03,CANCELLED,922478
1099,139.0,2025-05-16 17:49:01,CANCELLED,495490
1100,851.0,2026-05-19 06:42:14,DELIVERED,954814
1101,961.0,2024-11-12 12:27:19,CANCELLED,999636
1102,439.0,2026-02-02 15:32:04,PLACED,279708
1103,726.0,2024-11-05 02:50:33,PLACED,447362
1104,203.0,2025-10-11 16:09:43,RETURNED,933551
1105,885.0,2026-06-06 12:41:39,RETURNED,471658
1106,466.0,30-11-2025 04:41:19,PLACED,896483
1107,734.0,2024-12-26 07:26:18,RETURNED,182857
1108,531.0,2026-01-05 22:36:35,DELIVERED,999636
1109,704.0,2026-06-16 06:16:51,DELIVERED,554987
1110,866.0,2024-10-02 21:36:04,PLACED,184532
1111,308.0,2025-09-12 11:12:32,CANCELLED,198042
1112,888.0,2025-04-16 16:22:14,CANCELLED,693343
1113,333.0,2026-01-21 01:20:51,PLACED,158840
1114,96.0,2026-08-02 02:49:20,SHIPPED,279708
1115,738.0,2025-01-03 18:11:58,SHIPPED,525750
1116,116.0,2026-01-17 17:01:56,CANCELLED,279708
1117,636.0,2024-09-10 04:55:24,DELIVERED,922478
1118,376.0,2024-12-27 05:45:30,SHIPPED,785491
1119,114.0,2025-09-15 07:52:26,DELIVERED,364679
1120,969.0,2025-02-09 16:00:14,RETURNED,186702
1121,945.0,2026-05-11 21:18:43,SHIPPED,491172
1122,416.0,2026-04-24 14:55:06,PLACED,364679
1123,535.0,2026-06-02 14:41:26,RETURNED,554987
1124,344.0,2026-07-22 12:17:30,CANCELLED,279708
1125,560.0,2026-05-24 22:02:01,RETURNED,516176
1126,370.0,2025-07-02 19:25:23,DELIVERED,336828
1127,538.0,2026-01-15 04:39:39,DELIVERED,336828
1128,92.0,2026-06-05 13:25:07,CANCELLED,447362
1129,,2024-09-27 15:52:51,RETURNED,581294
1130,622.0,2025-06-11 06:37:40,SHIPPED,355021
1131,301.0,2026-06-20 12:31:09,SHIPPED,776234
1132,92.0,2025-08-12 06:26:42,DELIVERED,831105
1133,806.0,2024-08-25 04:20:53,PLACED,355021
1134,797.0,2025-10-20 20:55:20,RETURNED,380310
1135,85.0,2025-12-31 03:10:01,RETURNED,599127
1136,687.0,2024-11-11 09:15:40,RETURNED,933551
1137,,2024-09-11 09:34:18,DELIVERED,693343
1138,588.0,2025-09-26 18:45:08,PLACED,968286
1139,659.0,2026-03-12 11:43:08,PLACED,831105
1140,916.0,2025-12-29 00:16:30,RETURNED,767678
1141,336.0,2026-02-01 06:42:40,DELIVERED,896483
1142,766.0,2025-05-26 13:31:08,SHIPPED,693343
1143,872.0,2025-12-22 08:34:46,SHIPPED,182857
1144,330.0,2026-05-06 21:45:13,DELIVERED,776234
1145,837.0,2026-07-19 21:23:35,PLACED,831105
1146,238.0,2024-12-08 02:38:02,DELIVERED,767678
1147,776.0,2026-02-08 14:14:50,CANCELLED,781463
1148,81.0,2025-05-16 19:35:19,RETURNED,693343
1149,492.0,2026-03-01 12:25:36,DELIVERED,199994
1150,196.0,2025-05-29 00:20:22,RETURNED,581294
1151,222.0,2025-02-23 12:33:13,RETURNED,624139
1152,810.0,2024-12-21 15:48:38,DELIVERED,999908
1153,810.0,2024-12-04 01:56:41,CANCELLED,692447
1154,377.0,2025-01-15 07:20:54,PLACED,999908
1155,319.0,2025-12-31 03:26:21,SHIPPED,414546
1156,854.0,2026-05-13 09:46:18,CANCELLED,989053
1157,87.0,2026-03-09 18:05:22,DELIVERED,525750
1158,156.0,2025-07-07 21:25:14,DELIVERED,158840
1159,425.0,2026-01-08 04:51:06,CANCELLED,679549
1160,979.0,2025-08-27 18:10:45,DELIVERED,825916
1161,64.0,2025-03-18 20:05:22,DELIVERED,767678
1162,147.0,2025-01-17 03:40:43,RETURNED,182857
1163,183.0,2026-01-08 13:37:46,SHIPPED,447362
1164,950.0,2025-09-16 12:53:34,RETURNED,516176
1165,803.0,2024-12-12 04:39:02,DELIVERED,525750
1166,370.0,2024-09-11 12:30:14,RETURNED,831105
1167,767.0,2025-01-30 05:09:00,DELIVERED,144618
1168,531.0,2024-09-06 18:10:01,PLACED,144618
1169,531.0,2024-11-25 09:57:29,PLACED,954814
1170,662.0,2026-05-16 15:44:32,RETURNED,922478
1171,604.0,2026-06-17 12:54:50,PLACED,986392
1172,980.0,2025-02-22 17:58:55,RETURNED,524965
1173,825.0,2026-03-09 17:38:29,RETURNED,336828
1174,916.0,2025-11-21 11:19:35,PLACED,186702
1175,855.0,2025-02-07 02:20:17,DELIVERED,279708
1176,902.0,2026-04-02 16:28:53,RETURNED,158840
1177,896.0,03-09-2025 17:06:34,SHIPPED,133223
1178,417.0,2024-08-10 05:23:29,CANCELLED,414546
1179,700.0,2025-04-20 00:22:59,RETURNED,144618
1180,99.0,2025-10-25 06:12:52,DELIVERED,525750
1181,753.0,2025-05-05 19:54:36,CANCELLED,109909
1182,197.0,2024-10-09 00:16:46,RETURNED,516176
1183,780.0,2026-01-06 12:39:51,CANCELLED,133223
1184,947.0,2025-09-14 10:28:29,RETURNED,364679
1185,547.0,2026-01-18 16:00:03,SHIPPED,776234
1186,327.0,2025-06-03 11:43:10,SHIPPED,321686
1187,657.0,2025-10-29 21:03:27,RETURNED,525750
1188,487.0,2025-04-03 08:11:43,CANCELLED,692447
1189,,2024-09-20 00:45:46,SHIPPED,624139
1190,417.0,2026-03-28 05:12:13,RETURNED,693343
1191,713.0,2026-04-03 01:37:28,SHIPPED,340927
1192,279.0,2025-01-16 09:09:09,CANCELLED,896483
1193,319.0,2026-07-15 06:45:09,PLACED,414546
1194,634.0,2024-12-16 07:17:07,CANCELLED,414546
1195,341.0,19-07-2026 22:33:19,PLACED,968286
1196,177.0,2025-09-05 18:05:19,DELIVERED,414546
1197,858.0,2026-07-25 04:02:25,PLACED,693343
1198,358.0,2026-02-28 15:37:52,SHIPPED,836986
1199,227.0,2026-03-02 08:25:50,DELIVERED,198042
1200,190.0,2024-10-25 22:57:03,CANCELLED,599127
1201,156.0,2026-02-04 23:19:33,PLACED,471658
1202,492.0,15-05-2025 05:33:18,DELIVERED,182857
1203,871.0,2025-11-29 19:23:21,RETURNED,922478
1204,220.0,2026-05-06 17:43:21,DELIVERED,340927
1205,244.0,2025-11-15 13:11:18,DELIVERED,986392
1206,737.0,2025-09-15 14:34:23,RETURNED,624139
1207,,2026-03-28 21:25:05,SHIPPED,198042
1208,392.0,17-01-2025 08:59:08,CANCELLED,133223
1209,364.0,2025-02-21 13:12:24,RETURNED,447362
1210,987.0,2025-10-08 02:17:54,PLACED,836986
1211,625.0,2026-03-22 05:38:04,DELIVERED,198042
1212,503.0,2026-02-10 04:17:20,SHIPPED,836986
1213,,2024-11-30 21:28:47,CANCELLED,896483
1214,756.0,2025-01-25 11:18:25,DELIVERED,767678
1215,768.0,2026-01-21 17:44:51,CANCELLED,554987
1216,210.0,2025-05-05 11:40:03,PLACED,109909
1217,58.0,2026-05-30 05:13:36,SHIPPED,679549
1218,972.0,2024-10-16 15:23:41,SHIPPED,414546
1219,667.0,2024-12-19 19:03:22,PLACED,109909
1220,283.0,22-12-2024 08:40:13,DELIVERED,336828
1221,838.0,2026-05-01 03:11:32,SHIPPED,355021
1222,867.0,2024-12-25 03:50:58,SHIPPED,133223
1223,627.0,2025-08-02 12:22:51,RETURNED,653815
1224,875.0,2026-01-24 01:44:28,PLACED,693343
1225,113.0,2025-11-25 05:38:02,SHIPPED,497687
1226,126.0,2024-08-24 13:50:21,DELIVERED,144618
1227,747.0,2024-12-06 05:03:34,PLACED,158840
1228,212.0,2024-12-17 00:47:59,CANCELLED,158840
1229,84.0,24-05-2025 03:43:35,SHIPPED,986392
1230,771.0,27-10-2025 04:53:34,SHIPPED,447362
1231,915.0,2024-09-28 22:29:03,CANCELLED,954814
1232,373.0,2024-09-30 19:58:15,SHIPPED,471658
1233,879.0,2025-02-04 08:31:14,SHIPPED,624139
1234,,2026-06-04 07:17:50,RETURNED,692447
1235,774.0,2026-07-19 01:10:48,SHIPPED,922478
1236,661.0,2024-10-21 10:05:56,RETURNED,471658
1237,215.0,2025-08-29 00:04:36,RETURNED,581294
1238,3.0,22-01-2026 02:08:11,PLACED,692447
1239,771.0,2026-03-22 10:11:19,DELIVERED,355021
1240,766.0,2025-10-23 21:30:01,RETURNED,524965
1241,453.0,2025-05-12 05:34:24,RETURNED,624139
1242,186.0,2024-08-24 08:01:46,PLACED,144618
1243,599.0,2026-04-04 23:44:26,DELIVERED,516176
1244,901.0,2026-02-17 21:12:45,SHIPPED,679549
1245,949.0,2025-11-22 23:35:56,RETURNED,158840
1246,321.0,2024-09-10 03:40:38,CANCELLED,692447
1247,501.0,2025-02-06 14:40:38,SHIPPED,497687
1248,956.0,2024-10-09 06:24:18,RETURNED,581294
1249,451.0,2024-11-21 09:28:01,RETURNED,825916
1250,156.0,2025-11-10 11:50:59,SHIPPED,776234
1251,278.0,2024-08-19 01:28:09,RETURNED,968286
1252,987.0,2026-07-16 02:37:15,SHIPPED,144618
1253,792.0,2026-07-09 17:20:30,DELIVERED,599127
1254,24.0,2024-10-25 21:07:53,RETURNED,986392
1255,121.0,2026-01-28 22:21:08,PLACED,414546
1256,281.0,2025-04-13 09:20:15,CANCELLED,198042
1257,414.0,2026-01-07 23:37:21,SHIPPED,182857
1258,645.0,2025-01-03 23:51:14,PLACED,831105
1259,217.0,2025-07-26 03:26:09,RETURNED,109909
1260,586.0,2025-09-24 08:29:08,CANCELLED,581294
1261,685.0,2025-06-29 18:33:42,RETURNED,182857
1262,,2024-12-06 09:01:05,SHIPPED,158840
1263,819.0,2025-04-08 13:02:26,RETURNED,554987
1264,293.0,2024-11-30 01:42:05,PLACED,279708
1265,376.0,2024-09-19 00:25:50,RETURNED,321686
1266,361.0,2025-12-27 17:22:55,PLACED,516176
1267,411.0,2025-11-10 13:37:43,CANCELLED,693343
1268,283.0,2024-11-07 02:32:56,SHIPPED,554987
1269,100.0,2026-04-03 19:02:07,RETURNED,364679
1270,585.0,2024-10-23 07:21:24,CANCELLED,836986
1271,180.0,13-03-2025 23:07:29,CANCELLED,133223
1272,951.0,2025-08-17 20:57:50,PLACED,199994
1273,285.0,2026-04-12 05:40:23,RETURNED,495490
1274,529.0,2024-11-20 19:25:53,SHIPPED,158840
1275,539.0,2026-06-06 12:31:17,CANCELLED,896483
1276,383.0,26-08-2024 17:37:11,RETURNED,340927
1277,369.0,2025-06-17 05:10:53,RETURNED,182857
1278,310.0,2024-11-24 20:34:56,CANCELLED,525750
1279,344.0,2025-11-30 22:23:08,DELIVERED,158840
1280,251.0,2025-01-21 04:56:41,SHIPPED,516176
1281,76.0,2026-05-13 06:52:50,DELIVERED,554987
1282,365.0,17-05-2025 05:59:30,RETURNED,497687
1283,36.0,2026-05-17 02:38:14,DELIVERED,831105
1284,862.0,2026-04-02 05:31:02,PLACED,653815
1285,468.0,2024-10-30 07:32:34,PLACED,624139
1286,129.0,2024-12-11 01:28:34,RETURNED,491172
1287,709.0,2024-10-28 15:41:36,RETURNED,364679
1288,964.0,2024-10-22 12:26:21,CANCELLED,447362
1289,85.0,2026-07-08 10:20:06,SHIPPED,199994
1290,343.0,2025-04-27 04:59:55,DELIVERED,497687
1291,49.0,2025-11-01 22:56:53,DELIVERED,182857
1292,729.0,2024-11-03 15:43:13,SHIPPED,495490
1293,79.0,2026-06-14 16:02:39,RETURNED,968286
1294,111.0,2026-06-12 03:37:49,DELIVERED,279708
1295,148.0,2026-05-25 09:50:25,CANCELLED,624139
1296,570.0,2025-10-24 18:45:49,DELIVERED,776234
1297,721.0,2024-12-17 06:38:48,DELIVERED,999636
1298,89.0,2025-08-31 16:58:48,CANCELLED,321686
1299,405.0,2025-10-21 04:56:55,SHIPPED,497687
1300,14.0,2025-12-18 12:20:48,RETURNED,186702
1301,92.0,26-11-2024 22:26:01,CANCELLED,355021
1302,788.0,2025-12-09 15:09:53,DELIVERED,186702
1303,509.0,2025-03-17 11:43:09,RETURNED,158840
1304,749.0,2026-03-29 09:57:43,DELIVERED,785491
1305,46.0,2025-04-20 16:34:43,RETURNED,896483
1306,935.0,2024-10-24 02:46:06,CANCELLED,340927
1307,870.0,2026-06-09 11:49:44,SHIPPED,693343
1308,815.0,2025-12-05 14:00:39,PLACED,340927
1309,462.0,2026-06-21 15:41:04,SHIPPED,679549
1310,340.0,2026-03-24 09:59:30,SHIPPED,182857
1311,892.0,2026-01-10 19:08:07,SHIPPED,109909
1312,140.0,2024-10-03 23:43:16,CANCELLED,781463
1313,753.0,2024-08-10 19:02:42,RETURNED,776234
1314,930.0,2026-06-21 19:25:14,PLACED,692447
1315,303.0,2024-11-25 18:47:05,CANCELLED,922478
1316,509.0,2025-12-01 06:58:03,PLACED,516176
1317,285.0,2025-03-31 03:25:21,SHIPPED,158840
1318,615.0,2025-05-21 12:39:08,RETURNED,495490
1319,193.0,2026-01-18 03:05:43,PLACED,933551
1320,183.0,2026-03-06 00:39:54,DELIVERED,414546
1321,85.0,2025-07-24 16:29:18,DELIVERED,516176
1322,994.0,2024-09-27 08:57:30,RETURNED,471658
1323,493.0,2025-10-05 07:18:43,CANCELLED,524965
1324,422.0,2026-07-11 03:50:13,RETURNED,447362
1325,536.0,2025-02-28 14:57:29,RETURNED,184532
1326,890.0,2024-10-14 06:31:18,RETURNED,380310
1327,774.0,2026-08-05 20:42:27,SHIPPED,922478
1328,963.0,2024-12-20 01:20:47,CANCELLED,679549
1329,40.0,2025-05-17 10:47:17,PLACED,831105
1330,929.0,2025-03-30 10:56:20,RETURNED,184532
1331,453.0,2025-06-14 19:16:06,SHIPPED,471658
1332,108.0,2025-12-28 17:34:09,RETURNED,109909
1333,607.0,2025-06-07 13:55:17,RETURNED,199994
1334,693.0,2026-03-11 20:08:13,SHIPPED,776234
1335,206.0,2025-04-09 18:59:56,SHIPPED,999636
1336,44.0,2026-03-18 03:35:52,PLACED,133223
1337,19.0,2025-11-29 21:39:34,SHIPPED,447362
1338,675.0,2025-02-04 19:59:28,PLACED,692447
1339,807.0,2025-06-11 00:35:15,PLACED,989053
1340,605.0,2025-08-07 07:48:24,CANCELLED,896483
1341,792.0,03-09-2025 02:39:31,CANCELLED,524965
1342,484.0,2025-09-02 03:56:03,RETURNED,831105
1343,229.0,2026-04-01 05:18:43,RETURNED,364679
1344,939.0,2025-05-17 03:56:54,PLACED,516176
1345,46.0,2025-10-07 14:01:44,RETURNED,184532
1346,,2025-06-13 08:21:28,RETURNED,986392
1347,325.0,2025-10-05 07:54:01,DELIVERED,896483
1348,279.0,2025-12-28 18:56:19,DELIVERED,414546
1349,590.0,2026-02-06 19:23:42,RETURNED,831105
1350,542.0,2026-01-04 19:08:33,CANCELLED,524965
1351,552.0,2025-01-28 00:08:24,RETURNED,364679
1352,49.0,2024-08-11 07:05:42,DELIVERED,355021
1353,692.0,2026-08-05 05:31:08,CANCELLED,109909
1354,528.0,2024-08-21 17:35:42,PLACED,186702
1355,701.0,2025-09-21 02:00:04,PLACED,109909
1356,323.0,2026-07-09 17:18:29,DELIVERED,781463
1357,126.0,2026-06-12 21:41:48,PLACED,109909
1358,156.0,2024-09-21 17:19:48,DELIVERED,279708
1359,399.0,2025-04-21 09:26:28,RETURNED,968286
1360,25.0,2026-04-21 04:45:06,CANCELLED,198042
1361,671.0,2026-05-04 08:41:15,RETURNED,158840
1362,709.0,2026-03-30 11:20:46,SHIPPED,321686
1363,501.0,2025-03-12 11:20:22,DELIVERED,825916
1364,593.0,2024-11-22 11:50:44,CANCELLED,999636
1365,775.0,2026-04-24 12:42:29,CANCELLED,986392
1366,309.0,2026-07-20 02:19:22,PLACED,158840
1367,317.0,2026-06-07 02:19:03,PLACED,968286
1368,614.0,2025-02-02 08:11:46,PLACED,198042
1369,652.0,2026-04-05 21:49:21,SHIPPED,999636
1370,130.0,2024-09-19 00:15:29,SHIPPED,999908
1371,,2024-11-17 20:42:52,CANCELLED,896483
1372,178.0,2026-07-12 23:04:54,RETURNED,279708
1373,717.0,2026-01-05 10:23:13,PLACED,199994
1374,432.0,2025-05-11 22:18:33,DELIVERED,817269
1375,187.0,2024-08-28 10:44:56,DELIVERED,516176
1376,896.0,2026-07-15 01:14:34,CANCELLED,999636
1377,355.0,2025-05-07 17:02:15,DELIVERED,933551
1378,269.0,2026-01-03 13:29:13,RETURNED,355021
1379,546.0,2025-12-06 07:48:57,CANCELLED,999908
1380,280.0,2024-10-02 02:09:12,DELIVERED,336828
1381,865.0,2026-04-12 22:23:41,RETURNED,989053
1382,646.0,2026-05-07 01:37:57,SHIPPED,340927
1383,485.0,2024-08-31 06:02:59,SHIPPED,767678
1384,879.0,2025-05-03 00:08:03,SHIPPED,817269
1385,78.0,2024-10-05 21:43:13,SHIPPED,968286
1386,598.0,2024-10-04 11:55:11,SHIPPED,414546
1387,62.0,2025-09-28 23:29:38,SHIPPED,817269
1388,178.0,2026-03-26 14:26:35,RETURNED,896483
1389,869.0,2024-11-26 13:37:06,SHIPPED,825916
1390,69.0,2024-12-20 11:01:37,PLACED,491172
1391,752.0,2026-02-03 08:32:56,PLACED,999636
1392,715.0,2026-02-06 16:18:11,CANCELLED,776234
1393,292.0,2026-01-01 11:44:07,PLACED,321686
1394,468.0,2025-03-15 23:40:23,RETURNED,471658
1395,,2025-06-05 19:27:45,CANCELLED,133223
1396,,2025-04-12 14:52:41,RETURNED,999908
1397,920.0,2026-03-02 23:55:24,CANCELLED,624139
1398,113.0,2025-12-30 01:35:06,DELIVERED,767678
1399,629.0,2025-03-06 16:20:44,SHIPPED,321686
1400,659.0,2024-12-01 01:47:24,RETURNED,989053
1401,96.0,2026-05-14 20:52:19,CANCELLED,414546
1402,,2024-09-01 15:56:41,RETURNED,525750
1403,75.0,2026-02-08 21:21:00,PLACED,836986
1404,441.0,2025-08-11 20:22:54,CANCELLED,158840
1405,396.0,2024-08-17 03:22:23,RETURNED,471658
1406,243.0,2026-04-09 10:59:44,RETURNED,896483
1407,928.0,2025-12-18 20:35:26,CANCELLED,999636
1408,323.0,11-05-2026 02:02:52,SHIPPED,599127
1409,653.0,2025-09-18 00:02:37,PLACED,199994
1410,401.0,2026-04-07 03:33:48,RETURNED,599127
1411,29.0,2026-06-11 14:56:55,DELIVERED,199994
1412,584.0,2025-08-10 19:26:05,PLACED,364679
1413,115.0,2026-01-09 08:52:52,SHIPPED,198042
1414,806.0,2025-06-14 16:25:54,RETURNED,182857
1415,107.0,2024-12-01 17:48:05,DELIVERED,133223
1416,349.0,2026-07-21 01:09:41,RETURNED,968286
1417,841.0,2025-08-25 03:33:14,SHIPPED,186702
1418,563.0,2026-07-24 13:22:56,DELIVERED,817269
1419,808.0,2024-11-08 14:37:33,DELIVERED,158840
1420,727.0,2025-01-10 23:09:00,RETURNED,781463
1421,173.0,2025-11-04 09:37:34,DELIVERED,355021
1422,930.0,2025-01-16 02:36:36,CANCELLED,495490
1423,667.0,2024-12-21 09:16:44,SHIPPED,497687
1424,910.0,2026-02-05 03:17:14,DELIVERED,133223
1425,550.0,2025-09-21 18:07:37,CANCELLED,989053
1426,47.0,2026-04-16 01:21:22,CANCELLED,355021
1427,38.0,2026-03-28 16:21:56,RETURNED,525750
1428,136.0,2025-07-17 09:14:41,RETURNED,999636
1429,105.0,2025-03-25 23:32:19,SHIPPED,182857
1430,694.0,2025-11-21 02:10:12,DELIVERED,817269
1431,183.0,2026-04-05 11:51:44,RETURNED,495490
1432,398.0,2024-12-07 14:28:10,CANCELLED,831105
1433,297.0,2026-03-19 00:36:22,SHIPPED,340927
1434,886.0,2025-11-24 13:33:22,SHIPPED,158840
1435,403.0,2024-12-29 10:46:16,PLACED,355021
1436,292.0,2024-10-27 09:16:49,CANCELLED,767678
1437,942.0,2024-10-05 00:57:02,SHIPPED,922478
1438,789.0,2025-10-23 19:41:18,RETURNED,279708
1439,532.0,2026-04-19 15:11:43,DELIVERED,767678
1440,196.0,2024-08-29 16:35:13,DELIVERED,968286
1441,714.0,03-03-2025 08:21:52,RETURNED,624139
1442,635.0,2025-09-08 19:21:24,PLACED,524965
1443,330.0,2024-09-25 21:59:32,PLACED,199994
1444,542.0,2025-10-19 09:06:25,SHIPPED,380310
1445,891.0,2026-02-12 19:49:07,SHIPPED,968286
1446,114.0,23-03-2025 00:11:36,CANCELLED,922478
1447,357.0,2025-09-16 04:50:11,PLACED,679549
1448,77.0,2025-11-18 12:46:36,DELIVERED,968286
1449,217.0,2024-09-01 20:17:13,DELIVERED,133223
1450,258.0,2025-02-21 19:46:20,RETURNED,186702
1451,154.0,2026-07-23 15:14:15,DELIVERED,896483
1452,252.0,2025-09-25 18:35:40,PLACED,497687
1453,967.0,2025-09-25 00:03:18,PLACED,896483
1454,315.0,2026-03-09 10:42:20,RETURNED,831105
1455,139.0,2024-09-11 13:41:55,RETURNED,624139
1456,984.0,2025-03-26 23:55:07,RETURNED,355021
1457,680.0,2026-06-29 09:59:50,DELIVERED,896483
1458,151.0,2024-08-15 09:29:35,DELIVERED,999636
1459,961.0,2025-04-26 17:26:58,RETURNED,767678
1460,825.0,2025-03-03 11:47:15,CANCELLED,516176
1461,497.0,2025-05-27 00:47:02,CANCELLED,776234
1462,894.0,2024-12-29 13:27:20,DELIVERED,599127
1463,457.0,2026-02-09 09:47:09,SHIPPED,692447
1464,387.0,2026-01-21 07:15:50,DELIVERED,497687
1465,697.0,2026-07-21 13:55:54,RETURNED,624139
1466,87.0,2026-01-04 11:29:23,CANCELLED,933551
1467,540.0,2024-10-19 08:03:52,PLACED,692447
1468,427.0,2025-06-02 17:12:01,DELIVERED,414546
1469,375.0,2026-02-01 19:37:01,DELIVERED,999908
1470,53.0,21-10-2024 23:34:55,DELIVERED,653815
1471,440.0,2026-03-22 01:27:03,DELIVERED,554987
1472,783.0,2024-11-26 21:50:54,CANCELLED,989053
1473,672.0,2025-10-12 02:55:38,CANCELLED,825916
1474,,2025-05-15 07:50:51,DELIVERED,340927
1475,809.0,11-10-2025 12:35:55,RETURNED,836986
1476,341.0,2026-04-23 14:10:41,CANCELLED,497687
1477,24.0,2025-03-09 03:04:54,SHIPPED,355021
1478,40.0,27-11-2024 21:32:10,PLACED,525750
1479,760.0,2025-07-13 11:48:14,SHIPPED,693343
1480,712.0,2026-05-17 19:49:02,DELIVERED,340927
1481,100.0,2024-10-16 08:22:43,PLACED,336828
1482,901.0,2026-01-16 00:35:28,SHIPPED,524965
1483,110.0,2026-05-17 05:45:38,PLACED,182857
1484,383.0,2026-03-22 01:07:49,PLACED,158840
1485,487.0,2025-11-30 02:19:18,RETURNED,380310
1486,550.0,2026-02-21 19:31:53,PLACED,825916
1487,720.0,2024-12-04 20:14:49,CANCELLED,836986
1488,822.0,2026-07-14 03:24:05,PLACED,182857
1489,303.0,2025-08-21 08:23:08,DELIVERED,776234
1490,594.0,2026-01-23 12:25:42,SHIPPED,516176
1491,742.0,2025-11-28 00:47:27,CANCELLED,785491
1492,661.0,2026-06-19 17:08:41,SHIPPED,817269
1493,348.0,2025-04-15 14:22:37,DELIVERED,679549
1494,130.0,2026-03-05 21:15:35,SHIPPED,525750
1495,966.0,2025-04-13 20:23:47,RETURNED,692447
1496,58.0,29-04-2025 09:44:29,PLACED,471658
1497,332.0,2026-04-26 10:59:50,DELIVERED,999908
1498,816.0,2025-06-19 23:12:19,CANCELLED,599127
1499,526.0,2026-05-21 19:49:15,RETURNED,989053
1500,624.0,2026-02-25 17:18:45,RETURNED,679549
1501,723.0,2025-05-19 08:39:57,SHIPPED,199994
1502,905.0,2025-01-08 17:47:28,RETURNED,355021
1503,9.0,2025-10-29 01:51:50,RETURNED,554987
1504,210.0,2024-10-02 23:40:55,CANCELLED,922478
1505,552.0,2024-11-28 12:40:34,RETURNED,495490
1506,685.0,2025-11-10 18:57:17,RETURNED,922478
1507,581.0,2025-08-07 15:10:45,RETURNED,785491
1508,35.0,2026-03-20 00:55:32,DELIVERED,158840
1509,2.0,2024-11-21 09:14:15,RETURNED,414546
1510,370.0,07-05-2026 01:17:26,PLACED,679549
1511,398.0,2025-09-12 20:58:28,DELIVERED,133223
1512,202.0,2026-07-17 23:57:49,CANCELLED,968286
1513,741.0,2026-03-03 00:46:32,SHIPPED,785491
1514,134.0,2024-10-11 21:01:48,PLACED,364679
1515,629.0,2024-10-16 22:48:33,RETURNED,321686
1516,368.0,2025-03-26 08:48:49,SHIPPED,896483
1517,873.0,2026-06-22 12:16:08,DELIVERED,158840
1518,177.0,2024-12-05 03:42:22,RETURNED,364679
1519,982.0,2025-03-01 19:43:49,CANCELLED,321686
1520,663.0,2025-05-01 14:32:41,CANCELLED,785491
1521,636.0,2024-10-13 09:10:20,PLACED,825916
1522,991.0,2024-12-18 02:15:19,CANCELLED,184532
1523,540.0,2026-02-24 02:08:18,RETURNED,414546
1524,,2025-02-13 15:00:00,PLACED,186702
1525,921.0,20-07-2025 21:49:54,DELIVERED,831105
1526,637.0,2025-02-12 05:22:41,CANCELLED,186702
1527,504.0,2026-05-11 13:59:34,CANCELLED,524965
1528,683.0,2025-11-27 05:27:24,SHIPPED,692447
1529,53.0,2024-11-19 19:06:06,CANCELLED,198042
1530,674.0,2024-11-07 18:09:51,SHIPPED,968286
1531,348.0,2025-09-28 15:36:35,PLACED,495490
1532,630.0,07-09-2024 02:58:02,SHIPPED,836986
1533,,2026-04-28 16:28:50,RETURNED,199994
1534,956.0,2025-05-29 01:55:18,DELIVERED,184532
1535,993.0,2026-04-27 05:22:39,RETURNED,989053
1536,211.0,2026-06-10 03:42:30,CANCELLED,831105
1537,267.0,2024-11-11 10:08:16,PLACED,355021
1538,907.0,2025-05-04 02:13:19,SHIPPED,184532
1539,107.0,2026-04-18 08:06:03,PLACED,922478
1540,,2026-07-05 15:38:35,CANCELLED,776234
1541,505.0,2025-05-09 04:04:50,CANCELLED,989053
1542,538.0,2025-12-20 12:52:00,RETURNED,767678
1543,782.0,2025-08-13 18:47:16,SHIPPED,999908
1544,310.0,2025-02-17 04:36:44,PLACED,581294
1545,244.0,2026-05-10 18:19:58,PLACED,279708
1546,300.0,2025-12-20 19:05:05,PLACED,355021
1547,173.0,2025-11-05 13:08:59,PLACED,184532
1548,908.0,2025-11-22 12:48:41,DELIVERED,525750
1549,861.0,2026-02-01 12:27:01,CANCELLED,144618
1550,215.0,2025-02-04 00:51:30,PLACED,414546
1551,954.0,2026-04-01 02:20:47,PLACED,581294
1552,,2024-08-15 00:05:59,PLACED,767678
1553,204.0,2026-04-24 08:16:57,SHIPPED,781463
1554,778.0,2025-03-09 12:34:12,CANCELLED,785491
1555,911.0,2024-12-02 18:26:10,CANCELLED,133223
1556,758.0,2025-05-27 20:50:26,CANCELLED,199994
1557,166.0,2024-10-01 12:16:30,PLACED,781463
1558,869.0,2025-05-19 18:59:14,PLACED,321686
1559,109.0,2025-07-12 21:17:38,SHIPPED,380310
1560,262.0,2024-10-16 12:05:59,DELIVERED,825916
1561,421.0,2025-07-15 12:23:25,CANCELLED,933551
1562,361.0,2025-11-21 12:34:39,RETURNED,158840
1563,425.0,2026-05-28 17:26:02,SHIPPED,831105
1564,519.0,2025-07-14 18:25:39,DELIVERED,198042
1565,570.0,2024-10-10 21:26:51,PLACED,491172
1566,,2026-01-25 18:01:51,SHIPPED,198042
1567,989.0,2026-06-10 09:19:21,CANCELLED,817269
1568,655.0,2026-06-14 01:30:47,PLACED,831105
1569,380.0,2026-02-21 08:51:13,CANCELLED,340927
1570,472.0,2025-01-01 21:52:40,PLACED,836986
1571,157.0,2025-04-06 07:49:13,SHIPPED,158840
1572,255.0,2025-03-28 23:20:02,CANCELLED,999636
1573,951.0,2026-08-07 01:55:29,DELIVERED,999908
1574,648.0,2025-07-30 10:20:19,SHIPPED,922478
1575,164.0,2026-01-04 05:04:26,PLACED,340927
1576,700.0,2025-07-23 01:41:57,RETURNED,836986
1577,838.0,2025-02-28 13:11:09,PLACED,968286
1578,684.0,2024-09-06 03:59:44,CANCELLED,922478
1579,996.0,2024-11-30 23:13:35,DELIVERED,831105
1580,539.0,2025-07-18 12:05:36,DELIVERED,380310
1581,407.0,2025-11-19 20:48:51,SHIPPED,491172
1582,357.0,2025-03-31 02:12:22,SHIPPED,922478
1583,221.0,2024-09-01 01:59:32,CANCELLED,999908
1584,404.0,22-10-2025 06:38:55,PLACED,692447
1585,358.0,2025-05-13 23:49:08,DELIVERED,986392
1586,541.0,2026-06-24 06:24:33,PLACED,524965
1587,879.0,2025-04-30 06:21:56,SHIPPED,364679
1588,281.0,2025-06-19 09:19:31,PLACED,986392
1589,,2025-07-21 00:26:19,CANCELLED,199994
1590,440.0,2024-09-17 16:54:32,RETURNED,581294
1591,826.0,2026-05-05 06:34:06,DELIVERED,825916
1592,771.0,2026-07-06 02:09:47,PLACED,817269
1593,909.0,2025-12-21 14:38:51,SHIPPED,767678
1594,991.0,2025-02-22 07:41:44,PLACED,999636
1595,71.0,2025-11-16 13:24:45,RETURNED,781463
1596,392.0,2024-10-09 06:19:49,PLACED,380310
1597,188.0,2024-09-28 19:03:52,DELIVERED,447362
1598,807.0,2025-06-01 02:18:51,SHIPPED,199994
1599,433.0,15-03-2025 03:08:44,RETURNED,182857
1600,584.0,2026-01-11 10:54:50,SHIPPED,767678
1601,857.0,2026-05-07 15:52:15,SHIPPED,999908
1602,744.0,2025-08-27 13:00:11,RETURNED,447362
1603,278.0,2025-12-11 08:43:56,DELIVERED,679549
1604,316.0,2025-02-14 17:21:08,SHIPPED,954814
1605,401.0,2026-04-07 21:38:09,CANCELLED,896483
1606,493.0,2024-10-15 17:29:01,SHIPPED,968286
1607,829.0,2026-05-29 19:59:53,PLACED,767678
1608,970.0,2025-04-16 00:57:48,CANCELLED,186702
1609,291.0,2026-02-10 09:10:08,DELIVERED,279708
1610,507.0,2024-12-07 09:21:59,CANCELLED,831105
1611,391.0,2025-04-21 08:11:30,RETURNED,355021
1612,731.0,2025-06-11 08:19:37,RETURNED,896483
1613,822.0,2025-07-22 13:04:32,DELIVERED,144618
1614,990.0,2025-12-25 09:05:37,CANCELLED,989053
1615,,2024-12-04 13:58:23,RETURNED,186702
1616,65.0,2025-12-31 02:53:03,SHIPPED,933551
1617,389.0,2025-04-25 07:08:40,RETURNED,581294
1618,99.0,28-12-2025 08:27:48,CANCELLED,184532
1619,529.0,2025-05-20 11:01:41,DELIVERED,279708
1620,329.0,2024-08-16 10:57:45,DELIVERED,599127
1621,539.0,2026-03-04 05:17:49,PLACED,825916
1622,756.0,2025-10-19 09:25:14,RETURNED,198042
1623,415.0,2024-10-05 00:57:11,SHIPPED,954814
1624,,2025-12-10 03:14:44,RETURNED,133223
1625,413.0,2025-11-02 13:14:49,RETURNED,817269
1626,493.0,2025-04-02 16:22:19,DELIVERED,144618
1627,866.0,2026-07-30 17:22:38,PLACED,693343
1628,851.0,2026-06-26 02:24:10,RETURNED,198042
1629,722.0,2026-02-02 19:53:54,SHIPPED,836986
1630,720.0,2026-01-29 08:39:25,CANCELLED,825916
1631,517.0,2025-03-28 09:50:31,RETURNED,581294
1632,918.0,2024-11-27 03:27:06,RETURNED,184532
1633,82.0,2025-07-10 05:50:19,DELIVERED,497687
1634,411.0,2024-11-24 22:30:43,DELIVERED,491172
1635,648.0,2026-05-02 13:21:51,PLACED,836986
1636,407.0,2024-10-31 04:32:57,PLACED,471658
1637,,2026-07-18 18:00:13,SHIPPED,355021
1638,137.0,2025-06-02 01:25:24,PLACED,831105
1639,277.0,2025-08-24 13:21:53,PLACED,767678
1640,443.0,2024-08-11 21:18:34,SHIPPED,182857
1641,912.0,2025-07-04 07:49:53,PLACED,624139
1642,755.0,2026-04-09 08:01:41,CANCELLED,693343
1643,635.0,2024-11-09 00:51:42,CANCELLED,836986
1644,740.0,2025-07-03 10:15:44,RETURNED,199994
1645,859.0,2026-07-18 08:54:42,RETURNED,968286
1646,225.0,2024-10-19 09:13:31,PLACED,133223
1647,258.0,15-01-2025 21:38:15,SHIPPED,554987
1648,922.0,2026-07-25 08:46:01,PLACED,364679
1649,648.0,2025-06-12 03:10:26,SHIPPED,447362
1650,985.0,2025-09-12 02:34:10,CANCELLED,516176
1651,792.0,2024-12-08 12:51:05,CANCELLED,922478
1652,96.0,2025-05-11 23:59:19,PLACED,133223
1653,435.0,2025-04-20 11:19:00,RETURNED,340927
1654,869.0,2026-07-05 21:27:44,CANCELLED,133223
1655,804.0,2026-07-20 01:00:22,PLACED,776234
1656,922.0,2025-10-04 13:40:02,DELIVERED,836986
1657,91.0,2024-08-19 16:47:37,PLACED,144618
1658,500.0,2026-03-26 15:38:13,PLACED,785491
1659,732.0,2024-08-21 00:42:20,PLACED,336828
1660,395.0,2026-05-26 04:34:17,RETURNED,182857
1661,948.0,2025-08-10 23:09:53,PLACED,144618
1662,697.0,2026-05-05 01:58:02,SHIPPED,279708
1663,479.0,2026-01-02 00:56:26,CANCELLED,831105
1664,,2025-11-26 05:15:21,SHIPPED,836986
1665,8.0,2025-07-08 07:10:37,SHIPPED,624139
1666,754.0,2025-06-04 23:33:09,SHIPPED,186702
1667,384.0,2025-04-23 11:38:46,RETURNED,497687
1668,854.0,2025-09-09 11:07:09,PLACED,825916
1669,979.0,2025-08-26 08:48:36,RETURNED,896483
1670,359.0,2026-02-19 01:53:00,CANCELLED,199994
1671,634.0,2024-10-31 00:34:18,CANCELLED,182857
1672,217.0,2024-12-15 15:07:52,SHIPPED,355021
1673,128.0,2025-06-18 03:03:50,RETURNED,524965
1674,700.0,16-12-2024 10:05:20,RETURNED,781463
1675,554.0,2025-10-17 18:12:20,SHIPPED,279708
1676,55.0,2025-09-09 16:18:22,RETURNED,679549
1677,814.0,2025-05-14 22:13:59,DELIVERED,999908
1678,670.0,2026-04-18 12:35:18,RETURNED,999908
1679,401.0,2025-12-25 04:11:15,DELIVERED,497687
1680,273.0,2025-06-24 18:46:37,CANCELLED,144618
1681,641.0,2025-03-04 02:37:20,DELIVERED,554987
1682,802.0,2025-11-05 08:59:27,SHIPPED,624139
1683,319.0,2026-06-15 23:52:52,RETURNED,336828
1684,631.0,2026-04-27 05:18:46,CANCELLED,825916
1685,911.0,2026-08-06 07:04:41,RETURNED,340927
1686,315.0,2026-03-20 22:11:49,DELIVERED,133223
1687,,2024-10-24 00:49:51,CANCELLED,679549
1688,98.0,2025-11-26 17:45:16,CANCELLED,364679
1689,88.0,2025-11-02 08:49:44,PLACED,184532
1690,180.0,2025-06-05 15:12:20,RETURNED,954814
1691,436.0,2025-08-06 19:34:51,RETURNED,525750
1692,752.0,2026-02-09 07:45:38,DELIVERED,364679
1693,74.0,2026-06-17 12:34:48,DELIVERED,414546
1694,201.0,2024-10-21 00:46:36,SHIPPED,999908
1695,486.0,2025-06-29 14:39:17,PLACED,825916
1696,610.0,2025-10-07 18:45:22,DELIVERED,186702
1697,790.0,2024-09-02 00:59:55,RETURNED,186702
1698,521.0,2025-03-08 23:18:49,RETURNED,624139
1699,11.0,12-06-2025 11:19:17,SHIPPED,182857
1700,267.0,2025-01-19 00:15:43,PLACED,599127
1701,157.0,2025-07-07 07:12:03,DELIVERED,581294
1702,10.0,2025-05-14 13:45:24,SHIPPED,968286
1703,665.0,2024-12-30 01:18:58,DELIVERED,986392
1704,255.0,2025-07-18 05:11:53,SHIPPED,414546
1705,197.0,2024-11-08 02:28:48,DELIVERED,785491
1706,203.0,2026-07-17 00:37:44,PLACED,624139
1707,489.0,2026-06-07 21:10:16,CANCELLED,624139
1708,934.0,2025-06-06 20:13:18,SHIPPED,144618
1709,745.0,2026-03-31 12:01:19,PLACED,144618
1710,,2026-01-05 08:08:40,DELIVERED,158840
1711,522.0,2026-02-01 14:23:15,SHIPPED,767678
1712,616.0,2024-08-14 18:10:39,RETURNED,182857
1713,727.0,2025-05-09 20:55:24,RETURNED,447362
1714,708.0,2025-01-19 18:47:49,DELIVERED,471658
1715,611.0,2025-03-04 08:51:52,RETURNED,198042
1716,728.0,2026-05-13 17:41:54,PLACED,825916
1717,512.0,2025-02-18 09:55:07,PLACED,825916
1718,568.0,2026-04-13 16:45:00,DELIVERED,896483
1719,771.0,2026-03-13 00:49:46,CANCELLED,497687
1720,282.0,2025-06-08 03:27:32,PLACED,825916
1721,845.0,2025-02-01 15:39:52,SHIPPED,340927
1722,871.0,2026-05-28 18:29:56,RETURNED,364679
1723,344.0,08-06-2025 00:39:23,CANCELLED,380310
1724,599.0,2024-08-20 13:06:49,DELIVERED,836986
1725,163.0,2024-11-29 05:45:03,PLACED,999908
1726,761.0,2025-05-09 16:44:59,RETURNED,624139
1727,862.0,2026-03-28 18:57:48,SHIPPED,999908
1728,372.0,2026-03-31 05:17:50,RETURNED,199994
1729,342.0,2025-10-21 10:48:27,SHIPPED,581294
1730,620.0,2025-04-10 23:29:02,PLACED,999636
1731,944.0,2026-07-10 20:23:28,CANCELLED,679549
1732,883.0,2026-08-04 10:39:06,RETURNED,624139
1733,637.0,2025-02-01 20:30:54,RETURNED,516176
1734,941.0,2026-07-21 07:36:47,SHIPPED,495490
1735,243.0,2024-12-27 22:28:39,DELIVERED,524965
1736,598.0,2025-11-22 22:45:42,SHIPPED,525750
1737,717.0,2026-04-06 10:35:13,DELIVERED,516176
1738,,2026-03-17 13:24:35,CANCELLED,624139
1739,,2025-10-05 07:30:01,PLACED,186702
1740,865.0,2024-11-11 08:08:35,CANCELLED,968286
1741,,2025-11-16 23:41:22,PLACED,524965
1742,480.0,2026-07-24 03:22:40,RETURNED,495490
1743,280.0,2024-12-14 02:22:33,SHIPPED,321686
1744,232.0,2026-05-31 16:20:47,SHIPPED,158840
1745,778.0,2025-08-22 01:30:05,RETURNED,831105
1746,976.0,2025-06-24 17:09:45,CANCELLED,524965
1747,261.0,2024-10-20 22:36:01,RETURNED,831105
1748,181.0,2026-03-17 10:36:37,RETURNED,776234
1749,56.0,2025-08-12 13:14:25,RETURNED,817269
1750,407.0,2025-11-13 10:58:11,SHIPPED,933551
1751,170.0,2026-03-05 02:29:28,DELIVERED,825916
1752,,2026-04-17 00:27:29,CANCELLED,999908
1753,254.0,2025-11-10 10:41:34,RETURNED,516176
1754,244.0,2025-02-15 07:04:39,PLACED,693343
1755,559.0,2025-09-17 02:07:19,CANCELLED,495490
1756,546.0,2026-07-03 05:00:23,DELIVERED,896483
1757,671.0,2025-01-05 01:06:56,SHIPPED,999908
1758,476.0,2024-10-16 07:55:56,DELIVERED,554987
1759,291.0,2025-06-24 17:30:13,PLACED,825916
1760,78.0,11-11-2025 14:19:04,DELIVERED,692447
1761,247.0,2025-10-16 14:05:30,DELIVERED,776234
1762,552.0,2024-08-29 12:32:44,CANCELLED,776234
1763,,2026-01-08 01:43:45,SHIPPED,679549
1764,424.0,2026-06-12 16:16:01,PLACED,414546
1765,950.0,2024-10-05 17:50:59,SHIPPED,999636
1766,154.0,2025-05-15 12:59:10,DELIVERED,581294
1767,429.0,2026-02-02 11:11:24,PLACED,491172
1768,492.0,2024-11-12 13:33:11,PLACED,817269
1769,447.0,2025-07-06 15:00:30,RETURNED,581294
1770,426.0,2025-11-13 12:02:03,DELIVERED,364679
1771,,2025-04-27 19:15:34,DELIVERED,199994
1772,116.0,2025-01-31 07:32:13,PLACED,785491
1773,696.0,2026-05-27 02:33:42,CANCELLED,158840
1774,454.0,2025-03-14 02:21:03,PLACED,781463
1775,7.0,2025-09-04 07:31:32,SHIPPED,340927
1776,109.0,2025-02-04 08:31:50,RETURNED,336828
1777,837.0,2026-03-01 23:56:28,SHIPPED,279708
1778,332.0,2026-03-06 09:28:04,RETURNED,321686
1779,344.0,2026-02-22 22:59:00,DELIVERED,186702
1780,12.0,03-12-2025 18:38:15,CANCELLED,776234
1781,881.0,2025-02-26 01:23:57,SHIPPED,199994
1782,,2026-06-23 04:23:47,PLACED,198042
1783,564.0,2025-11-10 12:47:24,RETURNED,693343
1784,259.0,2025-11-18 12:44:05,RETURNED,471658
1785,273.0,2025-10-06 09:48:51,DELIVERED,692447
1786,20.0,23-10-2024 17:56:39,PLACED,184532
1787,131.0,2025-07-10 14:03:17,SHIPPED,199994
1788,910.0,2025-10-18 11:47:00,RETURNED,989053
1789,181.0,2024-10-26 10:03:52,PLACED,599127
1790,554.0,2025-03-03 12:51:16,PLACED,933551
1791,425.0,2026-05-24 16:37:47,CANCELLED,693343
1792,270.0,2024-10-15 23:22:20,DELIVERED,693343
1793,,2025-08-05 05:42:54,DELIVERED,182857
1794,639.0,2025-04-30 04:41:32,PLACED,184532
1795,155.0,2026-04-13 13:47:59,CANCELLED,414546
1796,55.0,2025-05-21 16:10:11,CANCELLED,109909
1797,912.0,2025-08-02 21:28:20,PLACED,999908
1798,897.0,2024-08-25 05:47:13,CANCELLED,554987
1799,758.0,2024-10-01 22:44:47,RETURNED,516176
1800,353.0,2026-07-10 21:22:59,SHIPPED,831105
1801,671.0,2024-10-03 22:43:31,RETURNED,599127
1802,22.0,2025-12-24 06:54:00,RETURNED,653815
1803,734.0,2025-05-10 07:37:39,PLACED,471658
1804,550.0,2025-03-26 06:28:07,SHIPPED,836986
1805,257.0,2026-06-03 16:46:11,DELIVERED,781463
1806,745.0,2026-03-22 19:56:31,CANCELLED,524965
1807,269.0,2024-12-18 13:07:41,SHIPPED,954814
1808,497.0,2024-08-16 14:37:22,DELIVERED,999636
1809,684.0,2024-12-17 17:19:43,DELIVERED,896483
1810,877.0,2025-09-27 14:22:17,DELIVERED,817269
1811,781.0,2025-10-26 08:25:47,RETURNED,989053
1812,353.0,2024-09-01 04:13:21,PLACED,922478
1813,38.0,2026-07-23 02:08:12,DELIVERED,198042
1814,862.0,2026-08-05 02:36:48,PLACED,186702
1815,138.0,2025-07-28 16:32:35,DELIVERED,414546
1816,365.0,2025-10-31 17:17:20,SHIPPED,781463
1817,925.0,2025-09-12 09:31:18,CANCELLED,693343
1818,209.0,2024-12-02 21:38:06,SHIPPED,516176
1819,348.0,2026-02-01 23:55:15,CANCELLED,836986
1820,415.0,2026-06-17 01:15:34,RETURNED,922478
1821,665.0,2024-12-28 01:43:06,SHIPPED,497687
1822,629.0,2024-08-30 18:59:46,SHIPPED,624139
1823,917.0,2024-08-26 00:44:32,SHIPPED,495490
1824,397.0,2025-08-18 00:30:39,DELIVERED,554987
1825,616.0,2024-11-28 11:42:19,DELIVERED,679549
1826,900.0,2026-05-04 10:28:17,RETURNED,525750
1827,377.0,2024-11-01 01:15:51,SHIPPED,447362
1828,700.0,2025-01-14 16:26:52,SHIPPED,986392
1829,824.0,2025-04-05 11:07:02,RETURNED,999636
1830,379.0,2025-01-16 17:35:39,SHIPPED,525750
1831,584.0,2026-01-22 19:18:17,DELIVERED,199994
1832,558.0,2026-06-26 17:48:49,RETURNED,525750
1833,385.0,2025-02-20 16:07:00,CANCELLED,825916
1834,662.0,2025-07-26 23:35:15,SHIPPED,447362
1835,552.0,2026-07-06 12:24:27,RETURNED,692447
1836,,2025-04-20 19:31:06,DELIVERED,933551
1837,86.0,2025-09-16 01:25:50,RETURNED,279708
1838,350.0,2025-03-12 04:44:25,PLACED,355021
1839,66.0,2026-02-04 13:14:22,DELIVERED,581294
1840,148.0,2025-08-06 09:00:20,PLACED,321686
1841,542.0,2025-08-18 16:29:47,DELIVERED,497687
1842,198.0,2025-05-28 08:26:30,CANCELLED,785491
1843,6.0,2024-12-28 05:22:56,CANCELLED,340927
1844,338.0,2024-12-13 13:05:28,DELIVERED,581294
1845,4.0,2025-12-24 02:00:34,SHIPPED,182857
1846,302.0,2026-05-19 08:49:36,SHIPPED,355021
1847,249.0,2025-03-02 12:39:22,PLACED,321686
1848,615.0,2025-05-23 03:41:00,RETURNED,776234
1849,619.0,2025-10-09 13:05:20,DELIVERED,554987
1850,221.0,2026-02-20 01:51:42,RETURNED,776234
1851,,2025-03-24 19:24:32,SHIPPED,554987
1852,363.0,2026-03-12 06:37:11,SHIPPED,414546
1853,949.0,2026-07-06 21:44:48,PLACED,896483
1854,830.0,2025-07-31 13:16:50,PLACED,199994
1855,,2026-05-16 02:40:44,CANCELLED,525750
1856,772.0,2025-06-14 17:36:26,RETURNED,554987
1857,293.0,2026-02-05 22:16:59,CANCELLED,653815
1858,995.0,2026-03-28 04:40:42,DELIVERED,355021
1859,573.0,2025-11-07 05:25:26,CANCELLED,767678
1860,297.0,2025-10-26 19:39:50,CANCELLED,525750
1861,74.0,2025-06-18 19:21:25,SHIPPED,831105
1862,15.0,2025-09-27 11:42:35,SHIPPED,471658
1863,675.0,2025-05-09 08:56:37,CANCELLED,321686
1864,801.0,2025-11-14 09:00:50,PLACED,989053
1865,126.0,2024-09-25 03:31:59,CANCELLED,414546
1866,315.0,2024-12-09 08:58:41,SHIPPED,321686
1867,576.0,2024-09-02 20:42:44,SHIPPED,933551
1868,305.0,2025-08-17 17:42:36,SHIPPED,679549
1869,487.0,2025-10-11 21:33:28,RETURNED,767678
1870,990.0,2025-03-11 13:53:07,DELIVERED,599127
1871,977.0,2026-04-05 01:55:03,SHIPPED,495490
1872,599.0,2025-11-23 10:23:45,CANCELLED,825916
1873,837.0,2026-07-15 05:18:40,PLACED,554987
1874,546.0,2025-04-23 12:23:04,CANCELLED,144618
1875,493.0,2024-08-31 01:44:27,DELIVERED,524965
1876,765.0,2024-12-18 14:50:33,RETURNED,340927
1877,33.0,2025-04-01 21:56:21,RETURNED,554987
1878,680.0,2026-03-09 22:27:49,RETURNED,836986
1879,340.0,2025-04-27 12:39:11,PLACED,836986
1880,774.0,01-10-2024 06:20:36,PLACED,679549
1881,732.0,2025-12-02 02:15:39,CANCELLED,471658
1882,382.0,2025-05-07 21:56:50,SHIPPED,836986
1883,364.0,2026-03-01 14:55:22,RETURNED,524965
1884,851.0,2024-11-06 13:00:58,PLACED,186702
1885,613.0,2025-03-29 22:11:59,CANCELLED,836986
1886,592.0,2024-08-17 03:57:34,PLACED,831105
1887,672.0,2025-04-06 10:25:41,DELIVERED,679549
1888,733.0,2025-07-15 03:36:27,CANCELLED,785491
1889,657.0,2026-03-13 02:36:13,DELIVERED,599127
1890,76.0,2026-05-27 17:11:45,SHIPPED,495490
1891,861.0,2025-09-23 11:15:40,DELIVERED,776234
1892,623.0,17-05-2025 20:50:32,PLACED,199994
1893,380.0,2025-10-22 19:21:01,RETURNED,581294
1894,362.0,2025-08-29 08:33:31,CANCELLED,447362
1895,309.0,2024-10-23 09:11:43,CANCELLED,516176
1896,107.0,2025-02-28 07:27:37,RETURNED,491172
1897,322.0,2025-10-27 06:20:08,SHIPPED,825916
1898,883.0,16-05-2026 11:29:37,RETURNED,199994
1899,639.0,2026-04-29 08:25:25,RETURNED,525750
1900,83.0,2024-10-02 20:37:47,CANCELLED,497687
1901,110.0,23-05-2026 06:36:18,DELIVERED,679549
1902,787.0,2025-06-13 06:46:08,PLACED,355021
1903,711.0,2026-02-12 14:12:16,CANCELLED,986392
1904,101.0,29-03-2025 08:04:20,SHIPPED,599127
1905,648.0,2025-03-31 01:03:46,PLACED,968286
1906,,2024-12-31 04:43:05,DELIVERED,199994
1907,569.0,2026-03-18 13:50:26,SHIPPED,653815
1908,796.0,2025-08-08 10:57:26,PLACED,516176
1909,835.0,2026-08-02 13:36:21,PLACED,653815
1910,571.0,2025-06-12 21:46:38,CANCELLED,922478
1911,150.0,2024-11-07 20:22:52,DELIVERED,516176
1912,472.0,2024-12-12 05:11:15,RETURNED,653815
1913,865.0,2025-04-04 23:27:33,CANCELLED,144618
1914,684.0,2025-05-15 20:55:20,RETURNED,776234
1915,591.0,2025-10-04 06:15:30,SHIPPED,198042
1916,275.0,2025-03-05 09:58:42,RETURNED,198042
1917,17.0,2025-11-22 09:18:07,PLACED,825916
1918,274.0,2026-04-26 13:38:09,SHIPPED,781463
1919,115.0,2026-07-31 21:11:48,RETURNED,693343
1920,9.0,2026-06-06 03:20:17,SHIPPED,692447
1921,455.0,2025-03-04 22:12:47,SHIPPED,355021
1922,927.0,2026-04-16 00:07:36,PLACED,497687
1923,877.0,2025-05-30 10:44:00,DELIVERED,785491
1924,716.0,2026-05-25 14:06:04,CANCELLED,184532
1925,202.0,2026-06-10 19:23:16,SHIPPED,491172
1926,617.0,2024-09-06 18:41:07,SHIPPED,831105
1927,630.0,2025-11-23 04:44:43,PLACED,776234
1928,565.0,2024-09-28 22:29:03,DELIVERED,364679
1929,87.0,2024-10-17 16:26:34,CANCELLED,767678
1930,101.0,2026-03-18 10:07:32,CANCELLED,279708
1931,396.0,2026-01-19 12:35:03,PLACED,554987
1932,62.0,2025-02-25 20:17:34,CANCELLED,817269
1933,354.0,2026-02-10 18:13:09,SHIPPED,986392
1934,78.0,2025-05-28 15:29:34,CANCELLED,599127
1935,318.0,2025-09-19 16:15:57,CANCELLED,679549
1936,670.0,2025-03-25 23:16:33,PLACED,554987
1937,,2025-10-30 11:45:35,RETURNED,364679
1938,784.0,2025-05-23 12:28:36,SHIPPED,186702
1939,984.0,2025-12-30 22:47:48,DELIVERED,776234
1940,594.0,2025-07-07 06:21:24,RETURNED,336828
1941,888.0,2026-04-21 03:21:49,PLACED,355021
1942,658.0,2026-07-16 16:30:06,SHIPPED,380310
1943,16.0,2024-11-05 21:24:05,DELIVERED,471658
1944,75.0,2025-05-09 07:59:24,SHIPPED,471658
1945,705.0,2025-11-03 14:55:27,RETURNED,554987
1946,768.0,2024-08-30 14:18:51,DELIVERED,781463
1947,755.0,2024-09-13 03:27:17,PLACED,380310
1948,564.0,2024-08-16 19:06:22,PLACED,497687
1949,67.0,2024-10-25 00:02:11,SHIPPED,692447
1950,827.0,2025-04-02 01:03:28,DELIVERED,776234
1951,989.0,2025-12-24 11:30:07,RETURNED,624139
1952,223.0,2025-06-23 11:01:25,RETURNED,355021
1953,372.0,2024-12-11 12:33:46,CANCELLED,340927
1954,882.0,2024-12-26 20:10:04,RETURNED,133223
1955,224.0,2026-05-30 07:07:34,PLACED,516176
1956,193.0,2025-05-05 15:52:01,DELIVERED,999908
1957,722.0,30-05-2026 17:43:01,DELIVERED,198042
1958,850.0,2026-08-02 01:25:37,PLACED,321686
1959,503.0,2026-06-22 13:13:20,CANCELLED,186702
1960,9.0,2026-05-05 06:28:05,PLACED,184532
1961,229.0,2025-02-14 21:34:04,CANCELLED,525750
1962,531.0,2026-03-05 14:06:36,PLACED,199994
1963,911.0,2024-10-29 03:24:12,DELIVERED,781463
1964,663.0,2026-07-02 01:44:13,RETURNED,497687
1965,716.0,2024-10-03 00:27:05,RETURNED,336828
1966,916.0,2025-04-06 18:29:07,SHIPPED,776234
1967,567.0,2025-10-30 19:17:52,PLACED,182857
1968,151.0,2026-03-25 16:57:15,RETURNED,144618
1969,589.0,2025-02-22 08:48:59,RETURNED,516176
1970,715.0,2024-12-11 15:08:35,CANCELLED,144618
1971,,2024-11-17 20:02:54,RETURNED,653815
1972,142.0,2025-07-11 17:30:35,DELIVERED,495490
1973,277.0,09-11-2024 10:52:51,RETURNED,999908
1974,491.0,2026-04-30 19:10:32,DELIVERED,836986
1975,340.0,2026-02-10 06:41:35,RETURNED,776234
1976,932.0,2026-05-19 17:18:13,DELIVERED,525750
1977,103.0,2026-07-15 17:25:32,RETURNED,624139
1978,438.0,2025-06-07 02:31:07,CANCELLED,836986
1979,683.0,2025-07-01 13:34:33,CANCELLED,767678
1980,692.0,2024-11-06 14:14:17,SHIPPED,776234
1981,426.0,2025-08-29 14:17:02,SHIPPED,653815
1982,297.0,2025-10-05 08:02:44,DELIVERED,831105
1983,968.0,2025-12-05 05:53:53,PLACED,491172
1984,982.0,2026-07-23 09:44:16,PLACED,599127
1985,153.0,2025-04-01 08:26:36,PLACED,340927
1986,,2026-01-25 02:00:54,SHIPPED,776234
1987,470.0,2025-01-21 04:00:01,CANCELLED,497687
1988,460.0,2025-02-17 21:52:26,PLACED,781463
1989,609.0,2025-03-13 14:17:01,DELIVERED,186702
1990,932.0,2024-10-08 16:21:27,SHIPPED,364679
1991,567.0,2025-09-21 04:28:08,SHIPPED,199994
1992,880.0,2026-05-08 19:37:36,DELIVERED,968286
1993,697.0,2025-12-03 22:32:54,PLACED,785491
1994,692.0,2026-01-28 07:13:06,DELIVERED,109909
1995,414.0,2025-01-06 14:26:03,RETURNED,999908
1996,874.0,2024-10-05 04:35:59,PLACED,491172
1997,34.0,2026-07-20 01:22:09,DELIVERED,781463
1998,392.0,2024-09-22 05:25:08,CANCELLED,144618
1999,194.0,2024-08-18 19:00:13,RETURNED,776234
2000,275.0,2025-01-14 02:01:52,PLACED,355021
2001,733.0,2026-03-30 02:35:52,SHIPPED,781463
2002,266.0,2024-12-24 11:19:34,DELIVERED,999636
2003,484.0,2024-10-24 13:30:01,CANCELLED,158840
2004,164.0,2025-01-08 15:00:02,PLACED,447362
2005,678.0,2025-10-14 13:36:56,SHIPPED,158840
2006,550.0,2025-08-29 15:15:38,SHIPPED,922478
2007,199.0,2026-04-28 06:56:10,CANCELLED,279708
2008,832.0,2026-02-15 17:21:28,DELIVERED,599127
2009,128.0,2025-03-24 23:37:18,CANCELLED,340927
2010,,2025-07-06 20:32:35,PLACED,836986
2011,703.0,2024-11-29 16:40:59,DELIVERED,624139
2012,395.0,2025-08-12 17:41:59,DELIVERED,186702
2013,953.0,2026-06-07 22:51:12,RETURNED,954814
2014,291.0,2025-01-16 00:28:43,SHIPPED,624139
2015,507.0,2025-05-01 20:04:34,DELIVERED,896483
2016,486.0,2026-07-22 11:12:50,PLACED,581294
2017,55.0,2026-05-05 03:43:54,DELIVERED,954814
2018,759.0,2025-08-19 06:39:11,DELIVERED,198042
2019,517.0,2026-03-01 23:48:10,RETURNED,692447
2020,440.0,2024-12-24 11:57:29,RETURNED,554987
2021,639.0,2025-02-28 03:46:41,CANCELLED,355021
2022,914.0,2024-12-07 03:27:33,RETURNED,491172
2023,793.0,2025-03-21 13:35:52,DELIVERED,653815
2024,628.0,2026-05-06 14:18:51,DELIVERED,653815
2025,86.0,2025-11-25 19:59:12,PLACED,989053
2026,185.0,2024-11-24 19:03:39,CANCELLED,516176
2027,795.0,2026-05-11 05:53:59,CANCELLED,817269
2028,707.0,2026-02-04 10:17:10,DELIVERED,679549
2029,630.0,2025-01-31 22:16:25,DELIVERED,336828
2030,58.0,2026-05-24 07:44:45,RETURNED,785491
2031,280.0,2024-12-23 19:45:50,SHIPPED,491172
2032,29.0,2024-08-30 02:00:30,DELIVERED,471658
2033,300.0,2025-12-05 16:42:25,SHIPPED,516176
2034,886.0,2025-07-05 20:19:52,CANCELLED,109909
2035,699.0,2025-02-19 04:50:48,PLACED,158840
2036,974.0,2026-06-17 07:17:59,RETURNED,581294
2037,21.0,2024-10-09 14:39:58,SHIPPED,781463
2038,262.0,2025-06-20 09:14:12,CANCELLED,144618
2039,593.0,2024-11-27 05:26:47,RETURNED,785491
2040,824.0,2025-08-11 01:00:32,DELIVERED,581294
2041,298.0,2025-08-15 05:34:38,PLACED,836986
2042,884.0,2024-09-17 00:46:20,SHIPPED,336828
2043,456.0,2025-02-24 07:44:42,PLACED,599127
2044,952.0,2024-10-19 15:39:11,CANCELLED,653815
2045,108.0,2025-11-26 00:10:23,RETURNED,491172
2046,570.0,2026-01-25 21:56:56,PLACED,785491
2047,500.0,2025-06-13 21:27:52,PLACED,999636
2048,338.0,2025-03-11 23:13:05,RETURNED,516176
2049,734.0,2025-05-30 08:39:09,DELIVERED,599127
2050,229.0,2025-10-17 03:25:58,PLACED,182857
2051,397.0,2025-08-31 00:53:17,RETURNED,825916
2052,500.0,2025-08-04 18:41:26,DELIVERED,954814
2053,68.0,2025-06-21 21:54:27,RETURNED,321686
2054,185.0,2025-12-19 18:37:38,DELIVERED,922478
2055,120.0,2025-11-24 08:15:21,SHIPPED,999908
2056,519.0,2026-07-10 17:04:47,SHIPPED,831105
2057,480.0,2025-01-16 14:24:54,DELIVERED,989053
2058,563.0,2024-09-17 00:26:02,RETURNED,999908
2059,442.0,04-09-2024 06:30:43,CANCELLED,693343
2060,730.0,19-02-2025 15:21:26,PLACED,989053
2061,967.0,2024-09-26 07:15:10,SHIPPED,692447
2062,118.0,2024-10-22 00:05:32,DELIVERED,491172
2063,424.0,2025-01-21 15:07:26,PLACED,776234
2064,528.0,2025-11-05 06:15:37,RETURNED,109909
2065,533.0,2026-01-14 02:19:07,PLACED,336828
2066,644.0,2025-05-22 11:35:33,RETURNED,896483
2067,729.0,2024-10-22 04:51:57,RETURNED,999908
2068,420.0,2026-01-27 07:39:28,DELIVERED,581294
2069,534.0,2026-05-13 16:18:18,DELIVERED,624139
2070,643.0,2025-02-21 03:58:31,SHIPPED,692447
2071,499.0,2025-01-06 11:10:33,PLACED,785491
2072,215.0,2026-03-06 03:50:53,RETURNED,781463
2073,946.0,2025-04-20 03:23:05,RETURNED,679549
2074,,2025-03-07 13:47:42,PLACED,525750
2075,578.0,2025-10-18 19:07:41,PLACED,158840
2076,937.0,2026-01-27 06:55:11,PLACED,182857
2077,24.0,2024-10-17 01:03:48,CANCELLED,380310
2078,366.0,2025-08-11 19:24:46,PLACED,495490
2079,731.0,2026-01-02 21:10:24,CANCELLED,355021
2080,584.0,2025-07-23 11:08:46,RETURNED,986392
2081,22.0,2025-03-20 05:38:42,CANCELLED,776234
2082,214.0,2026-06-02 12:06:43,DELIVERED,785491
2083,146.0,2025-01-30 12:12:37,DELIVERED,831105
2084,72.0,2025-03-27 09:14:56,RETURNED,516176
2085,778.0,2024-09-28 22:29:36,CANCELLED,624139
2086,848.0,2024-12-24 01:16:49,SHIPPED,516176
2087,101.0,2026-05-28 12:55:23,CANCELLED,182857
2088,409.0,2024-11-20 19:24:27,CANCELLED,785491
2089,78.0,2024-08-18 12:06:32,CANCELLED,158840
2090,883.0,2025-07-21 21:19:10,SHIPPED,414546
2091,404.0,2025-04-10 05:19:30,SHIPPED,776234
2092,537.0,2024-12-16 20:57:24,DELIVERED,133223
2093,87.0,17-02-2025 22:13:38,CANCELLED,355021
2094,433.0,2024-10-04 10:22:23,DELIVERED,999908
2095,850.0,2025-12-18 08:18:28,CANCELLED,767678
2096,249.0,2026-04-24 08:48:23,PLACED,933551
2097,759.0,2025-10-17 02:39:40,CANCELLED,491172
2098,791.0,2026-07-18 10:23:05,DELIVERED,158840
2099,236.0,2025-10-09 04:30:33,CANCELLED,692447
2100,657.0,2025-07-31 21:37:04,DELIVERED,825916
2101,597.0,2025-02-06 00:04:55,DELIVERED,554987
2102,110.0,2024-10-28 02:33:03,RETURNED,525750
2103,346.0,2026-03-30 09:52:23,RETURNED,182857
2104,598.0,2025-09-27 13:53:45,CANCELLED,653815
2105,383.0,2026-08-02 16:17:42,PLACED,999908
2106,327.0,2026-04-11 09:57:41,RETURNED,447362
2107,490.0,27-08-2025 21:36:54,PLACED,785491
2108,428.0,2024-12-09 09:57:15,RETURNED,599127
2109,858.0,2024-11-24 06:40:12,CANCELLED,986392
2110,327.0,2024-10-16 19:14:05,CANCELLED,817269
2111,663.0,2025-03-19 16:59:19,RETURNED,817269
2112,122.0,2026-01-28 23:18:56,RETURNED,692447
2113,657.0,2025-07-05 19:54:02,CANCELLED,198042
2114,870.0,2026-01-27 23:16:19,PLACED,781463
2115,322.0,2026-08-02 05:25:33,SHIPPED,199994
2116,56.0,2025-02-13 04:24:03,RETURNED,495490
2117,24.0,2025-07-30 13:48:55,CANCELLED,624139
2118,52.0,2025-05-02 07:23:37,DELIVERED,279708
2119,597.0,2024-08-19 02:35:38,SHIPPED,355021
2120,681.0,2025-04-23 18:55:28,PLACED,340927
2121,460.0,2026-01-09 22:58:56,RETURNED,767678
2122,227.0,2026-05-22 07:57:41,PLACED,986392
2123,992.0,2026-02-25 23:28:16,RETURNED,599127
2124,41.0,2026-04-27 04:35:31,DELIVERED,186702
2125,950.0,2026-05-30 05:12:13,PLACED,679549
2126,229.0,2025-10-18 09:08:16,SHIPPED,785491
2127,796.0,2024-10-30 13:43:15,CANCELLED,933551
2128,,2025-12-23 03:41:12,RETURNED,182857
2129,905.0,2026-01-23 03:34:24,RETURNED,825916
2130,413.0,2024-08-24 08:13:43,CANCELLED,999908
2131,759.0,2026-07-25 01:50:59,CANCELLED,447362
2132,596.0,2026-04-26 16:29:03,PLACED,516176
2133,744.0,2025-12-03 20:33:08,SHIPPED,525750
2134,294.0,20-11-2024 15:53:31,RETURNED,321686
2135,804.0,2025-08-07 20:36:13,PLACED,321686
2136,747.0,2025-02-03 16:59:13,SHIPPED,693343
2137,890.0,2026-02-01 11:55:20,SHIPPED,679549
2138,754.0,2026-07-21 04:06:41,RETURNED,184532
2139,738.0,2025-04-28 18:01:32,CANCELLED,776234
2140,942.0,2026-02-03 22:42:00,RETURNED,679549
2141,439.0,2024-12-28 19:11:41,SHIPPED,336828
2142,980.0,2026-07-07 16:11:45,DELIVERED,785491
2143,997.0,2025-11-18 18:49:17,RETURNED,999636
2144,689.0,15-07-2026 10:42:27,DELIVERED,495490
2145,115.0,2026-05-11 22:30:58,DELIVERED,516176
2146,945.0,18-12-2025 01:16:14,RETURNED,364679
2147,760.0,2026-05-28 01:33:56,RETURNED,109909
2148,108.0,2025-07-03 09:13:21,CANCELLED,525750
2149,613.0,2026-07-10 05:24:39,DELIVERED,380310
2150,172.0,2025-08-29 02:19:35,DELIVERED,186702
2151,225.0,2025-02-19 00:07:26,PLACED,364679
2152,784.0,2025-12-18 05:54:48,RETURNED,896483
2153,176.0,2026-05-19 20:44:54,PLACED,184532
2154,195.0,2025-05-21 20:07:55,PLACED,817269
2155,298.0,10-06-2025 00:39:04,CANCELLED,199994
2156,248.0,2026-08-05 06:11:31,RETURNED,524965
2157,311.0,2025-03-23 03:45:20,DELIVERED,653815
2158,607.0,2024-09-08 05:23:35,CANCELLED,524965
2159,597.0,2025-08-24 02:36:04,CANCELLED,495490
2160,614.0,2025-04-16 22:58:14,RETURNED,336828
2161,,2025-10-30 12:34:47,SHIPPED,158840
2162,,2025-06-21 20:03:14,SHIPPED,831105
2163,693.0,2025-07-07 14:10:29,RETURNED,198042
2164,581.0,2026-07-17 10:02:32,DELIVERED,497687
2165,710.0,2026-03-10 23:46:53,SHIPPED,184532
2166,231.0,2025-03-07 21:05:16,SHIPPED,525750
2167,565.0,2026-07-18 09:07:43,PLACED,933551
2168,184.0,08-08-2025 15:47:49,PLACED,581294
2169,622.0,2025-12-22 23:10:23,CANCELLED,693343
2170,414.0,2025-07-15 20:06:07,CANCELLED,525750
2171,223.0,2024-11-26 22:34:08,PLACED,525750
2172,934.0,2026-07-16 08:04:05,CANCELLED,599127
2173,916.0,2025-11-07 20:55:29,RETURNED,495490
2174,914.0,2025-12-07 11:23:34,RETURNED,355021
2175,707.0,2025-03-19 00:13:01,CANCELLED,109909
2176,,2025-03-07 18:28:59,CANCELLED,186702
2177,539.0,2026-03-16 10:17:45,CANCELLED,198042
2178,917.0,2024-08-20 14:12:23,DELIVERED,414546
2179,603.0,2024-09-08 02:49:04,SHIPPED,495490
2180,784.0,2025-03-03 22:34:17,RETURNED,364679
2181,130.0,2025-10-16 10:17:41,RETURNED,767678
2182,246.0,2024-09-17 01:24:25,SHIPPED,653815
2183,758.0,2025-03-20 14:21:49,RETURNED,989053
2184,345.0,2025-06-19 13:03:40,CANCELLED,279708
2185,40.0,2025-12-04 12:05:32,RETURNED,133223
2186,,2024-08-09 16:05:53,PLACED,471658
2187,617.0,08-02-2025 20:51:31,RETURNED,158840
2188,22.0,2025-04-22 00:42:21,DELIVERED,491172
2189,722.0,2025-03-04 02:55:24,RETURNED,158840
2190,160.0,2026-04-28 16:36:30,PLACED,581294
2191,310.0,2025-12-08 05:01:26,RETURNED,321686
2192,190.0,2026-02-21 20:34:38,DELIVERED,599127
2193,581.0,2024-11-30 10:52:57,RETURNED,516176
2194,6.0,2024-10-11 00:37:10,RETURNED,776234
2195,656.0,2025-02-22 22:05:06,PLACED,817269
2196,600.0,2026-08-06 16:44:19,CANCELLED,922478
2197,332.0,2024-12-30 21:46:44,PLACED,999636
2198,125.0,2025-10-10 16:43:45,RETURNED,986392
2199,992.0,2024-10-07 03:57:23,DELIVERED,776234
2200,832.0,2025-01-16 01:45:27,PLACED,781463
2201,466.0,2025-07-20 20:22:25,RETURNED,825916
2202,18.0,2025-04-25 06:05:25,PLACED,158840
2203,929.0,2026-03-25 03:20:32,CANCELLED,109909
2204,221.0,2025-11-17 13:12:33,CANCELLED,624139
2205,425.0,2025-06-13 21:01:30,DELIVERED,497687
2206,831.0,2026-07-16 12:11:40,DELIVERED,184532
2207,389.0,2024-10-19 21:22:07,DELIVERED,692447
2208,789.0,2025-02-16 01:08:57,PLACED,199994
2209,958.0,2025-03-17 19:45:52,RETURNED,340927
2210,865.0,2025-03-24 04:31:09,DELIVERED,144618
2211,441.0,2025-09-25 03:00:21,RETURNED,968286
2212,,2025-12-18 03:24:15,PLACED,922478
2213,801.0,2025-04-01 18:24:40,CANCELLED,986392
2214,306.0,2025-10-05 13:00:07,SHIPPED,624139
2215,292.0,2025-12-21 08:30:26,PLACED,693343
2216,385.0,2025-01-01 22:30:12,DELIVERED,340927
2217,320.0,2024-11-16 07:42:48,RETURNED,954814
2218,478.0,2025-09-18 02:17:07,DELIVERED,767678
2219,667.0,2025-03-17 02:55:38,PLACED,525750
2220,970.0,10-10-2024 17:30:36,RETURNED,933551
2221,181.0,2025-09-27 03:20:55,DELIVERED,968286
2222,438.0,2025-11-11 04:13:56,SHIPPED,776234
2223,718.0,2025-09-11 22:05:23,DELIVERED,989053
2224,584.0,2025-05-10 20:06:10,DELIVERED,364679
2225,291.0,2026-05-11 01:04:59,PLACED,554987
2226,,2025-06-24 08:14:36,SHIPPED,986392
2227,932.0,2024-11-18 10:53:24,SHIPPED,693343
2228,639.0,2025-06-28 00:03:01,CANCELLED,133223
2229,346.0,2025-03-26 00:46:49,SHIPPED,968286
2230,626.0,2026-06-23 02:42:45,SHIPPED,767678
2231,596.0,2026-01-11 17:46:59,SHIPPED,836986
2232,953.0,2025-07-17 08:14:30,PLACED,781463
2233,984.0,2025-06-17 14:32:20,PLACED,581294
2234,,2025-06-12 08:57:06,RETURNED,581294
2235,434.0,2025-06-04 21:18:20,CANCELLED,321686
2236,343.0,2024-08-29 09:59:49,CANCELLED,825916
2237,459.0,2025-09-21 11:22:28,CANCELLED,817269
2238,833.0,2026-07-09 15:08:02,CANCELLED,144618
2239,647.0,2025-06-12 16:11:29,SHIPPED,336828
2240,877.0,2026-02-12 08:09:39,RETURNED,144618
2241,796.0,2025-11-01 14:23:21,DELIVERED,380310
2242,350.0,2025-03-18 02:12:15,DELIVERED,321686
2243,934.0,2025-02-02 10:47:43,PLACED,380310
2244,168.0,2025-08-18 08:36:43,SHIPPED,599127
2245,176.0,2024-11-10 04:10:12,CANCELLED,158840
2246,241.0,2025-09-10 01:11:21,DELIVERED,158840
2247,633.0,2025-09-26 08:13:50,RETURNED,414546
2248,967.0,2025-03-11 11:36:01,CANCELLED,999636
2249,,2026-02-11 23:01:19,CANCELLED,158840
2250,800.0,2025-05-23 00:45:47,DELIVERED,581294
2251,,2025-05-30 13:02:10,RETURNED,495490
2252,769.0,2024-08-13 13:12:38,PLACED,184532
2253,266.0,2026-03-22 01:13:05,CANCELLED,198042
2254,445.0,2026-05-10 07:21:56,DELIVERED,836986
2255,693.0,2025-07-11 09:13:03,PLACED,182857
2256,919.0,17-09-2024 21:37:13,RETURNED,922478
2257,141.0,2024-09-18 03:41:43,DELIVERED,495490
2258,20.0,2026-04-07 10:09:23,RETURNED,447362
2259,281.0,2025-11-26 22:13:53,DELIVERED,781463
2260,729.0,2025-04-09 19:19:12,DELIVERED,989053
2261,220.0,2024-10-19 08:24:06,PLACED,968286
2262,167.0,2025-03-09 11:06:12,RETURNED,524965
2263,938.0,2025-07-26 21:42:44,CANCELLED,825916
2264,817.0,2025-04-08 05:10:26,SHIPPED,144618
2265,822.0,2024-09-22 15:54:00,RETURNED,825916
2266,59.0,2026-02-01 02:27:52,SHIPPED,836986
2267,729.0,2025-12-14 20:19:59,DELIVERED,999636
2268,587.0,2026-01-31 07:00:46,SHIPPED,999908
2269,732.0,2024-09-16 22:22:27,RETURNED,364679
2270,17.0,2025-01-05 23:56:23,PLACED,933551
2271,843.0,2024-11-22 12:03:00,PLACED,497687
2272,812.0,2026-02-01 01:36:30,PLACED,836986
2273,695.0,2025-08-06 00:17:30,PLACED,999636
2274,19.0,2025-01-19 11:54:25,CANCELLED,896483
2275,117.0,2025-12-15 18:33:32,SHIPPED,144618
2276,572.0,2026-04-23 18:11:09,DELIVERED,968286
2277,,2025-03-16 23:56:45,SHIPPED,471658
2278,,2025-03-24 07:14:13,PLACED,776234
2279,183.0,01-08-2026 18:18:09,PLACED,380310
2280,787.0,2024-08-13 21:56:26,RETURNED,693343
2281,463.0,2025-07-29 10:50:56,SHIPPED,554987
2282,16.0,2025-12-24 14:35:03,PLACED,653815
2283,450.0,2024-10-31 23:52:08,PLACED,516176
2284,551.0,2024-08-09 05:28:27,RETURNED,525750
2285,1.0,2025-10-24 06:12:59,CANCELLED,693343
2286,215.0,2024-11-05 14:45:56,RETURNED,355021
2287,419.0,2024-10-18 23:00:54,PLACED,199994
2288,326.0,2025-01-05 10:25:35,SHIPPED,968286
2289,681.0,2025-07-21 06:16:21,DELIVERED,599127
2290,497.0,2026-04-09 11:48:31,PLACED,922478
2291,528.0,29-06-2025 09:36:54,CANCELLED,989053
2292,604.0,2024-09-18 20:31:58,CANCELLED,199994
2293,741.0,2024-11-06 04:23:15,DELIVERED,968286
2294,848.0,2025-05-31 17:21:12,SHIPPED,825916
2295,1.0,2026-07-28 01:00:27,PLACED,989053
2296,284.0,2026-03-31 09:26:42,PLACED,198042
2297,989.0,2026-04-16 01:29:36,CANCELLED,781463
2298,635.0,12-09-2025 13:40:03,PLACED,968286
2299,,2026-04-01 10:15:39,DELIVERED,355021
2300,293.0,2025-12-19 21:25:52,CANCELLED,933551
2301,114.0,2026-04-28 21:55:36,CANCELLED,831105
2302,753.0,2025-11-03 00:34:30,RETURNED,524965
2303,995.0,2025-06-21 00:39:57,SHIPPED,447362
2304,752.0,2025-11-16 22:21:05,CANCELLED,182857
2305,919.0,2024-12-22 04:48:39,SHIPPED,279708
2306,104.0,2026-03-30 03:16:32,CANCELLED,336828
2307,26.0,2025-12-02 11:12:55,RETURNED,447362
2308,668.0,2024-12-11 22:48:08,PLACED,679549
2309,561.0,2026-02-01 23:21:29,DELIVERED,182857
2310,898.0,2025-09-12 12:59:51,PLACED,933551
2311,145.0,2025-07-23 00:37:43,PLACED,624139
2312,601.0,2025-03-09 01:37:24,DELIVERED,825916
2313,562.0,2025-12-09 19:45:38,CANCELLED,954814
2314,570.0,2026-07-10 19:10:43,CANCELLED,581294
2315,994.0,2025-08-04 07:15:32,PLACED,471658
2316,843.0,09-12-2025 22:38:17,CANCELLED,989053
2317,632.0,2025-05-21 22:59:23,SHIPPED,199994
2318,128.0,2025-12-31 19:45:38,DELIVERED,524965
2319,836.0,2024-10-26 14:36:31,RETURNED,364679
2320,434.0,2025-06-09 17:40:37,RETURNED,653815
2321,980.0,2025-06-15 12:48:56,CANCELLED,158840
2322,943.0,2024-08-29 15:12:59,CANCELLED,524965
2323,838.0,2025-07-09 02:11:43,PLACED,279708
2324,,2025-09-25 08:17:28,SHIPPED,364679
2325,317.0,2024-08-17 06:02:21,CANCELLED,199994
2326,239.0,2025-03-18 08:43:07,CANCELLED,491172
2327,407.0,2025-11-23 10:35:22,RETURNED,279708
2328,33.0,2026-05-23 16:22:10,DELIVERED,781463
2329,515.0,2025-11-05 00:13:29,DELIVERED,524965
2330,,2024-09-09 08:14:54,PLACED,922478
2331,407.0,2026-06-02 18:57:41,PLACED,133223
2332,101.0,13-07-2026 12:08:05,RETURNED,781463
2333,44.0,2025-07-16 23:58:16,PLACED,599127
2334,544.0,19-01-2026 09:16:53,DELIVERED,447362
2335,679.0,2025-02-27 11:23:49,SHIPPED,355021
2336,,2026-07-27 08:28:57,RETURNED,471658
2337,379.0,2025-04-27 12:42:31,CANCELLED,693343
2338,69.0,2026-04-26 09:01:00,SHIPPED,785491
2339,113.0,11-08-2025 18:48:27,CANCELLED,182857
2340,333.0,2025-04-21 00:26:24,DELIVERED,767678
2341,921.0,2026-01-07 02:02:21,PLACED,922478
2342,870.0,2025-05-21 13:05:11,CANCELLED,340927
2343,331.0,2024-09-24 01:13:39,SHIPPED,525750
2344,439.0,2025-12-01 08:06:35,PLACED,831105
2345,992.0,2025-04-23 05:36:42,PLACED,144618
2346,451.0,2026-01-16 13:40:37,RETURNED,817269
2347,976.0,2025-04-14 01:08:11,CANCELLED,198042
2348,942.0,2026-01-13 15:04:54,PLACED,279708
2349,396.0,2026-03-06 20:50:24,DELIVERED,767678
2350,148.0,2025-02-28 12:34:26,RETURNED,679549
2351,811.0,2026-02-17 06:31:06,PLACED,471658
2352,893.0,2025-03-18 11:40:10,DELIVERED,380310
2353,604.0,2025-05-23 23:01:03,DELIVERED,144618
2354,778.0,2026-06-09 10:31:33,PLACED,524965
2355,694.0,2025-11-23 11:01:40,PLACED,336828
2356,679.0,2025-05-11 05:51:51,RETURNED,599127
2357,760.0,2025-07-19 19:23:00,RETURNED,581294
2358,38.0,2025-12-03 13:37:32,RETURNED,414546
2359,194.0,2025-10-03 23:41:12,PLACED,471658
2360,559.0,2026-06-17 15:47:40,SHIPPED,767678
2361,885.0,2026-02-26 14:45:13,PLACED,158840
2362,596.0,2025-08-28 00:30:12,RETURNED,471658
2363,163.0,2024-11-11 17:48:43,SHIPPED,199994
2364,680.0,2025-04-02 22:24:14,SHIPPED,364679
2365,989.0,07-07-2026 22:51:41,SHIPPED,922478
2366,26.0,2025-04-20 11:29:11,PLACED,785491
2367,708.0,2025-11-03 06:07:26,PLACED,599127
2368,199.0,2025-05-31 03:37:03,RETURNED,692447
2369,301.0,2024-09-11 00:31:27,RETURNED,933551
2370,206.0,2026-04-23 14:15:00,PLACED,491172
2371,515.0,2024-12-03 11:30:35,CANCELLED,554987
2372,827.0,2024-10-18 17:20:56,RETURNED,414546
2373,800.0,2024-10-25 19:03:14,PLACED,831105
2374,294.0,2026-06-22 15:23:19,CANCELLED,781463
2375,174.0,2025-07-23 05:05:32,CANCELLED,999908
2376,547.0,2026-02-15 07:12:47,PLACED,999636
2377,781.0,2026-07-27 01:01:36,RETURNED,279708
2378,826.0,22-03-2026 20:03:17,SHIPPED,999908
2379,450.0,2026-01-26 09:15:53,SHIPPED,321686
2380,9.0,2025-01-29 01:06:26,PLACED,986392
2381,868.0,2026-05-28 11:36:36,SHIPPED,781463
2382,44.0,14-12-2024 07:17:49,PLACED,491172
2383,162.0,2026-05-23 03:15:14,DELIVERED,581294
2384,919.0,2026-02-12 07:24:51,CANCELLED,692447
2385,865.0,12-06-2025 01:04:16,DELIVERED,186702
2386,995.0,2024-09-25 05:21:02,SHIPPED,679549
2387,279.0,2025-10-30 04:26:56,SHIPPED,986392
2388,543.0,2024-10-31 19:44:51,PLACED,525750
2389,525.0,2026-04-19 18:34:19,PLACED,922478
2390,130.0,2024-10-01 10:34:30,RETURNED,198042
2391,924.0,2026-02-17 19:34:05,SHIPPED,954814
2392,376.0,2025-10-26 06:17:56,CANCELLED,516176
2393,765.0,2026-04-15 07:14:06,PLACED,364679
2394,882.0,2026-06-14 20:05:54,SHIPPED,516176
2395,504.0,2025-03-31 19:15:27,RETURNED,184532
2396,607.0,2026-01-01 14:34:20,CANCELLED,199994
2397,502.0,2025-05-12 01:15:27,CANCELLED,199994
2398,402.0,2026-08-01 13:15:27,SHIPPED,336828
2399,378.0,2025-10-02 08:04:40,SHIPPED,922478
2400,303.0,2025-01-02 02:29:47,DELIVERED,836986
2401,266.0,2025-02-09 15:28:06,CANCELLED,497687
2402,223.0,2025-06-24 19:08:55,SHIPPED,355021
2403,1000.0,2025-03-06 04:25:45,RETURNED,199994
2404,536.0,2025-01-03 04:03:46,PLACED,554987
2405,,2024-12-05 14:31:30,SHIPPED,653815
2406,63.0,2026-03-26 16:39:39,CANCELLED,776234
2407,527.0,2026-03-22 22:06:05,PLACED,922478
2408,370.0,2024-12-27 16:05:10,DELIVERED,896483
2409,,2025-10-08 10:05:07,CANCELLED,364679
2410,570.0,2025-11-11 18:12:07,RETURNED,817269
2411,412.0,2025-12-10 15:26:37,SHIPPED,491172
2412,500.0,2025-01-04 21:12:25,RETURNED,182857
2413,979.0,2026-03-23 21:32:04,RETURNED,133223
2414,876.0,2026-05-23 17:35:51,RETURNED,109909
2415,30.0,2025-04-28 20:29:57,SHIPPED,599127
2416,714.0,2025-06-03 06:11:17,SHIPPED,989053
2417,834.0,2025-09-12 11:14:28,PLACED,831105
2418,729.0,2024-09-30 18:30:22,PLACED,581294
2419,143.0,2024-12-22 13:30:55,CANCELLED,767678
2420,243.0,2026-01-24 10:27:24,SHIPPED,692447
2421,380.0,2026-06-05 15:51:41,PLACED,380310
2422,284.0,2025-11-21 08:09:29,DELIVERED,184532
2423,998.0,2025-08-06 15:33:30,SHIPPED,495490
2424,539.0,2026-04-09 06:08:11,DELIVERED,781463
2425,260.0,2025-09-29 20:18:09,RETURNED,321686
2426,847.0,2025-07-21 06:06:20,CANCELLED,471658
2427,,2025-04-23 09:48:09,PLACED,340927
2428,181.0,2025-11-03 23:43:22,PLACED,279708
2429,592.0,2025-09-21 07:39:41,SHIPPED,692447
2430,548.0,2024-11-17 21:58:51,PLACED,767678
2431,49.0,2024-09-27 06:10:18,RETURNED,491172
2432,855.0,2025-06-17 11:46:44,PLACED,817269
2433,745.0,2025-05-10 22:46:21,CANCELLED,986392
2434,230.0,2024-09-29 23:15:55,RETURNED,999908
2435,972.0,2024-10-05 06:49:40,CANCELLED,831105
2436,736.0,2026-03-03 17:17:16,DELIVERED,414546
2437,510.0,2025-03-15 01:13:14,PLACED,999908
2438,129.0,2024-11-03 08:17:47,SHIPPED,182857
2439,795.0,2025-01-24 15:09:08,SHIPPED,340927
2440,830.0,2025-10-22 13:52:30,CANCELLED,831105
2441,721.0,2025-04-07 22:22:31,CANCELLED,414546
2442,333.0,2025-01-19 20:16:51,PLACED,158840
2443,180.0,27-06-2026 07:18:11,RETURNED,767678
2444,862.0,2026-06-13 21:42:05,PLACED,495490
2445,,2025-02-08 19:57:15,SHIPPED,336828
2446,733.0,04-01-2026 22:17:54,RETURNED,599127
2447,460.0,2024-09-27 20:09:52,SHIPPED,198042
2448,141.0,2026-05-07 19:06:01,DELIVERED,525750
2449,562.0,2026-07-17 09:22:21,CANCELLED,144618
2450,811.0,2024-10-02 19:48:17,SHIPPED,922478
2451,426.0,2025-10-03 11:42:40,DELIVERED,989053
2452,767.0,2026-04-24 10:39:26,SHIPPED,781463
2453,342.0,2026-06-20 20:52:38,SHIPPED,471658
2454,386.0,2025-08-09 11:25:56,RETURNED,380310
2455,271.0,2025-05-27 19:46:32,DELIVERED,525750
2456,802.0,2024-09-19 13:58:38,PLACED,599127
2457,644.0,2025-12-31 17:23:50,CANCELLED,497687
2458,877.0,2024-10-29 04:38:46,SHIPPED,321686
2459,390.0,2025-07-19 05:49:15,DELIVERED,414546
2460,170.0,2026-06-10 08:06:46,DELIVERED,554987
2461,125.0,2025-02-17 08:34:06,SHIPPED,922478
2462,389.0,2024-08-31 02:24:31,RETURNED,692447
2463,261.0,2025-04-13 03:17:42,RETURNED,186702
2464,110.0,2025-02-15 18:29:26,SHIPPED,516176
2465,133.0,2025-04-10 13:51:53,CANCELLED,836986
2466,,2026-02-18 19:49:52,CANCELLED,336828
2467,925.0,2024-11-18 22:47:22,RETURNED,158840
2468,116.0,2025-09-12 20:07:15,CANCELLED,989053
2469,825.0,2026-01-27 06:45:06,PLACED,144618
2470,453.0,2026-06-15 07:01:40,CANCELLED,340927
2471,499.0,2025-12-06 18:08:20,SHIPPED,817269
2472,861.0,2026-05-12 18:15:34,DELIVERED,495490
2473,263.0,2025-01-28 07:34:33,RETURNED,414546
2474,325.0,2024-10-01 11:06:17,RETURNED,581294
2475,449.0,2026-07-02 16:41:13,RETURNED,364679
2476,862.0,2026-05-31 19:01:12,CANCELLED,471658
2477,173.0,2026-01-04 19:05:57,PLACED,158840
2478,688.0,2026-02-19 10:31:41,RETURNED,471658
2479,857.0,2024-09-04 00:47:57,CANCELLED,836986
2480,361.0,2026-07-26 20:15:07,CANCELLED,158840
2481,420.0,2026-07-04 02:10:32,PLACED,679549
2482,656.0,2025-10-20 03:17:07,CANCELLED,817269
2483,497.0,2025-10-30 13:43:24,PLACED,186702
2484,219.0,2024-10-07 01:46:28,PLACED,199994
2485,195.0,2025-09-16 00:10:16,CANCELLED,336828
2486,746.0,01-07-2026 16:11:49,SHIPPED,896483
2487,646.0,2025-02-22 19:16:18,DELIVERED,817269
2488,132.0,08-09-2024 16:37:51,PLACED,954814
2489,583.0,04-09-2024 04:58:18,CANCELLED,693343
2490,403.0,2025-08-14 23:55:21,DELIVERED,692447
2491,735.0,2025-11-27 06:14:38,CANCELLED,624139
2492,380.0,2025-06-20 09:58:19,RETURNED,954814
2493,,2025-03-18 20:13:59,CANCELLED,599127
2494,814.0,2026-04-21 23:43:16,SHIPPED,653815
2495,18.0,2026-07-19 20:07:04,CANCELLED,355021
2496,845.0,2024-08-24 20:46:52,DELIVERED,922478
2497,468.0,2024-09-18 15:19:57,CANCELLED,653815
2498,520.0,2026-02-25 07:27:51,PLACED,922478
2499,182.0,2026-03-24 21:16:40,PLACED,198042
2500,870.0,2025-09-03 09:56:18,DELIVERED,836986
2501,89.0,29-04-2026 15:07:05,PLACED,184532
2502,596.0,2025-12-20 08:18:51,CANCELLED,321686
2503,124.0,2026-01-30 05:46:12,DELIVERED,199994
2504,866.0,2025-09-16 18:56:32,RETURNED,279708
2505,300.0,2024-09-16 06:56:56,RETURNED,336828
2506,192.0,2026-02-19 12:24:32,PLACED,776234
2507,322.0,2025-12-30 04:58:40,DELIVERED,340927
2508,214.0,2025-06-19 02:28:09,PLACED,109909
2509,749.0,16-06-2025 23:53:23,DELIVERED,380310
2510,95.0,17-11-2024 20:10:24,PLACED,198042
2511,321.0,2025-06-25 02:49:39,DELIVERED,599127
2512,312.0,2026-05-26 13:11:38,RETURNED,471658
2513,796.0,2026-07-27 22:10:21,DELIVERED,133223
2514,236.0,2025-05-04 19:20:24,SHIPPED,447362
2515,657.0,2024-12-28 15:45:01,RETURNED,653815
2516,621.0,2025-06-24 01:47:31,PLACED,186702
2517,,2024-09-20 12:19:04,SHIPPED,525750
2518,424.0,2025-01-25 16:44:49,DELIVERED,817269
2519,737.0,2025-10-13 04:12:26,RETURNED,491172
2520,560.0,2025-01-22 02:42:37,CANCELLED,340927
2521,419.0,2026-02-06 05:13:59,RETURNED,199994
2522,279.0,2026-05-20 02:43:01,SHIPPED,321686
2523,143.0,2026-03-11 14:30:50,SHIPPED,999908
2524,474.0,2025-09-28 03:36:14,DELIVERED,989053
2525,628.0,2026-08-03 01:30:38,RETURNED,999636
2526,694.0,2024-08-20 02:02:33,CANCELLED,989053
2527,36.0,2026-01-17 00:30:25,PLACED,933551
2528,425.0,2026-03-25 19:20:43,DELIVERED,896483
2529,629.0,2024-10-04 03:58:02,CANCELLED,767678
2530,90.0,2024-11-09 18:22:14,RETURNED,836986
2531,542.0,2024-12-19 02:55:35,PLACED,158840
2532,650.0,10-09-2024 03:18:58,RETURNED,999636
2533,735.0,2025-04-21 15:03:01,RETURNED,184532
2534,784.0,2025-11-30 19:39:25,CANCELLED,776234
2535,729.0,2025-02-03 14:49:22,DELIVERED,999636
2536,500.0,2025-03-10 19:17:16,PLACED,831105
2537,778.0,2025-10-25 23:07:14,CANCELLED,516176
2538,135.0,2025-07-24 21:12:39,PLACED,524965
2539,910.0,2024-11-06 14:17:30,SHIPPED,184532
2540,945.0,2024-10-04 07:20:10,PLACED,182857
2541,385.0,2025-02-07 23:12:52,SHIPPED,989053
2542,54.0,2025-09-10 07:47:32,PLACED,199994
2543,24.0,05-08-2025 17:42:37,SHIPPED,767678
2544,141.0,2026-01-28 06:20:54,SHIPPED,336828
2545,894.0,2025-04-26 22:52:12,RETURNED,922478
2546,58.0,2026-06-08 15:57:26,PLACED,184532
2547,516.0,2025-01-17 02:49:09,CANCELLED,999636
2548,822.0,2026-01-12 03:10:07,RETURNED,525750
2549,98.0,2026-06-27 21:29:39,CANCELLED,896483
2550,88.0,2026-03-02 03:05:15,CANCELLED,679549
2551,519.0,2025-03-11 00:02:00,PLACED,184532
2552,508.0,2025-11-29 16:13:08,SHIPPED,933551
2553,997.0,2025-08-29 01:13:39,PLACED,414546
2554,666.0,2025-02-20 15:08:52,RETURNED,447362
2555,,2025-12-31 21:50:47,DELIVERED,497687
2556,555.0,2025-08-11 23:00:41,RETURNED,781463
2557,590.0,2024-09-17 15:30:25,DELIVERED,767678
2558,968.0,2026-05-28 22:40:25,RETURNED,693343
2559,893.0,2026-01-06 13:21:54,RETURNED,186702
2560,60.0,2025-11-06 11:12:21,CANCELLED,599127
2561,956.0,2025-03-01 13:53:03,DELIVERED,624139
2562,551.0,2025-01-04 21:28:32,SHIPPED,785491
2563,804.0,2024-11-17 08:58:18,SHIPPED,968286
2564,793.0,2026-07-23 02:31:55,SHIPPED,158840
2565,350.0,24-01-2025 14:29:36,DELIVERED,184532
2566,,2026-02-02 03:38:05,PLACED,581294
2567,694.0,2025-01-10 03:57:37,DELIVERED,184532
2568,,2025-05-08 05:24:38,CANCELLED,692447
2569,595.0,2026-03-28 13:13:31,RETURNED,692447
2570,166.0,2024-11-20 21:38:40,RETURNED,184532
2571,45.0,2026-07-24 13:05:30,SHIPPED,355021
2572,844.0,2026-01-01 07:50:38,SHIPPED,692447
2573,416.0,2025-11-26 22:43:29,SHIPPED,491172
2574,128.0,2025-07-06 16:00:11,PLACED,999908
2575,250.0,2024-10-31 15:37:30,RETURNED,525750
2576,,2025-08-08 15:27:17,CANCELLED,968286
2577,102.0,2024-09-02 20:38:43,DELIVERED,355021
2578,1.0,2025-02-28 06:02:17,SHIPPED,186702
2579,115.0,2025-05-16 20:02:56,PLACED,693343
2580,135.0,2026-04-05 10:33:03,DELIVERED,896483
2581,114.0,2024-10-09 22:08:39,SHIPPED,133223
2582,173.0,2025-03-01 01:45:49,CANCELLED,279708
2583,17.0,2025-10-28 14:39:10,SHIPPED,279708
2584,306.0,2025-08-06 01:13:05,DELIVERED,491172
2585,619.0,2026-05-01 10:34:01,PLACED,524965
2586,105.0,2025-05-17 04:34:47,CANCELLED,825916
2587,131.0,2024-09-10 15:31:13,SHIPPED,599127
2588,6.0,2025-01-06 11:36:36,DELIVERED,581294
2589,811.0,2024-12-21 22:07:49,PLACED,340927
2590,387.0,2025-06-20 02:25:22,RETURNED,109909
2591,470.0,2024-09-16 09:02:22,DELIVERED,447362
2592,804.0,2025-03-20 02:33:28,DELIVERED,158840
2593,122.0,2025-09-08 19:01:42,DELIVERED,321686
2594,619.0,2025-04-20 06:23:25,RETURNED,693343
2595,657.0,2024-08-28 04:31:45,SHIPPED,624139
2596,411.0,2025-10-27 20:58:24,CANCELLED,781463
2597,64.0,2026-05-23 15:27:53,PLACED,144618
2598,144.0,2026-06-14 05:09:31,CANCELLED,471658
2599,,2026-06-03 01:49:07,SHIPPED,999636
2600,852.0,24-03-2026 01:39:06,RETURNED,491172
2601,425.0,2025-10-14 21:15:04,DELIVERED,954814
2602,871.0,2026-02-13 08:37:50,CANCELLED,776234
2603,602.0,2025-04-15 06:07:17,SHIPPED,679549
2604,,2026-04-06 22:40:35,DELIVERED,516176
2605,275.0,2025-06-22 06:51:38,DELIVERED,380310
2606,232.0,2025-06-17 12:26:07,RETURNED,447362
2607,960.0,2026-01-23 21:17:27,SHIPPED,986392
2608,235.0,2026-01-28 09:46:55,RETURNED,414546
2609,661.0,19-09-2024 22:13:26,DELIVERED,831105
2610,,2024-10-27 23:28:09,PLACED,516176
2611,539.0,2025-05-19 17:00:59,RETURNED,679549
2612,,2026-01-18 02:16:53,PLACED,109909
2613,475.0,2025-12-17 10:41:04,CANCELLED,831105
2614,427.0,28-04-2026 07:54:19,CANCELLED,999908
2615,309.0,2026-06-25 08:59:40,RETURNED,554987
2616,,2025-07-13 18:45:08,RETURNED,380310
2617,769.0,2025-10-01 11:26:29,DELIVERED,524965
2618,137.0,2025-09-28 08:03:52,SHIPPED,653815
2619,720.0,2025-08-23 06:10:46,CANCELLED,133223
2620,292.0,2024-12-05 22:34:37,CANCELLED,133223
2621,593.0,2025-05-14 17:27:35,PLACED,184532
2622,521.0,2026-02-04 20:56:36,DELIVERED,896483
2623,,2026-06-15 15:33:48,DELIVERED,679549
2624,727.0,2024-11-13 12:46:38,RETURNED,516176
2625,111.0,2024-08-20 07:02:11,SHIPPED,144618
2626,482.0,16-03-2026 06:51:27,CANCELLED,340927
2627,915.0,2026-07-04 20:44:57,CANCELLED,679549
2628,450.0,2024-10-10 16:26:22,DELIVERED,692447
2629,101.0,2025-02-07 18:32:49,CANCELLED,144618
2630,337.0,2025-09-09 17:02:14,CANCELLED,525750
2631,829.0,2025-04-12 18:18:12,RETURNED,554987
2632,520.0,2025-05-24 10:48:26,PLACED,581294
2633,754.0,2025-11-01 20:19:38,SHIPPED,785491
2634,414.0,30-04-2025 09:54:32,CANCELLED,836986
2635,,2025-12-03 18:09:04,DELIVERED,933551
2636,793.0,2026-03-03 17:58:13,RETURNED,321686
2637,793.0,2026-03-24 01:55:44,CANCELLED,516176
2638,,2025-10-27 07:59:52,PLACED,497687
2639,688.0,08-11-2024 00:07:43,DELIVERED,497687
2640,963.0,2025-09-28 10:29:03,SHIPPED,186702
2641,748.0,2025-03-31 16:16:48,CANCELLED,653815
2642,528.0,18-02-2025 10:14:34,RETURNED,321686
2643,688.0,2024-12-17 19:12:37,SHIPPED,831105
2644,,2025-07-13 05:06:29,SHIPPED,198042
2645,,2025-06-26 13:07:35,DELIVERED,186702
2646,312.0,2025-07-15 22:14:30,CANCELLED,471658
2647,910.0,2026-07-15 18:17:21,DELIVERED,986392
2648,365.0,25-07-2025 23:37:22,DELIVERED,767678
2649,677.0,2026-04-17 23:09:17,RETURNED,340927
2650,11.0,2025-01-15 07:57:30,CANCELLED,414546
2651,231.0,2024-09-20 23:55:46,PLACED,364679
2652,560.0,2026-06-26 00:02:23,SHIPPED,968286
2653,594.0,2025-02-27 03:21:40,DELIVERED,922478
2654,401.0,2025-10-29 00:50:06,CANCELLED,491172
2655,614.0,2025-03-26 14:12:38,DELIVERED,497687
2656,102.0,2024-09-24 23:37:40,SHIPPED,767678
2657,603.0,2024-12-18 13:05:03,SHIPPED,954814
2658,742.0,2026-02-19 17:35:11,PLACED,321686
2659,515.0,2025-02-26 22:04:42,DELIVERED,767678
2660,482.0,2026-05-06 00:42:35,PLACED,554987
2661,686.0,2024-11-10 03:15:06,DELIVERED,986392
2662,95.0,2025-11-12 15:38:04,CANCELLED,624139
2663,335.0,2024-11-24 12:15:35,CANCELLED,968286
2664,564.0,2025-11-03 14:26:20,CANCELLED,199994
2665,327.0,2024-09-14 10:03:19,PLACED,133223
2666,957.0,2024-10-31 19:16:13,RETURNED,144618
2667,432.0,2024-09-06 07:50:34,RETURNED,954814
2668,380.0,2025-12-22 04:08:46,DELIVERED,692447
2669,314.0,2026-04-29 19:57:12,RETURNED,380310
2670,70.0,2025-10-06 19:12:50,SHIPPED,999908
2671,816.0,2024-09-08 20:23:36,CANCELLED,199994
2672,916.0,2026-01-15 05:13:08,SHIPPED,896483
2673,132.0,2024-09-22 14:59:25,SHIPPED,380310
2674,895.0,2026-01-13 03:59:17,DELIVERED,133223
2675,316.0,2025-02-14 10:28:18,CANCELLED,922478
2676,405.0,13-02-2025 06:15:06,DELIVERED,380310
2677,794.0,2025-12-17 18:01:04,DELIVERED,184532
2678,,2026-04-27 13:57:24,RETURNED,922478
2679,675.0,2025-04-24 07:20:55,PLACED,109909
2680,144.0,2026-01-15 22:04:38,SHIPPED,825916
2681,993.0,2025-10-21 21:54:29,SHIPPED,321686
2682,475.0,2025-04-21 16:08:26,PLACED,554987
2683,506.0,2024-10-04 19:10:31,SHIPPED,279708
2684,373.0,2025-06-29 09:33:33,DELIVERED,999908
2685,335.0,2025-08-17 12:04:39,DELIVERED,989053
2686,906.0,2025-01-29 07:26:43,DELIVERED,182857
2687,708.0,2025-04-04 04:25:31,RETURNED,986392
2688,532.0,2025-05-07 11:20:32,DELIVERED,581294
2689,110.0,02-04-2026 03:54:22,PLACED,525750
2690,632.0,2025-06-09 01:25:44,RETURNED,184532
2691,295.0,2025-11-21 02:06:12,DELIVERED,825916
2692,255.0,2026-05-10 23:53:06,CANCELLED,497687
2693,621.0,2024-11-21 17:14:56,DELIVERED,692447
2694,704.0,2025-04-04 17:36:01,PLACED,336828
2695,,2026-03-07 22:34:09,SHIPPED,109909
2696,860.0,2025-04-10 21:39:29,SHIPPED,831105
2697,552.0,2025-06-03 08:07:11,RETURNED,776234
2698,,2025-11-28 11:01:02,RETURNED,279708
2699,390.0,2025-07-19 00:40:20,RETURNED,199994
2700,748.0,2026-07-21 07:48:14,PLACED,497687
2701,459.0,2025-11-06 11:59:15,CANCELLED,933551
2702,688.0,2024-12-04 07:22:32,PLACED,525750
2703,532.0,2024-09-10 18:56:22,PLACED,158840
2704,884.0,2026-06-19 18:34:14,DELIVERED,785491
2705,387.0,2026-06-06 07:21:43,DELIVERED,525750
2706,958.0,2024-08-27 20:31:14,CANCELLED,554987
2707,259.0,2025-10-28 02:12:45,RETURNED,321686
2708,560.0,2026-03-22 10:54:58,DELIVERED,355021
2709,686.0,2025-08-17 07:52:52,DELIVERED,954814
2710,109.0,2026-03-02 14:45:07,PLACED,414546
2711,905.0,2025-08-15 10:03:21,SHIPPED,199994
2712,466.0,07-10-2025 23:11:25,SHIPPED,199994
2713,11.0,2025-04-17 12:36:57,SHIPPED,785491
2714,539.0,2025-01-13 03:49:24,SHIPPED,336828
2715,202.0,2026-04-08 00:45:04,SHIPPED,516176
2716,689.0,2024-09-02 00:22:03,CANCELLED,199994
2717,322.0,2026-01-21 17:17:09,PLACED,933551
2718,544.0,2025-05-14 13:55:45,PLACED,825916
2719,120.0,2026-08-08 02:09:52,CANCELLED,321686
2720,95.0,2024-10-05 12:06:28,CANCELLED,471658
2721,533.0,2024-10-04 16:14:07,SHIPPED,182857
2722,825.0,2026-06-23 13:53:54,PLACED,693343
2723,231.0,2025-01-20 06:05:41,RETURNED,986392
2724,930.0,2025-08-11 23:53:47,PLACED,158840
2725,871.0,2025-10-02 19:38:29,PLACED,968286
2726,286.0,2025-09-13 16:12:24,PLACED,933551
2727,833.0,10-06-2025 14:25:41,DELIVERED,693343
2728,972.0,2026-01-26 16:15:10,PLACED,321686
2729,654.0,2026-04-20 08:28:42,PLACED,491172
2730,180.0,2025-08-29 17:13:12,RETURNED,336828
2731,357.0,2024-09-15 18:31:14,RETURNED,831105
2732,259.0,2025-07-20 05:29:47,SHIPPED,693343
2733,868.0,2025-08-27 07:13:12,DELIVERED,954814
2734,,2025-06-27 08:33:14,PLACED,581294
2735,241.0,2025-02-21 20:01:50,DELIVERED,986392
2736,996.0,2026-04-11 21:21:20,DELIVERED,896483
2737,596.0,2025-03-11 06:43:43,SHIPPED,109909
2738,897.0,2025-02-03 11:02:51,RETURNED,817269
2739,351.0,2025-02-02 18:17:36,RETURNED,624139
2740,519.0,2026-02-20 22:48:15,PLACED,182857
2741,716.0,2025-04-30 14:38:39,RETURNED,321686
2742,819.0,2025-07-08 04:05:10,PLACED,836986
2743,359.0,2026-02-06 17:43:34,SHIPPED,653815
2744,804.0,2024-11-01 12:16:56,SHIPPED,184532
2745,917.0,2025-02-01 06:45:34,SHIPPED,321686
2746,76.0,2026-01-26 11:55:00,RETURNED,364679
2747,726.0,2026-05-14 04:33:42,PLACED,336828
2748,333.0,2025-04-30 13:10:30,RETURNED,653815
2749,806.0,2025-04-23 07:40:24,CANCELLED,133223
2750,338.0,2025-08-13 13:32:47,RETURNED,355021
2751,773.0,2026-06-08 07:47:56,CANCELLED,999636
2752,911.0,2025-11-29 10:42:54,PLACED,355021
2753,362.0,2025-10-25 07:15:00,DELIVERED,198042
2754,246.0,2025-07-03 03:56:24,CANCELLED,336828
2755,844.0,2025-06-11 03:55:46,RETURNED,414546
2756,742.0,2025-09-29 02:17:00,CANCELLED,491172
2757,475.0,2026-04-05 03:37:37,DELIVERED,491172
2758,127.0,2024-11-08 17:13:09,CANCELLED,491172
2759,504.0,2025-09-05 22:04:19,RETURNED,525750
2760,951.0,2026-02-27 09:10:00,CANCELLED,321686
2761,170.0,2025-06-02 23:00:05,DELIVERED,653815
2762,713.0,2025-10-10 08:29:53,DELIVERED,186702
2763,2.0,2024-11-18 02:39:18,PLACED,516176
2764,,2025-02-15 07:56:02,DELIVERED,767678
2765,598.0,2025-03-06 18:22:54,PLACED,198042
2766,851.0,2025-03-26 11:00:59,DELIVERED,599127
2767,882.0,2024-10-07 17:46:17,RETURNED,340927
2768,150.0,2025-06-12 18:00:51,DELIVERED,999636
2769,511.0,2026-07-28 10:40:33,CANCELLED,414546
2770,276.0,2025-10-03 23:12:35,RETURNED,497687
2771,990.0,2025-11-14 07:48:35,DELIVERED,495490
2772,695.0,2026-02-24 14:29:21,SHIPPED,933551
2773,790.0,2026-05-28 12:58:49,CANCELLED,999636
2774,881.0,2026-05-11 09:34:20,DELIVERED,355021
2775,794.0,2024-08-20 12:48:06,PLACED,999636
2776,372.0,2024-11-05 10:27:37,CANCELLED,999636
2777,889.0,2025-02-17 14:13:55,PLACED,524965
2778,887.0,2025-09-18 07:27:26,CANCELLED,836986
2779,383.0,2026-06-19 15:21:22,PLACED,491172
2780,700.0,2026-02-02 20:12:28,SHIPPED,524965
2781,730.0,2024-11-09 12:47:47,CANCELLED,199994
2782,518.0,2024-09-03 02:14:47,RETURNED,182857
2783,69.0,2025-06-20 08:17:39,SHIPPED,933551
2784,678.0,2025-12-26 06:24:48,DELIVERED,831105
2785,913.0,2026-08-02 07:53:13,DELIVERED,831105
2786,55.0,2024-11-13 21:37:53,RETURNED,524965
2787,79.0,2026-05-04 10:34:19,PLACED,414546
2788,380.0,2026-06-11 05:42:21,CANCELLED,144618
2789,,2026-05-31 17:54:26,CANCELLED,989053
2790,721.0,25-04-2025 01:27:14,RETURNED,986392
2791,7.0,2025-05-30 02:05:08,DELIVERED,321686
2792,559.0,2025-09-20 00:52:00,CANCELLED,896483
2793,339.0,2026-01-11 07:00:05,CANCELLED,693343
2794,782.0,2024-11-04 03:37:08,RETURNED,524965
2795,447.0,2026-05-26 18:05:44,CANCELLED,109909
2796,969.0,2026-05-27 10:21:27,DELIVERED,581294
2797,615.0,2025-10-15 06:21:24,CANCELLED,182857
2798,358.0,2025-11-02 15:18:08,PLACED,968286
2799,605.0,2026-08-05 09:31:48,CANCELLED,767678
2800,169.0,2024-09-11 05:56:02,SHIPPED,922478
2801,505.0,2026-01-30 20:13:51,SHIPPED,954814
2802,60.0,2025-04-25 11:47:42,PLACED,340927
2803,416.0,2025-07-03 02:39:57,PLACED,933551
2804,328.0,2025-06-03 21:02:37,CANCELLED,999636
2805,385.0,2025-07-03 17:42:52,PLACED,355021
2806,633.0,2026-04-11 00:14:35,CANCELLED,554987
2807,818.0,2025-03-08 12:33:42,DELIVERED,581294
2808,170.0,2025-07-23 17:14:33,DELIVERED,776234
2809,225.0,2024-11-15 12:41:16,RETURNED,182857
2810,725.0,2024-12-21 05:01:09,PLACED,693343
2811,321.0,2026-02-19 17:12:58,RETURNED,825916
2812,360.0,2026-06-09 13:42:49,CANCELLED,599127
2813,717.0,2026-06-24 09:14:45,SHIPPED,184532
2814,655.0,2024-10-09 09:48:19,CANCELLED,767678
2815,570.0,2026-05-25 10:03:47,RETURNED,968286
2816,7.0,2025-10-16 18:44:22,RETURNED,781463
2817,26.0,2025-05-06 09:18:00,RETURNED,279708
2818,912.0,2025-11-26 13:54:03,PLACED,321686
2819,445.0,2025-05-13 07:51:40,PLACED,495490
2820,150.0,2025-06-25 13:56:44,PLACED,198042
2821,297.0,2025-08-15 18:33:26,CANCELLED,999908
2822,404.0,2025-10-12 18:48:00,CANCELLED,679549
2823,573.0,2026-06-30 08:04:08,CANCELLED,471658
2824,779.0,2024-10-18 23:37:41,PLACED,355021
2825,734.0,2025-03-14 09:49:12,RETURNED,693343
2826,512.0,2025-04-15 09:09:05,DELIVERED,653815
2827,303.0,2025-09-25 06:55:41,SHIPPED,767678
2828,722.0,2026-05-26 15:54:35,CANCELLED,525750
2829,269.0,2025-10-06 18:07:05,DELIVERED,653815
2830,136.0,2026-04-17 18:35:53,CANCELLED,767678
2831,545.0,2025-06-16 21:21:51,PLACED,624139
2832,899.0,2025-04-02 00:01:27,CANCELLED,693343
2833,,2025-03-29 22:00:36,RETURNED,999636
2834,866.0,2024-12-17 12:44:55,RETURNED,624139
2835,41.0,2024-11-21 19:18:06,CANCELLED,158840
2836,46.0,2026-03-26 19:16:51,RETURNED,692447
2837,853.0,2026-01-27 19:57:15,RETURNED,380310
2838,246.0,2026-08-01 19:07:19,CANCELLED,968286
2839,188.0,2025-01-10 02:24:03,CANCELLED,986392
2840,934.0,2025-08-23 10:04:24,CANCELLED,776234
2841,503.0,2025-10-03 07:53:18,DELIVERED,825916
2842,38.0,2025-11-01 19:06:15,DELIVERED,999908
2843,39.0,2024-10-20 20:38:52,PLACED,954814
2844,749.0,2025-03-05 05:40:00,RETURNED,471658
2845,138.0,2024-11-03 19:13:44,SHIPPED,133223
2846,273.0,2025-02-25 05:49:43,DELIVERED,340927
2847,140.0,2025-06-25 19:43:33,RETURNED,954814
2848,847.0,2026-05-17 22:21:53,DELIVERED,198042
2849,554.0,2025-03-07 22:19:13,PLACED,495490
2850,887.0,2026-06-10 13:24:09,DELIVERED,896483
2851,632.0,2026-08-01 12:06:46,CANCELLED,896483
2852,652.0,2026-02-10 14:18:06,PLACED,693343
2853,205.0,2026-06-15 13:00:59,SHIPPED,817269
2854,835.0,2025-12-09 00:26:33,SHIPPED,447362
2855,294.0,2024-11-20 04:50:50,DELIVERED,986392
2856,262.0,2025-01-07 07:07:20,PLACED,199994
2857,905.0,2026-04-13 22:06:42,PLACED,785491
2858,754.0,2026-02-11 14:46:28,PLACED,781463
2859,979.0,2024-08-29 04:20:15,SHIPPED,954814
2860,224.0,2026-05-30 11:46:09,RETURNED,999908
2861,440.0,2026-07-11 08:35:43,PLACED,599127
2862,59.0,2025-09-07 12:53:03,CANCELLED,624139
2863,100.0,15-03-2026 20:23:33,RETURNED,497687
2864,547.0,2024-08-14 01:41:52,DELIVERED,954814
2865,43.0,2026-04-09 07:55:03,CANCELLED,986392
2866,698.0,2024-08-28 00:45:49,PLACED,999908
2867,101.0,2025-01-04 14:13:03,CANCELLED,624139
2868,412.0,2026-06-28 04:08:17,CANCELLED,999908
2869,856.0,2025-09-30 10:14:30,RETURNED,182857
2870,357.0,2026-01-25 23:29:19,CANCELLED,182857
2871,780.0,24-08-2025 16:54:36,SHIPPED,781463
2872,924.0,2026-04-08 06:12:15,CANCELLED,109909
2873,791.0,2025-03-12 15:37:21,DELIVERED,692447
2874,278.0,2024-10-28 06:33:49,RETURNED,785491
2875,204.0,2026-01-07 03:45:00,DELIVERED,495490
2876,645.0,2026-04-18 06:29:48,SHIPPED,767678
2877,65.0,2025-06-29 19:56:40,PLACED,279708
2878,963.0,2025-06-20 23:07:38,SHIPPED,184532
2879,465.0,2025-02-17 08:37:45,DELIVERED,380310
2880,61.0,2026-05-02 16:53:44,DELIVERED,624139
2881,130.0,04-08-2026 15:00:07,CANCELLED,414546
2882,841.0,2026-01-25 15:29:59,RETURNED,340927
2883,209.0,02-11-2024 06:36:55,PLACED,653815
2884,,2025-04-24 14:07:04,RETURNED,182857
2885,591.0,2024-10-05 23:00:51,RETURNED,781463
2886,,2026-03-11 16:57:29,DELIVERED,933551
2887,970.0,2026-01-22 12:36:09,RETURNED,836986
2888,290.0,05-04-2025 03:41:02,CANCELLED,495490
2889,275.0,2025-08-14 14:23:02,SHIPPED,896483
2890,16.0,2025-02-26 21:26:30,PLACED,447362
2891,124.0,2025-11-12 20:38:40,DELIVERED,109909
2892,,2025-08-18 19:47:06,DELIVERED,495490
2893,820.0,2026-02-27 19:38:17,RETURNED,999908
2894,82.0,2026-01-07 12:17:54,SHIPPED,497687
2895,710.0,2025-03-27 03:56:41,CANCELLED,968286
2896,277.0,2026-06-15 16:46:13,RETURNED,109909
2897,633.0,2025-06-21 18:37:00,CANCELLED,693343
2898,633.0,2026-06-21 06:40:35,RETURNED,355021
2899,983.0,2026-03-12 08:20:09,PLACED,922478
2900,297.0,2025-03-29 03:34:57,RETURNED,355021
2901,807.0,2026-04-15 20:24:48,RETURNED,767678
2902,35.0,05-12-2025 03:28:10,SHIPPED,693343
2903,50.0,2026-05-12 06:02:46,CANCELLED,989053
2904,,2024-09-04 05:36:17,RETURNED,776234
2905,372.0,2025-11-15 16:32:52,CANCELLED,624139
2906,327.0,2024-08-15 00:35:05,PLACED,836986
2907,490.0,2024-11-17 04:28:09,SHIPPED,133223
2908,600.0,2025-05-11 00:21:53,CANCELLED,581294
2909,672.0,2026-06-29 03:55:05,SHIPPED,581294
2910,420.0,2025-12-14 01:39:20,DELIVERED,495490
2911,141.0,2025-02-18 23:42:57,CANCELLED,999908
2912,469.0,2024-11-27 19:42:03,PLACED,922478
2913,671.0,2026-03-26 17:12:22,SHIPPED,497687
2914,12.0,2026-01-27 01:16:55,DELIVERED,184532
2915,123.0,2025-03-03 15:15:00,SHIPPED,968286
2916,10.0,2025-01-01 06:08:03,RETURNED,817269
2917,466.0,2026-05-11 00:04:28,CANCELLED,817269
2918,679.0,2026-07-04 18:23:30,PLACED,581294
2919,144.0,2026-04-27 08:06:35,SHIPPED,954814
2920,697.0,2026-02-07 15:46:31,SHIPPED,785491
2921,533.0,2024-08-11 12:54:32,CANCELLED,767678
2922,583.0,2024-09-27 08:02:26,RETURNED,495490
2923,891.0,2025-09-20 14:49:42,CANCELLED,447362
2924,968.0,2025-01-08 12:59:37,PLACED,831105
2925,247.0,2024-12-17 07:28:31,SHIPPED,989053
2926,423.0,2025-06-10 15:49:02,SHIPPED,954814
2927,870.0,2025-02-17 08:55:55,DELIVERED,989053
2928,700.0,2025-05-13 23:54:50,RETURNED,355021
2929,34.0,2025-10-09 17:29:04,PLACED,144618
2930,764.0,2025-11-18 00:57:18,CANCELLED,954814
2931,,2025-07-28 22:11:23,PLACED,516176
2932,313.0,2025-12-02 02:01:19,DELIVERED,554987
2933,149.0,2024-12-18 17:38:59,DELIVERED,933551
2934,87.0,2025-03-16 10:04:02,CANCELLED,133223
2935,548.0,2025-01-25 14:17:27,PLACED,524965
2936,983.0,2025-03-10 14:05:03,SHIPPED,817269
2937,585.0,2025-07-29 12:41:11,PLACED,624139
2938,698.0,2026-03-14 05:01:11,RETURNED,491172
2939,600.0,2025-05-22 16:53:12,RETURNED,693343
2940,262.0,2025-04-27 01:50:33,RETURNED,825916
2941,475.0,2025-07-26 12:47:29,RETURNED,968286
2942,536.0,2024-10-18 17:13:21,CANCELLED,516176
2943,575.0,2024-10-30 06:49:12,SHIPPED,554987
2944,8.0,2026-05-14 16:16:47,PLACED,825916
2945,487.0,2026-02-11 16:27:50,DELIVERED,781463
2946,523.0,2025-03-07 01:09:06,RETURNED,340927
2947,150.0,2026-07-18 07:14:24,CANCELLED,340927
2948,139.0,2025-04-03 21:33:11,SHIPPED,495490
2949,597.0,2025-12-06 02:02:45,SHIPPED,581294
2950,13.0,2024-11-01 19:20:04,PLACED,355021
2951,793.0,2025-07-14 16:22:32,SHIPPED,989053
2952,189.0,2025-03-30 03:45:16,CANCELLED,497687
2953,347.0,2024-10-31 03:18:43,DELIVERED,986392
2954,109.0,2025-12-31 07:46:01,PLACED,767678
2955,507.0,2026-01-06 01:23:35,RETURNED,133223
2956,482.0,2026-02-25 08:39:57,PLACED,999908
2957,39.0,2025-07-28 13:31:25,RETURNED,495490
2958,649.0,2026-03-20 00:50:09,CANCELLED,999636
2959,219.0,2025-08-01 12:49:07,SHIPPED,989053
2960,389.0,2025-06-06 03:53:08,SHIPPED,133223
2961,475.0,2025-01-27 18:18:06,CANCELLED,653815
2962,32.0,2025-03-09 17:17:51,DELIVERED,785491
2963,507.0,2025-08-14 21:52:25,PLACED,447362
2964,694.0,2026-05-21 04:34:51,RETURNED,471658
2965,324.0,2026-03-04 01:00:40,PLACED,199994
2966,900.0,2024-09-22 14:49:18,SHIPPED,968286
2967,96.0,23-02-2026 23:39:06,RETURNED,198042
2968,643.0,2025-02-16 07:11:09,DELIVERED,922478
2969,498.0,2025-03-29 05:10:51,DELIVERED,999636
2970,152.0,2025-05-22 02:18:23,PLACED,279708
2971,295.0,2025-06-28 00:55:50,SHIPPED,679549
2972,561.0,2025-05-27 10:18:22,CANCELLED,364679
2973,430.0,2026-06-06 16:03:32,CANCELLED,968286
2974,768.0,2025-02-21 04:51:26,DELIVERED,516176
2975,469.0,2026-01-23 03:04:14,SHIPPED,785491
2976,273.0,2025-04-14 10:47:14,SHIPPED,692447
2977,70.0,2026-03-30 02:49:42,CANCELLED,922478
2978,15.0,2025-03-22 13:30:32,DELIVERED,825916
2979,,2025-06-04 13:28:03,CANCELLED,471658
2980,715.0,2025-10-01 09:44:36,DELIVERED,516176
2981,193.0,2024-12-08 20:27:45,CANCELLED,158840
2982,204.0,2025-01-06 19:51:43,CANCELLED,781463
2983,877.0,2025-11-08 23:04:16,CANCELLED,182857
2984,635.0,2026-07-02 14:35:12,SHIPPED,199994
2985,357.0,2025-10-31 04:59:57,DELIVERED,109909
2986,545.0,2025-04-07 00:42:47,PLACED,896483
2987,390.0,2025-10-25 02:44:16,CANCELLED,554987
2988,525.0,2024-08-23 18:04:29,RETURNED,340927
2989,605.0,2026-01-18 18:36:56,DELIVERED,599127
2990,100.0,2026-03-18 08:21:56,PLACED,321686
2991,797.0,2024-10-14 03:06:55,PLACED,447362
2992,812.0,2026-01-05 23:50:43,SHIPPED,922478
2993,52.0,2026-06-06 13:36:05,CANCELLED,447362
2994,989.0,2026-02-20 08:45:18,SHIPPED,364679
2995,380.0,2025-09-17 01:55:26,CANCELLED,831105
2996,534.0,2025-11-30 14:47:40,DELIVERED,999908
2997,784.0,2025-08-23 01:33:13,RETURNED,516176
2998,18.0,30-04-2025 16:58:20,PLACED,692447
2999,956.0,2025-01-01 03:47:59,SHIPPED,836986
3000,250.0,2024-12-01 21:10:21,SHIPPED,554987
3001,236.0,2025-09-04 12:27:45,CANCELLED,999908
3002,324.0,2026-04-29 05:05:47,CANCELLED,158840
3003,183.0,23-01-2025 17:25:48,SHIPPED,968286
3004,534.0,2026-03-17 12:35:57,SHIPPED,999636
3005,529.0,2026-06-05 09:59:35,RETURNED,999908
3006,720.0,2025-04-08 08:35:03,DELIVERED,831105
3007,435.0,2025-01-13 16:54:31,PLACED,497687
3008,791.0,2026-01-26 21:18:50,DELIVERED,355021
3009,833.0,2026-06-26 20:43:08,CANCELLED,198042
3010,967.0,2024-09-04 13:17:50,RETURNED,414546
3011,322.0,2024-08-23 19:58:34,PLACED,954814
3012,407.0,2026-06-27 02:42:15,RETURNED,447362
3013,115.0,23-10-2024 02:11:33,RETURNED,922478
3014,735.0,2025-05-26 21:17:45,SHIPPED,516176
3015,165.0,2025-07-29 09:52:53,CANCELLED,831105
3016,541.0,2024-12-01 20:20:29,DELIVERED,199994
3017,788.0,2025-03-17 10:00:47,SHIPPED,380310
3018,503.0,2025-01-24 05:11:23,CANCELLED,776234
3019,664.0,2026-02-24 10:23:54,CANCELLED,554987
3020,894.0,2025-02-05 20:32:47,DELIVERED,581294
3021,232.0,2025-02-24 05:27:19,PLACED,133223
3022,,2024-11-07 12:29:42,SHIPPED,624139
3023,884.0,2026-03-04 22:29:59,PLACED,364679
3024,30.0,2025-11-30 20:49:54,RETURNED,495490
3025,890.0,13-11-2024 00:51:51,CANCELLED,999636
3026,294.0,2026-02-01 03:23:24,CANCELLED,491172
3027,97.0,2025-02-22 10:20:06,SHIPPED,653815
3028,238.0,2024-10-10 05:33:57,SHIPPED,831105
3029,243.0,2024-10-02 04:15:23,DELIVERED,184532
3030,,2026-01-18 16:35:04,CANCELLED,198042
3031,946.0,17-02-2026 02:38:00,SHIPPED,495490
3032,765.0,2025-06-08 15:05:29,SHIPPED,554987
3033,339.0,2024-08-19 23:17:39,SHIPPED,184532
3034,675.0,2026-04-07 16:25:09,SHIPPED,497687
3035,82.0,2025-10-25 01:10:17,SHIPPED,497687
3036,968.0,2024-11-28 02:58:00,SHIPPED,954814
3037,905.0,2026-01-28 17:49:39,DELIVERED,968286
3038,937.0,2026-03-11 04:40:54,SHIPPED,776234
3039,712.0,2024-12-29 02:56:36,CANCELLED,817269
3040,799.0,2025-10-25 15:32:32,DELIVERED,986392
3041,718.0,2025-03-25 06:00:30,CANCELLED,516176
3042,227.0,02-04-2025 16:16:12,PLACED,158840
3043,502.0,18-08-2025 11:13:16,SHIPPED,999908
3044,460.0,2024-08-26 07:38:45,CANCELLED,999636
3045,,2025-02-25 09:21:24,SHIPPED,653815
3046,310.0,2025-01-04 05:54:12,CANCELLED,653815
3047,520.0,18-02-2025 05:54:08,CANCELLED,340927
3048,,2025-12-01 10:24:52,RETURNED,968286
3049,962.0,2025-07-19 13:12:46,PLACED,182857
3050,430.0,2025-03-09 22:42:16,RETURNED,380310
3051,789.0,2024-10-16 04:22:24,PLACED,781463
3052,879.0,2026-07-16 11:50:07,SHIPPED,158840
3053,326.0,2025-09-22 23:57:55,DELIVERED,554987
3054,10.0,2025-07-28 06:42:00,RETURNED,653815
3055,988.0,2026-06-03 05:36:31,PLACED,364679
3056,486.0,2025-09-02 16:43:23,DELIVERED,109909
3057,617.0,2025-02-03 21:18:15,RETURNED,198042
3058,627.0,2024-08-21 18:36:36,DELIVERED,524965
3059,30.0,2025-08-07 06:37:31,DELIVERED,525750
3060,497.0,2025-05-23 18:02:48,RETURNED,471658
3061,836.0,08-05-2025 11:30:22,RETURNED,355021
3062,276.0,2025-09-12 11:15:04,DELIVERED,692447
3063,160.0,2024-10-27 07:35:14,RETURNED,767678
3064,,2025-01-19 20:58:32,DELIVERED,599127
3065,716.0,2026-07-22 13:25:18,SHIPPED,516176
3066,641.0,26-05-2025 10:58:24,DELIVERED,653815
3067,421.0,2025-01-25 18:11:12,RETURNED,495490
3068,293.0,2025-05-06 08:23:00,SHIPPED,968286
3069,233.0,2025-09-24 13:46:51,PLACED,999908
3070,525.0,2025-11-21 18:26:05,PLACED,525750
3071,665.0,2025-04-09 00:56:51,CANCELLED,989053
3072,185.0,2026-03-23 15:46:59,DELIVERED,495490
3073,460.0,2026-07-23 00:24:39,DELIVERED,968286
3074,970.0,2024-10-17 21:09:47,RETURNED,321686
3075,251.0,2024-12-10 20:09:29,DELIVERED,836986
3076,506.0,2026-05-02 22:35:33,DELIVERED,495490
3077,869.0,2025-08-01 23:59:15,SHIPPED,999908
3078,196.0,2025-02-07 19:11:09,CANCELLED,321686
3079,529.0,2024-11-20 10:35:16,SHIPPED,186702
3080,310.0,2025-11-02 12:49:41,CANCELLED,380310
3081,298.0,2025-07-21 02:16:48,SHIPPED,581294
3082,673.0,2026-01-19 08:42:19,PLACED,414546
3083,860.0,2025-09-27 02:53:41,SHIPPED,471658
3084,410.0,2025-01-25 23:41:43,CANCELLED,968286
3085,961.0,2026-02-20 18:41:07,SHIPPED,653815
3086,488.0,2025-02-09 07:12:34,CANCELLED,495490
3087,220.0,24-03-2025 17:07:37,PLACED,767678
3088,950.0,2025-04-13 00:11:46,PLACED,679549
3089,57.0,2024-11-27 05:18:18,DELIVERED,653815
3090,335.0,01-04-2025 00:13:56,RETURNED,767678
3091,784.0,2025-09-26 03:37:59,CANCELLED,767678
3092,550.0,2025-06-02 04:00:44,PLACED,144618
3093,55.0,2024-08-13 06:31:47,SHIPPED,491172
3094,73.0,2025-12-26 12:33:47,DELIVERED,516176
3095,54.0,2026-02-11 17:48:39,SHIPPED,184532
3096,269.0,2026-03-12 17:04:24,SHIPPED,692447
3097,998.0,2025-09-11 17:50:53,RETURNED,989053
3098,825.0,2025-03-25 20:29:51,RETURNED,693343
3099,474.0,2025-11-28 11:33:02,RETURNED,336828
3100,753.0,2025-04-01 07:09:24,RETURNED,364679
3101,734.0,2026-01-09 00:23:05,RETURNED,825916
3102,442.0,2025-08-19 23:36:27,RETURNED,355021
3103,963.0,2026-04-28 10:20:20,CANCELLED,933551
3104,72.0,2026-08-04 09:21:31,SHIPPED,825916
3105,580.0,07-10-2024 16:30:55,CANCELLED,999636
3106,369.0,2024-10-24 22:25:37,PLACED,781463
3107,978.0,2026-01-01 23:51:40,PLACED,184532
3108,797.0,2025-05-10 15:11:45,PLACED,524965
3109,188.0,2026-02-13 02:13:21,DELIVERED,986392
3110,,2024-12-05 14:35:13,PLACED,999908
3111,708.0,2026-02-06 17:01:59,SHIPPED,954814
3112,354.0,2024-12-08 14:32:02,PLACED,599127
3113,982.0,2025-06-24 20:39:48,CANCELLED,599127
3114,284.0,2026-07-20 04:01:04,DELIVERED,554987
3115,861.0,2024-09-06 17:39:49,PLACED,781463
3116,729.0,2025-06-15 01:24:26,PLACED,447362
3117,776.0,2024-12-11 21:51:57,RETURNED,679549
3118,740.0,2026-03-18 21:21:08,DELIVERED,144618
3119,588.0,2025-07-31 02:05:19,RETURNED,525750
3120,345.0,2026-02-07 07:50:30,SHIPPED,380310
3121,804.0,2025-09-12 20:04:50,DELIVERED,999908
3122,949.0,2025-05-27 23:02:11,PLACED,340927
3123,450.0,2025-03-13 23:20:41,PLACED,186702
3124,412.0,2025-06-23 07:27:51,RETURNED,198042
3125,529.0,2025-03-12 03:02:10,PLACED,524965
3126,990.0,2026-06-13 16:23:15,DELIVERED,355021
3127,237.0,2025-12-16 12:07:57,SHIPPED,825916
3128,628.0,2025-08-25 20:43:07,CANCELLED,516176
3129,467.0,2025-11-01 12:29:41,PLACED,336828
3130,163.0,2025-05-07 16:07:08,SHIPPED,198042
3131,789.0,2025-11-27 04:12:20,CANCELLED,184532
3132,269.0,2024-11-20 13:52:00,SHIPPED,491172
3133,644.0,2025-08-26 10:14:16,DELIVERED,767678
3134,,2025-01-05 13:22:30,CANCELLED,340927
3135,383.0,2025-10-31 17:11:54,DELIVERED,999636
3136,392.0,2026-01-13 02:40:39,RETURNED,525750
3137,,2025-08-23 14:21:55,DELIVERED,693343
3138,,2025-02-08 17:27:22,PLACED,133223
3139,189.0,2025-07-13 07:50:28,RETURNED,831105
3140,497.0,2026-06-24 01:54:04,CANCELLED,679549
3141,634.0,2026-06-17 09:57:45,CANCELLED,158840
3142,727.0,2026-01-17 05:49:34,DELIVERED,624139
3143,233.0,2026-04-23 20:38:56,RETURNED,495490
3144,457.0,2024-11-16 01:33:03,PLACED,321686
3145,204.0,2025-08-27 05:59:58,CANCELLED,133223
3146,797.0,2026-04-07 01:37:53,RETURNED,355021
3147,285.0,2024-08-16 09:01:43,CANCELLED,922478
3148,757.0,2025-06-09 07:16:18,CANCELLED,516176
3149,467.0,27-11-2024 00:41:46,PLACED,109909
3150,296.0,2024-09-27 04:18:06,DELIVERED,599127
3151,436.0,2026-07-23 20:43:29,SHIPPED,447362
3152,563.0,2025-03-24 23:53:11,SHIPPED,767678
3153,159.0,2024-12-24 07:03:58,RETURNED,922478
3154,372.0,2025-12-29 04:30:54,RETURNED,516176
3155,,2025-09-06 00:05:55,DELIVERED,599127
3156,613.0,2025-04-08 00:23:50,CANCELLED,516176
3157,322.0,2024-09-22 20:09:38,CANCELLED,785491
3158,816.0,2025-07-17 13:46:06,SHIPPED,525750
3159,,2024-12-01 11:42:27,DELIVERED,817269
3160,795.0,2025-04-22 04:49:06,RETURNED,495490
3161,219.0,2025-09-21 15:42:16,DELIVERED,624139
3162,718.0,2025-01-21 07:29:21,PLACED,186702
3163,402.0,2025-11-11 13:02:58,PLACED,471658
3164,645.0,2026-06-17 23:59:10,RETURNED,182857
3165,663.0,2025-02-25 18:39:49,RETURNED,495490
3166,186.0,2026-03-31 17:55:15,CANCELLED,182857
3167,146.0,2026-05-05 07:50:27,CANCELLED,693343
3168,533.0,2025-10-10 03:28:03,RETURNED,968286
3169,825.0,2025-03-20 13:06:58,DELIVERED,968286
3170,32.0,2025-11-08 09:17:56,RETURNED,516176
3171,666.0,2025-05-30 18:45:20,RETURNED,954814
3172,487.0,2025-02-11 06:59:32,PLACED,340927
3173,571.0,2025-09-08 09:41:54,CANCELLED,355021
3174,280.0,2025-12-03 20:33:50,SHIPPED,524965
3175,985.0,2024-10-04 19:07:21,PLACED,516176
3176,653.0,2024-11-28 13:02:03,CANCELLED,653815
3177,597.0,2026-01-24 22:23:42,DELIVERED,999908
3178,952.0,2025-03-01 17:25:13,RETURNED,144618
3179,527.0,2025-02-17 06:32:39,CANCELLED,321686
3180,248.0,2024-10-22 22:42:38,CANCELLED,776234
3181,903.0,2026-03-14 07:26:40,DELIVERED,781463
3182,550.0,2025-10-12 05:24:32,SHIPPED,336828
3183,342.0,2026-02-19 18:56:43,SHIPPED,516176
3184,237.0,2025-04-07 09:03:29,RETURNED,968286
3185,701.0,2026-02-24 02:48:28,PLACED,495490
3186,425.0,2025-10-15 18:29:17,RETURNED,954814
3187,516.0,2025-02-27 17:14:35,PLACED,524965
3188,730.0,2026-03-21 22:02:13,PLACED,364679
3189,793.0,2026-05-07 16:42:11,SHIPPED,447362
3190,856.0,2025-12-10 12:36:55,CANCELLED,599127
3191,9.0,2025-07-21 00:23:23,CANCELLED,693343
3192,359.0,2024-12-09 23:53:10,RETURNED,144618
3193,332.0,2026-03-04 10:25:33,CANCELLED,785491
3194,373.0,2026-08-01 17:03:02,RETURNED,776234
3195,166.0,2024-10-14 22:08:49,DELIVERED,199994
3196,2.0,2026-03-19 00:51:43,CANCELLED,785491
3197,385.0,2024-11-24 05:04:10,PLACED,525750
3198,124.0,2024-12-07 14:21:54,SHIPPED,364679
3199,782.0,2026-05-10 02:09:45,SHIPPED,491172
3200,795.0,2025-04-02 09:27:09,PLACED,199994
3201,583.0,2026-05-25 16:16:20,SHIPPED,954814
3202,354.0,2024-09-16 07:48:14,SHIPPED,158840
3203,135.0,2025-08-17 23:49:09,SHIPPED,447362
3204,889.0,2025-06-26 09:15:54,SHIPPED,495490
3205,176.0,2025-12-07 20:32:35,RETURNED,831105
3206,51.0,2025-04-05 03:13:19,PLACED,785491
3207,527.0,2025-08-09 17:11:04,CANCELLED,581294
3208,22.0,2024-11-02 21:14:03,CANCELLED,495490
3209,728.0,2025-09-22 09:02:38,PLACED,491172
3210,864.0,2025-05-11 19:39:29,SHIPPED,581294
3211,473.0,2025-05-17 19:46:21,CANCELLED,767678
3212,457.0,2025-07-21 19:10:08,CANCELLED,954814
3213,49.0,2025-03-24 22:30:25,CANCELLED,986392
3214,484.0,2025-08-25 12:03:04,SHIPPED,831105
3215,939.0,2025-08-31 20:34:18,DELIVERED,624139
3216,450.0,2026-05-16 10:11:15,CANCELLED,380310
3217,437.0,2026-04-16 09:44:26,DELIVERED,364679
3218,495.0,2026-07-08 01:45:48,PLACED,922478
3219,910.0,2026-06-30 20:43:26,CANCELLED,497687
3220,917.0,2026-04-10 03:12:35,CANCELLED,340927
3221,470.0,2026-01-10 19:51:15,RETURNED,554987
3222,192.0,2026-04-14 17:09:10,RETURNED,184532
3223,,2025-09-22 15:01:02,PLACED,767678
3224,89.0,02-08-2025 04:55:56,CANCELLED,767678
3225,149.0,2026-03-08 12:36:17,RETURNED,986392
3226,53.0,2025-12-22 20:23:01,RETURNED,999636
3227,133.0,2025-09-20 17:46:20,CANCELLED,414546
3228,920.0,2025-06-23 06:18:23,PLACED,836986
3229,863.0,2025-04-20 12:58:53,PLACED,495490
3230,641.0,2024-08-27 16:19:04,RETURNED,999908
3231,788.0,2025-05-03 07:54:01,RETURNED,933551
3232,123.0,2025-07-15 15:52:01,DELIVERED,447362
3233,304.0,2025-12-11 15:39:07,CANCELLED,158840
3234,900.0,2026-01-23 08:24:42,PLACED,767678
3235,160.0,2025-01-12 08:44:09,RETURNED,447362
3236,956.0,2025-09-22 02:53:18,DELIVERED,679549
3237,725.0,2026-08-08 03:33:14,CANCELLED,954814
3238,956.0,2026-06-26 10:05:00,SHIPPED,184532
3239,517.0,2025-05-15 13:54:29,SHIPPED,158840
3240,773.0,2024-12-17 23:05:18,DELIVERED,679549
3241,421.0,2026-02-06 07:54:44,SHIPPED,109909
3242,926.0,2024-08-16 23:57:07,SHIPPED,986392
3243,702.0,2025-06-28 03:11:33,DELIVERED,554987
3244,6.0,2025-08-28 10:28:24,CANCELLED,525750
3245,570.0,2024-08-13 07:16:47,DELIVERED,144618
3246,666.0,2025-03-23 22:28:08,CANCELLED,497687
3247,37.0,16-10-2024 22:42:47,DELIVERED,158840
3248,743.0,2025-05-05 15:39:17,SHIPPED,776234
3249,723.0,2025-02-10 13:39:09,SHIPPED,184532
3250,878.0,2026-06-13 09:15:54,PLACED,693343
3251,481.0,2025-10-26 10:31:33,CANCELLED,525750
3252,,2024-09-02 16:38:54,SHIPPED,831105
3253,787.0,2025-02-26 01:09:52,SHIPPED,554987
3254,440.0,2025-07-24 21:47:53,CANCELLED,182857
3255,701.0,2024-09-10 06:47:12,CANCELLED,767678
3256,523.0,2025-12-30 06:00:15,DELIVERED,817269
3257,859.0,2025-02-10 00:59:17,SHIPPED,186702
3258,534.0,2025-11-08 22:47:20,PLACED,954814
3259,795.0,2026-07-19 14:25:15,DELIVERED,968286
3260,155.0,2026-04-02 14:59:58,DELIVERED,999636
3261,104.0,2026-05-01 17:47:56,SHIPPED,355021
3262,256.0,2026-06-17 18:38:42,RETURNED,471658
3263,,2026-08-07 15:50:01,PLACED,781463
3264,865.0,14-11-2025 00:58:40,CANCELLED,491172
3265,248.0,2025-08-02 08:33:39,RETURNED,414546
3266,180.0,2025-07-21 01:07:07,PLACED,186702
3267,211.0,2026-05-10 07:49:15,SHIPPED,767678
3268,689.0,2026-02-08 11:46:04,DELIVERED,781463
3269,953.0,2026-03-22 00:20:07,DELIVERED,825916
3270,573.0,2024-09-06 02:26:24,PLACED,825916
3271,357.0,2024-08-30 06:24:15,RETURNED,989053
3272,997.0,2026-05-24 10:40:31,SHIPPED,199994
3273,36.0,2024-11-29 02:31:57,RETURNED,554987
3274,408.0,2026-01-28 23:29:10,PLACED,653815
3275,794.0,2026-05-07 09:16:51,PLACED,679549
3276,714.0,2024-11-13 08:50:29,CANCELLED,321686
3277,750.0,2025-06-11 16:35:36,PLACED,182857
3278,989.0,2026-04-19 01:03:46,RETURNED,776234
3279,,2024-09-19 03:27:17,PLACED,186702
3280,,2025-11-17 20:48:33,PLACED,109909
3281,324.0,2024-09-23 17:30:30,PLACED,692447
3282,593.0,2024-10-19 09:44:28,PLACED,336828
3283,763.0,2025-09-10 15:27:31,DELIVERED,692447
3284,229.0,2026-07-28 13:24:18,DELIVERED,653815
3285,121.0,2024-12-29 01:09:38,CANCELLED,321686
3286,739.0,2025-10-31 17:16:05,RETURNED,767678
3287,807.0,2024-08-21 09:10:36,PLACED,581294
3288,782.0,2026-04-12 19:31:33,DELIVERED,781463
3289,6.0,2026-04-20 19:36:35,SHIPPED,491172
3290,887.0,2025-03-28 09:13:43,SHIPPED,679549
3291,70.0,2026-01-09 08:06:44,CANCELLED,825916
3292,116.0,2026-06-01 19:34:47,PLACED,817269
3293,637.0,2025-10-11 21:10:36,CANCELLED,781463
3294,348.0,2026-06-29 23:52:47,DELIVERED,109909
3295,861.0,2025-08-21 09:04:52,SHIPPED,516176
3296,357.0,2026-06-27 06:02:04,DELIVERED,133223
3297,588.0,2025-05-30 17:05:07,CANCELLED,133223
3298,32.0,2026-04-13 03:17:41,SHIPPED,581294
3299,,2025-12-11 08:40:33,RETURNED,497687
3300,,2024-09-25 15:36:23,SHIPPED,525750
3301,226.0,2026-04-03 21:11:09,CANCELLED,497687
3302,894.0,2025-08-10 13:21:21,CANCELLED,599127
3303,813.0,2026-01-23 16:34:25,RETURNED,999636
3304,217.0,2024-10-09 12:56:50,DELIVERED,954814
3305,420.0,2025-06-29 02:18:16,CANCELLED,581294
3306,239.0,2025-02-26 11:13:42,PLACED,653815
3307,957.0,2025-01-01 08:04:13,RETURNED,933551
3308,498.0,2025-08-13 10:25:57,PLACED,781463
3309,709.0,2024-12-13 13:14:38,DELIVERED,524965
3310,634.0,2026-02-05 17:53:09,SHIPPED,495490
3311,333.0,2026-04-13 05:48:08,PLACED,524965
3312,851.0,2024-08-11 13:22:35,PLACED,693343
3313,756.0,2025-02-25 04:19:56,SHIPPED,624139
3314,153.0,2025-04-22 08:53:07,PLACED,922478
3315,670.0,2025-04-15 15:01:46,RETURNED,184532
3316,136.0,2025-09-28 05:47:21,CANCELLED,524965
3317,271.0,2025-12-30 19:54:31,RETURNED,785491
3318,719.0,2025-09-26 19:00:25,DELIVERED,896483
3319,622.0,2025-07-13 10:02:10,PLACED,989053
3320,645.0,2024-11-02 03:05:32,RETURNED,776234
3321,77.0,2024-10-14 08:31:58,SHIPPED,199994
3322,721.0,2026-01-24 02:58:31,CANCELLED,679549
3323,751.0,2024-12-22 19:43:51,SHIPPED,279708
3324,71.0,2025-10-15 00:34:50,RETURNED,776234
3325,810.0,2026-07-15 16:11:13,CANCELLED,199994
3326,311.0,2026-02-20 06:39:37,DELIVERED,447362
3327,246.0,2026-03-08 08:36:04,CANCELLED,825916
3328,983.0,2025-01-15 02:24:25,SHIPPED,785491
3329,969.0,2025-05-09 18:55:14,PLACED,471658
3330,554.0,2024-10-07 13:43:17,RETURNED,781463
3331,937.0,2026-01-20 06:31:15,CANCELLED,144618
3332,419.0,2025-02-05 10:26:14,SHIPPED,836986
3333,785.0,2026-04-12 20:08:09,RETURNED,184532
3334,856.0,2025-11-21 09:38:54,SHIPPED,516176
3335,242.0,2026-05-29 17:08:56,RETURNED,186702
3336,479.0,2024-12-26 18:52:38,DELIVERED,836986
3337,287.0,2026-02-12 07:44:30,DELIVERED,321686
3338,568.0,14-11-2024 03:53:29,SHIPPED,954814
3339,204.0,2024-09-17 03:53:50,PLACED,279708
3340,520.0,2026-01-06 20:35:35,RETURNED,968286
3341,744.0,2024-12-17 05:31:46,SHIPPED,825916
3342,751.0,2024-11-19 18:43:51,DELIVERED,144618
3343,544.0,2025-03-27 16:45:40,CANCELLED,109909
3344,471.0,2025-01-21 06:16:38,PLACED,144618
3345,482.0,2024-12-24 17:04:27,PLACED,133223
3346,699.0,2026-05-16 15:08:54,DELIVERED,922478
3347,390.0,2024-12-16 13:53:32,RETURNED,896483
3348,639.0,2025-03-12 15:27:38,PLACED,380310
3349,582.0,2025-12-31 18:06:11,PLACED,679549
3350,420.0,2025-02-18 10:43:36,DELIVERED,624139
3351,326.0,2025-08-02 01:17:18,PLACED,599127
3352,134.0,2025-10-05 22:16:18,DELIVERED,817269
3353,465.0,2025-04-21 00:52:49,RETURNED,624139
3354,249.0,2025-11-21 01:01:55,RETURNED,554987
3355,70.0,2025-07-03 16:18:07,SHIPPED,896483
3356,701.0,2025-11-13 03:42:01,DELIVERED,184532
3357,484.0,2026-04-08 18:20:49,RETURNED,999636
3358,,2024-09-05 00:48:00,SHIPPED,653815
3359,201.0,2026-04-10 22:49:55,CANCELLED,836986
3360,510.0,2025-05-17 22:25:01,SHIPPED,182857
3361,929.0,2025-09-06 03:54:29,DELIVERED,836986
3362,823.0,2025-01-10 02:05:14,RETURNED,831105
3363,473.0,2026-01-04 03:15:43,DELIVERED,599127
3364,813.0,2025-04-19 14:54:36,PLACED,581294
3365,927.0,2026-03-24 13:18:13,CANCELLED,497687
3366,699.0,2026-03-13 20:41:46,PLACED,516176
3367,56.0,2025-01-07 17:42:31,PLACED,495490
3368,756.0,2026-01-02 06:50:36,SHIPPED,158840
3369,387.0,2025-08-12 04:37:08,SHIPPED,679549
3370,37.0,2026-04-07 09:30:53,PLACED,133223
3371,121.0,2026-03-12 10:02:51,RETURNED,524965
3372,551.0,2024-10-14 11:57:54,RETURNED,186702
3373,58.0,2026-02-25 03:53:00,RETURNED,825916
3374,211.0,2025-02-13 19:43:46,CANCELLED,968286
3375,651.0,2025-07-16 20:07:59,RETURNED,767678
3376,710.0,2024-09-01 04:10:49,CANCELLED,679549
3377,466.0,2024-11-01 10:12:02,CANCELLED,144618
3378,664.0,03-12-2025 02:24:43,CANCELLED,692447
3379,88.0,2024-12-23 09:10:15,SHIPPED,109909
3380,948.0,2024-11-19 08:01:21,SHIPPED,767678
3381,83.0,2025-10-11 20:42:29,CANCELLED,525750
3382,271.0,2025-05-08 03:31:50,RETURNED,836986
3383,810.0,2025-05-12 06:11:16,PLACED,199994
3384,109.0,2025-10-13 00:13:59,SHIPPED,599127
3385,295.0,02-09-2024 22:17:11,CANCELLED,471658
3386,,2026-01-03 11:29:52,SHIPPED,186702
3387,232.0,2025-11-12 00:27:02,DELIVERED,491172
3388,250.0,2026-05-06 05:30:31,RETURNED,497687
3389,513.0,2024-08-14 23:19:03,PLACED,491172
3390,410.0,2025-06-13 00:46:01,DELIVERED,624139
3391,357.0,2025-04-10 16:52:00,DELIVERED,471658
3392,949.0,25-11-2025 11:11:33,RETURNED,581294
3393,732.0,2024-10-21 09:38:29,PLACED,133223
3394,85.0,07-06-2026 05:44:06,DELIVERED,133223
3395,937.0,2025-03-20 22:19:32,DELIVERED,184532
3396,174.0,2025-07-16 05:17:05,CANCELLED,954814
3397,609.0,2024-12-23 04:31:43,SHIPPED,581294
3398,591.0,2024-08-25 02:09:30,RETURNED,497687
3399,382.0,2026-03-23 07:43:41,PLACED,785491
3400,204.0,2025-07-08 15:02:05,DELIVERED,336828
3401,,2025-10-03 22:23:37,SHIPPED,340927
3402,1.0,2025-06-22 22:30:24,CANCELLED,364679
3403,941.0,2025-05-27 21:46:16,PLACED,186702
3404,788.0,2026-04-10 11:49:34,DELIVERED,933551
3405,605.0,2025-02-09 16:52:04,PLACED,497687
3406,768.0,2025-05-08 19:52:14,CANCELLED,624139
3407,348.0,2025-04-13 00:22:04,DELIVERED,624139
3408,379.0,2025-12-17 20:57:49,CANCELLED,781463
3409,913.0,2025-03-16 11:20:33,CANCELLED,158840
3410,473.0,2026-07-19 07:50:46,RETURNED,525750
3411,594.0,2026-05-12 03:34:38,SHIPPED,109909
3412,584.0,2026-02-17 16:25:51,CANCELLED,321686
3413,117.0,2026-05-29 06:23:25,CANCELLED,693343
3414,221.0,2025-08-14 12:38:27,CANCELLED,581294
3415,338.0,2025-06-12 17:22:21,DELIVERED,516176
3416,39.0,2026-02-25 15:30:53,RETURNED,693343
3417,751.0,2026-07-07 01:36:06,RETURNED,497687
3418,860.0,2025-05-28 22:36:25,CANCELLED,414546
3419,844.0,2024-08-30 01:27:49,CANCELLED,781463
3420,474.0,2025-08-18 08:34:08,RETURNED,471658
3421,17.0,2026-06-13 23:06:31,CANCELLED,340927
3422,908.0,2026-05-18 20:12:38,DELIVERED,447362
3423,666.0,2026-07-15 06:53:44,PLACED,692447
3424,722.0,2026-06-28 22:22:39,PLACED,624139
3425,457.0,2025-01-01 04:11:28,DELIVERED,186702
3426,164.0,2026-07-20 12:59:05,PLACED,447362
3427,118.0,2026-02-09 09:55:23,RETURNED,516176
3428,835.0,2024-11-12 02:01:55,SHIPPED,776234
3429,238.0,2025-04-09 13:25:25,RETURNED,624139
3430,449.0,2026-07-11 09:35:15,PLACED,624139
3431,694.0,2026-07-19 00:07:21,RETURNED,831105
3432,887.0,2025-03-23 02:53:00,CANCELLED,109909
3433,892.0,2026-02-19 14:53:29,PLACED,491172
3434,741.0,2026-03-17 16:10:46,RETURNED,355021
3435,643.0,2025-07-10 06:47:36,PLACED,989053
3436,983.0,2024-12-07 23:32:46,SHIPPED,817269
3437,189.0,2024-08-09 19:37:51,RETURNED,679549
3438,641.0,2024-11-24 22:35:23,PLACED,279708
3439,999.0,2026-05-16 04:23:13,RETURNED,999908
3440,610.0,2025-03-17 06:47:08,CANCELLED,986392
3441,700.0,2024-10-06 21:56:56,PLACED,767678
3442,945.0,2025-01-28 17:30:19,PLACED,781463
3443,848.0,2025-01-04 17:23:30,CANCELLED,355021
3444,495.0,2024-10-14 01:36:39,CANCELLED,954814
3445,831.0,2025-02-03 23:22:53,RETURNED,999908
3446,917.0,22-12-2025 08:55:05,CANCELLED,968286
3447,339.0,2026-04-18 22:42:02,PLACED,491172
3448,693.0,2025-05-09 14:09:23,PLACED,279708
3449,566.0,2025-07-23 21:24:56,SHIPPED,184532
3450,1000.0,2025-04-18 00:10:16,SHIPPED,355021
3451,,2025-07-19 02:42:00,DELIVERED,825916
3452,715.0,2025-12-23 21:15:30,PLACED,581294
3453,388.0,2026-01-01 15:31:10,DELIVERED,497687
3454,844.0,2026-06-07 00:11:56,SHIPPED,380310
3455,,2025-12-10 11:33:44,RETURNED,999908
3456,457.0,2026-04-08 11:37:29,SHIPPED,954814
3457,788.0,2026-01-07 02:01:48,PLACED,785491
3458,200.0,2026-02-17 14:22:58,CANCELLED,182857
3459,464.0,2024-10-18 04:48:13,DELIVERED,581294
3460,375.0,2024-11-11 01:41:26,CANCELLED,999908
3461,923.0,2026-02-17 14:10:28,DELIVERED,198042
3462,,2024-11-14 17:46:00,PLACED,380310
3463,744.0,2026-02-25 01:16:45,SHIPPED,817269
3464,144.0,2026-05-27 04:31:35,RETURNED,986392
3465,860.0,2026-03-31 01:01:55,SHIPPED,767678
3466,,2026-01-24 17:22:53,RETURNED,321686
3467,94.0,2025-06-15 08:35:57,RETURNED,198042
3468,839.0,2025-05-23 21:38:37,PLACED,989053
3469,620.0,2024-09-30 13:06:03,PLACED,999908
3470,787.0,2025-07-31 21:39:11,CANCELLED,186702
3471,903.0,2026-02-01 01:41:46,CANCELLED,933551
3472,,2025-10-11 13:50:21,CANCELLED,954814
3473,247.0,2025-01-18 03:28:54,CANCELLED,922478
3474,37.0,2025-10-27 17:10:11,SHIPPED,954814
3475,27.0,2026-02-21 02:19:10,DELIVERED,186702
3476,476.0,2025-05-05 20:18:11,RETURNED,999636
3477,132.0,2025-04-14 10:57:07,PLACED,817269
3478,529.0,2026-04-02 13:27:51,RETURNED,447362
3479,195.0,2025-10-29 05:00:27,SHIPPED,785491
3480,504.0,2026-02-09 07:01:10,RETURNED,497687
3481,103.0,2026-06-08 06:55:51,CANCELLED,516176
3482,195.0,23-11-2025 18:47:56,RETURNED,336828
3483,383.0,2024-11-18 01:35:55,SHIPPED,133223
3484,411.0,2024-12-24 12:15:27,RETURNED,692447
3485,297.0,2025-01-10 12:04:20,SHIPPED,279708
3486,288.0,2025-06-23 06:04:59,CANCELLED,186702
3487,487.0,2025-04-14 06:19:06,CANCELLED,471658
3488,594.0,2025-11-29 23:15:00,PLACED,599127
3489,947.0,2025-06-16 04:12:53,RETURNED,184532
3490,11.0,2025-03-05 08:42:09,SHIPPED,364679
3491,268.0,2025-05-18 18:18:44,PLACED,158840
3492,381.0,2026-04-01 03:02:51,DELIVERED,554987
3493,910.0,2024-09-03 15:24:45,DELIVERED,999636
3494,749.0,2026-07-10 09:02:01,CANCELLED,896483
3495,623.0,2025-06-13 06:32:13,SHIPPED,986392
3496,989.0,06-12-2024 16:00:12,RETURNED,184532
3497,454.0,2025-12-20 15:18:06,PLACED,692447
3498,283.0,2026-04-10 14:12:43,RETURNED,624139
3499,569.0,2025-07-14 19:38:59,PLACED,785491
3500,59.0,2024-10-08 13:39:41,PLACED,524965
3501,969.0,2025-12-23 08:37:17,PLACED,525750
3502,574.0,2024-10-22 06:38:01,RETURNED,989053
3503,448.0,2026-05-01 05:11:48,CANCELLED,336828
3504,703.0,2026-03-19 04:18:20,RETURNED,109909
3505,342.0,2024-08-18 03:09:43,DELIVERED,999636
3506,422.0,2025-03-30 05:51:18,DELIVERED,922478
3507,908.0,2025-10-02 23:54:03,DELIVERED,321686
3508,274.0,2025-05-16 16:46:54,CANCELLED,989053
3509,809.0,2025-07-07 08:17:28,SHIPPED,693343
3510,587.0,2025-07-30 07:36:38,DELIVERED,781463
3511,112.0,2026-07-11 09:43:24,SHIPPED,599127
3512,369.0,2025-05-29 15:19:09,RETURNED,781463
3513,901.0,2026-02-23 15:57:20,PLACED,199994
3514,129.0,2025-03-18 12:06:05,SHIPPED,447362
3515,228.0,2025-02-14 03:21:33,PLACED,554987
3516,211.0,2025-11-15 09:53:10,CANCELLED,364679
3517,,2025-10-24 03:30:20,PLACED,999636
3518,,2026-03-18 08:27:44,SHIPPED,497687
3519,390.0,2025-07-04 02:45:53,RETURNED,199994
3520,169.0,2025-05-08 13:02:34,CANCELLED,321686
3521,272.0,2025-07-21 02:51:07,CANCELLED,279708
3522,630.0,2025-04-10 23:01:15,PLACED,447362
3523,914.0,2025-09-04 00:38:06,PLACED,279708
3524,446.0,2025-05-02 17:25:48,PLACED,693343
3525,590.0,2026-03-05 23:45:53,CANCELLED,999636
3526,723.0,2026-07-26 14:36:53,PLACED,896483
3527,826.0,2025-09-01 14:33:40,CANCELLED,554987
3528,770.0,2025-05-16 07:41:32,DELIVERED,198042
3529,727.0,2025-12-15 01:41:47,SHIPPED,825916
3530,,2024-11-27 01:21:53,PLACED,491172
3531,268.0,2025-04-12 10:59:55,CANCELLED,133223
3532,484.0,2026-06-22 14:23:32,SHIPPED,679549
3533,901.0,2025-10-14 07:07:39,PLACED,414546
3534,666.0,2024-12-31 13:18:19,PLACED,321686
3535,,2026-03-25 23:04:59,DELIVERED,999636
3536,608.0,2026-01-22 17:17:11,DELIVERED,831105
3537,255.0,2025-07-07 13:30:12,PLACED,776234
3538,299.0,2024-09-13 15:53:29,DELIVERED,653815
3539,929.0,2025-03-02 23:43:19,SHIPPED,414546
3540,788.0,2024-11-05 23:49:47,CANCELLED,133223
3541,284.0,2025-08-01 20:39:21,PLACED,989053
3542,195.0,2025-05-04 08:44:29,CANCELLED,653815
3543,427.0,2026-05-20 17:16:43,RETURNED,336828
3544,171.0,2025-12-23 14:16:01,PLACED,831105
3545,293.0,2025-02-09 12:31:14,CANCELLED,491172
3546,948.0,12-04-2025 17:03:56,DELIVERED,624139
3547,934.0,13-03-2025 12:42:38,RETURNED,767678
3548,47.0,2026-03-30 14:07:55,SHIPPED,186702
3549,820.0,2025-09-09 16:03:16,SHIPPED,693343
3550,942.0,2024-12-17 18:13:30,RETURNED,999636
3551,677.0,2025-04-26 21:35:28,RETURNED,624139
3552,977.0,2024-08-21 23:58:58,SHIPPED,933551
3553,945.0,2025-04-03 08:09:01,RETURNED,525750
3554,313.0,2025-11-16 18:35:30,PLACED,525750
3555,32.0,2025-10-18 09:45:29,DELIVERED,624139
3556,341.0,2025-04-27 03:53:13,SHIPPED,836986
3557,281.0,2024-09-04 22:43:06,DELIVERED,831105
3558,197.0,2026-01-30 19:02:12,PLACED,199994
3559,154.0,2025-02-06 19:39:09,RETURNED,776234
3560,207.0,2024-10-09 14:19:03,DELIVERED,999636
3561,602.0,2024-10-17 06:50:57,RETURNED,599127
3562,711.0,2026-01-22 02:32:10,PLACED,495490
3563,55.0,2025-11-14 12:53:54,PLACED,999908
3564,988.0,2025-06-20 02:41:46,CANCELLED,497687
3565,658.0,2025-02-25 20:41:27,DELIVERED,491172
3566,,2026-07-20 02:54:16,RETURNED,599127
3567,173.0,2025-12-25 11:55:28,CANCELLED,133223
3568,16.0,2025-02-03 12:18:16,RETURNED,321686
3569,79.0,2026-04-04 06:22:12,PLACED,144618
3570,,2026-04-11 02:13:41,SHIPPED,380310
3571,150.0,2026-01-26 09:58:43,DELIVERED,497687
3572,734.0,2025-08-26 15:37:44,RETURNED,679549
3573,414.0,2025-07-10 01:38:24,DELIVERED,364679
3574,821.0,2024-10-04 02:38:35,CANCELLED,831105
3575,420.0,2025-05-08 12:31:01,DELIVERED,516176
3576,603.0,2024-11-24 09:36:24,RETURNED,954814
3577,292.0,2026-07-23 18:23:48,SHIPPED,199994
3578,463.0,2025-11-18 02:42:20,CANCELLED,933551
3579,248.0,2026-05-15 12:17:44,SHIPPED,831105
3580,58.0,2025-05-15 04:21:49,SHIPPED,781463
3581,148.0,2026-07-26 06:24:35,DELIVERED,933551
3582,639.0,2024-10-05 17:42:58,PLACED,954814
3583,685.0,2026-06-17 16:17:27,CANCELLED,495490
3584,309.0,2026-02-07 12:38:15,PLACED,986392
3585,975.0,2025-06-13 20:26:23,DELIVERED,968286
3586,140.0,2024-08-25 13:15:52,SHIPPED,182857
3587,132.0,2026-07-04 10:05:02,CANCELLED,817269
3588,558.0,2025-02-12 19:57:34,DELIVERED,380310
3589,124.0,2025-11-29 03:05:51,DELIVERED,836986
3590,643.0,2026-05-16 03:52:19,SHIPPED,933551
3591,643.0,2026-04-12 12:09:32,RETURNED,776234
3592,885.0,2025-06-21 19:37:39,CANCELLED,321686
3593,545.0,2024-11-02 05:57:47,PLACED,922478
3594,822.0,2024-12-27 04:39:09,CANCELLED,986392
3595,612.0,2025-02-15 20:08:59,PLACED,516176
3596,915.0,2025-03-18 16:25:48,PLACED,471658
3597,144.0,2025-08-19 16:44:36,CANCELLED,999908
3598,536.0,25-04-2026 05:02:16,PLACED,525750
3599,120.0,2025-02-03 06:11:54,PLACED,679549
3600,500.0,2026-03-15 19:43:41,PLACED,785491
3601,43.0,2025-05-09 13:46:51,RETURNED,922478
3602,606.0,2025-07-20 15:49:36,CANCELLED,933551
3603,857.0,2026-02-15 21:24:34,PLACED,999636
3604,153.0,2025-06-24 09:10:10,PLACED,186702
3605,311.0,2026-02-05 18:36:39,PLACED,184532
3606,849.0,28-02-2026 17:47:15,CANCELLED,524965
3607,238.0,2025-02-27 10:30:59,PLACED,776234
3608,626.0,2025-12-12 16:12:20,CANCELLED,414546
3609,955.0,2025-10-24 20:48:03,RETURNED,693343
3610,545.0,2026-06-04 18:05:08,RETURNED,364679
3611,669.0,2025-12-17 14:52:11,CANCELLED,198042
3612,338.0,2025-02-24 09:19:57,CANCELLED,495490
3613,108.0,2025-06-02 15:22:53,RETURNED,776234
3614,485.0,2024-08-22 21:01:11,PLACED,781463
3615,473.0,2025-06-07 20:35:33,PLACED,599127
3616,,2024-11-11 23:51:36,RETURNED,781463
3617,638.0,2025-02-20 06:41:53,RETURNED,831105
3618,106.0,2025-10-20 19:37:18,PLACED,182857
3619,848.0,2026-07-23 01:49:01,PLACED,554987
3620,573.0,2025-03-29 14:39:58,PLACED,986392
3621,682.0,2025-01-17 20:59:20,SHIPPED,624139
3622,597.0,2024-08-22 09:41:38,SHIPPED,922478
3623,696.0,2025-04-03 07:44:04,RETURNED,968286
3624,438.0,2024-09-24 17:59:59,DELIVERED,497687
3625,397.0,2025-03-07 10:58:07,CANCELLED,144618
3626,825.0,2026-01-11 07:52:46,RETURNED,679549
3627,835.0,2026-04-05 06:58:36,SHIPPED,817269
3628,306.0,2025-10-12 15:52:38,SHIPPED,471658
3629,785.0,2025-11-15 21:22:40,PLACED,525750
3630,985.0,2025-04-06 08:22:15,DELIVERED,986392
3631,121.0,2025-05-20 09:18:08,CANCELLED,109909
3632,970.0,2026-06-19 10:55:48,DELIVERED,785491
3633,3.0,18-08-2024 09:10:15,RETURNED,279708
3634,286.0,2025-04-15 00:00:48,SHIPPED,581294
3635,712.0,2025-04-19 05:10:34,CANCELLED,785491
3636,709.0,2025-06-29 19:33:32,RETURNED,781463
3637,114.0,12-07-2025 15:29:27,DELIVERED,133223
3638,160.0,2026-02-02 15:14:57,PLACED,836986
3639,700.0,2025-01-10 01:38:31,RETURNED,693343
3640,331.0,2025-12-31 21:02:04,SHIPPED,380310
3641,423.0,2025-12-13 19:18:54,SHIPPED,109909
3642,858.0,2025-02-11 23:31:41,RETURNED,380310
3643,264.0,2024-09-01 18:31:45,CANCELLED,896483
3644,221.0,2026-04-23 18:49:00,SHIPPED,831105
3645,503.0,2026-07-17 02:30:50,SHIPPED,933551
3646,454.0,2025-11-13 09:58:14,DELIVERED,831105
3647,511.0,2025-09-23 05:44:30,CANCELLED,199994
3648,64.0,2025-04-18 10:28:04,CANCELLED,554987
3649,587.0,2025-01-07 19:32:10,DELIVERED,986392
3650,36.0,29-07-2026 15:05:31,RETURNED,781463
3651,358.0,2025-05-05 21:20:08,RETURNED,785491
3652,189.0,2025-03-10 08:56:59,CANCELLED,781463
3653,875.0,2025-03-27 13:12:15,SHIPPED,182857
3654,767.0,2025-12-14 21:52:57,CANCELLED,471658
3655,,2024-08-30 19:09:36,CANCELLED,414546
3656,888.0,2025-11-08 15:38:28,PLACED,922478
3657,786.0,2024-12-08 23:57:14,SHIPPED,199994
3658,200.0,2025-04-23 01:23:35,SHIPPED,599127
3659,144.0,2025-06-20 10:14:20,RETURNED,336828
3660,641.0,2026-08-06 15:11:20,SHIPPED,158840
3661,,2024-08-26 07:13:55,DELIVERED,340927
3662,457.0,2026-07-21 05:16:38,CANCELLED,336828
3663,832.0,2025-09-19 16:04:41,CANCELLED,355021
3664,238.0,2025-08-02 16:33:44,PLACED,133223
3665,659.0,2025-01-27 15:49:17,PLACED,933551
3666,770.0,2026-06-13 02:28:07,DELIVERED,954814
3667,709.0,2024-11-13 09:42:13,RETURNED,491172
3668,612.0,2025-10-26 16:36:55,SHIPPED,184532
3669,299.0,2026-04-21 20:49:23,CANCELLED,831105
3670,102.0,2024-10-19 01:03:07,RETURNED,321686
3671,574.0,2025-01-15 16:04:24,DELIVERED,471658
3672,986.0,2026-08-03 22:24:40,PLACED,831105
3673,828.0,2025-09-30 02:52:33,SHIPPED,184532
3674,496.0,2024-12-17 16:22:16,SHIPPED,414546
3675,528.0,2024-12-03 10:25:13,DELIVERED,144618
3676,928.0,2026-02-28 04:02:16,SHIPPED,781463
3677,260.0,2026-01-27 17:03:39,RETURNED,817269
3678,11.0,2025-05-29 05:01:49,SHIPPED,831105
3679,968.0,2025-06-03 14:45:28,PLACED,355021
3680,130.0,2026-02-08 23:56:41,DELIVERED,182857
3681,661.0,2025-06-10 16:10:45,PLACED,999636
3682,,2025-10-20 22:35:09,SHIPPED,198042
3683,25.0,2025-03-30 12:28:37,PLACED,781463
3684,129.0,2025-05-01 11:51:09,SHIPPED,785491
3685,597.0,2024-10-25 08:51:24,CANCELLED,817269
3686,662.0,2026-05-17 11:59:54,DELIVERED,133223
3687,383.0,2026-07-11 15:18:16,SHIPPED,836986
3688,954.0,2026-02-16 15:32:18,RETURNED,495490
3689,107.0,2025-03-29 07:55:43,PLACED,491172
3690,712.0,2025-09-04 11:12:16,SHIPPED,525750
3691,696.0,2025-05-22 16:14:36,SHIPPED,831105
3692,798.0,2026-04-28 17:24:57,RETURNED,198042
3693,562.0,2025-08-05 16:01:36,DELIVERED,999908
3694,39.0,2025-07-14 01:57:53,RETURNED,495490
3695,6.0,04-04-2026 16:18:39,SHIPPED,471658
3696,668.0,2025-07-03 12:29:37,RETURNED,986392
3697,931.0,15-06-2026 02:24:17,SHIPPED,279708
3698,165.0,2024-12-16 22:54:47,DELIVERED,581294
3699,775.0,2025-03-07 21:04:32,DELIVERED,817269
3700,600.0,2025-09-02 07:17:16,PLACED,922478
3701,70.0,2025-04-10 05:20:15,DELIVERED,525750
3702,602.0,2025-07-14 03:51:01,RETURNED,986392
3703,364.0,2024-12-13 01:00:53,CANCELLED,336828
3704,275.0,2026-06-02 22:51:40,PLACED,158840
3705,295.0,2025-05-16 05:36:59,RETURNED,933551
3706,245.0,2025-11-29 06:45:30,SHIPPED,109909
3707,,2026-07-21 20:53:09,CANCELLED,321686
3708,302.0,2025-06-04 21:55:20,RETURNED,133223
3709,,2025-11-17 02:12:12,CANCELLED,836986
3710,,2025-11-04 06:41:05,CANCELLED,355021
3711,144.0,2024-11-18 10:13:36,DELIVERED,653815
3712,217.0,2025-11-05 00:59:36,DELIVERED,836986
3713,984.0,2026-08-08 21:15:24,CANCELLED,653815
3714,456.0,2025-10-21 04:11:22,CANCELLED,158840
3715,900.0,2026-01-26 00:30:55,DELIVERED,986392
3716,909.0,2026-06-30 20:42:28,CANCELLED,922478
3717,980.0,2025-04-03 14:56:54,RETURNED,447362
3718,357.0,2025-02-07 18:41:22,PLACED,336828
3719,191.0,2025-09-29 01:39:01,SHIPPED,831105
3720,,2025-07-19 22:12:36,CANCELLED,817269
3721,345.0,14-10-2024 15:37:41,CANCELLED,336828
3722,134.0,2025-05-06 16:41:54,DELIVERED,495490
3723,986.0,2026-02-02 22:09:38,CANCELLED,624139
3724,,2026-05-16 14:09:54,SHIPPED,133223
3725,842.0,30-11-2025 00:29:48,DELIVERED,186702
3726,158.0,2025-09-16 11:15:10,PLACED,525750
3727,984.0,2026-05-01 22:14:01,PLACED,184532
3728,100.0,2026-04-22 08:03:28,CANCELLED,836986
3729,933.0,2024-12-05 02:04:20,DELIVERED,414546
3730,759.0,2025-05-05 19:06:24,RETURNED,471658
3731,487.0,2026-05-10 02:47:44,CANCELLED,109909
3732,484.0,2024-12-15 04:33:48,RETURNED,781463
3733,830.0,2026-06-24 18:21:09,CANCELLED,679549
3734,64.0,2026-06-13 06:08:23,CANCELLED,495490
3735,185.0,2025-04-01 22:41:38,CANCELLED,133223
3736,366.0,11-03-2025 05:15:59,CANCELLED,999908
3737,572.0,2026-05-24 13:50:24,DELIVERED,198042
3738,435.0,2025-01-07 10:00:01,PLACED,355021
3739,626.0,2025-07-12 02:01:38,CANCELLED,414546
3740,687.0,2025-02-04 04:53:39,DELIVERED,447362
3741,335.0,2025-10-23 20:43:12,PLACED,896483
3742,311.0,2026-08-02 04:01:38,PLACED,184532
3743,171.0,2026-03-14 05:08:57,RETURNED,109909
3744,413.0,2026-07-20 19:36:13,RETURNED,447362
3745,537.0,2025-08-09 14:22:35,PLACED,989053
3746,579.0,2024-10-29 09:36:16,SHIPPED,182857
3747,56.0,24-10-2025 10:00:19,PLACED,933551
3748,714.0,08-04-2025 04:19:34,DELIVERED,471658
3749,181.0,2026-06-12 08:34:42,RETURNED,831105
3750,23.0,2024-12-03 13:02:01,DELIVERED,831105
3751,188.0,2025-07-12 20:07:52,DELIVERED,968286
3752,563.0,2026-07-13 06:28:51,DELIVERED,340927
3753,75.0,2024-08-14 05:31:23,DELIVERED,831105
3754,563.0,2024-09-01 19:30:43,RETURNED,525750
3755,639.0,2025-12-16 15:26:59,RETURNED,968286
3756,831.0,2026-05-04 13:46:32,PLACED,825916
3757,555.0,2026-08-06 10:04:55,DELIVERED,184532
3758,13.0,2026-04-30 23:58:51,DELIVERED,524965
3759,207.0,2024-09-29 14:27:52,CANCELLED,986392
3760,351.0,2025-06-09 21:03:47,PLACED,158840
3761,659.0,2025-02-15 03:33:22,RETURNED,321686
3762,320.0,2026-01-14 05:00:21,SHIPPED,524965
3763,82.0,2024-11-05 13:50:46,SHIPPED,414546
3764,463.0,2026-02-27 11:45:57,SHIPPED,158840
3765,512.0,2025-11-24 21:18:28,SHIPPED,836986
3766,134.0,2025-09-03 09:40:28,RETURNED,186702
3767,975.0,26-08-2024 12:41:53,CANCELLED,144618
3768,946.0,2025-07-26 10:08:08,CANCELLED,781463
3769,286.0,2026-01-21 13:17:18,PLACED,999908
3770,316.0,2025-03-11 04:56:10,SHIPPED,495490
3771,312.0,2025-05-27 05:20:55,CANCELLED,336828
3772,87.0,2026-04-01 21:17:36,CANCELLED,679549
3773,797.0,2026-02-21 18:24:22,RETURNED,954814
3774,2.0,2025-05-01 15:20:02,DELIVERED,525750
3775,,2026-01-14 16:22:02,RETURNED,525750
3776,,2025-08-17 21:16:02,DELIVERED,340927
3777,,2025-11-26 17:50:46,PLACED,767678
3778,498.0,2025-06-18 06:39:24,DELIVERED,781463
3779,902.0,07-11-2024 19:45:12,SHIPPED,497687
3780,45.0,2024-11-23 20:09:54,CANCELLED,999636
3781,820.0,2025-02-16 22:51:23,CANCELLED,321686
3782,784.0,2026-04-04 00:21:35,RETURNED,785491
3783,,2026-02-10 16:12:48,DELIVERED,986392
3784,291.0,2024-10-29 20:35:13,PLACED,624139
3785,951.0,2024-12-10 14:51:33,PLACED,525750
3786,372.0,2025-06-06 19:29:28,SHIPPED,781463
3787,516.0,2025-04-14 10:39:57,RETURNED,922478
3788,947.0,2026-06-07 02:40:50,RETURNED,554987
3789,924.0,2026-03-13 08:06:12,RETURNED,524965
3790,835.0,2025-01-09 15:57:26,CANCELLED,336828
3791,405.0,2024-10-19 03:36:34,CANCELLED,933551
3792,443.0,2025-11-21 04:42:28,RETURNED,198042
3793,813.0,2024-10-02 07:24:00,SHIPPED,158840
3794,271.0,2026-05-28 01:06:32,PLACED,781463
3795,992.0,2025-08-03 06:56:20,RETURNED,679549
3796,902.0,2025-02-03 23:18:35,DELIVERED,516176
3797,391.0,2025-02-15 03:02:08,SHIPPED,182857
3798,994.0,2025-03-12 21:46:01,RETURNED,355021
3799,208.0,2025-06-30 00:37:31,PLACED,199994
3800,647.0,2026-03-07 08:42:37,RETURNED,767678
3801,704.0,2026-01-02 05:13:40,PLACED,355021
3802,671.0,2025-09-28 06:48:17,SHIPPED,933551
3803,442.0,2025-10-17 10:04:37,CANCELLED,184532
3804,738.0,2026-02-16 07:59:35,SHIPPED,414546
3805,339.0,2024-11-25 07:56:00,DELIVERED,693343
3806,792.0,2025-03-07 21:28:19,RETURNED,933551
3807,215.0,2025-01-17 15:41:30,CANCELLED,380310
3808,643.0,2025-05-07 02:25:55,DELIVERED,836986
3809,365.0,2025-05-01 03:57:19,PLACED,692447
3810,717.0,2025-03-09 22:20:51,DELIVERED,497687
3811,737.0,2026-06-30 08:29:11,CANCELLED,692447
3812,330.0,2024-12-02 20:07:50,PLACED,525750
3813,,2025-11-15 05:59:01,RETURNED,497687
3814,328.0,2025-07-22 09:18:50,CANCELLED,340927
3815,241.0,2025-06-26 12:18:14,PLACED,198042
3816,725.0,2025-03-12 14:32:10,SHIPPED,525750
3817,804.0,2026-02-03 11:37:16,SHIPPED,785491
3818,722.0,2025-12-29 22:42:04,CANCELLED,653815
3819,12.0,2024-11-24 05:40:27,CANCELLED,692447
3820,357.0,2025-03-10 17:53:16,RETURNED,624139
3821,243.0,2025-05-16 20:55:33,DELIVERED,986392
3822,222.0,17-11-2025 08:15:35,SHIPPED,109909
3823,319.0,2024-08-29 15:48:48,CANCELLED,989053
3824,298.0,2025-01-10 19:36:20,SHIPPED,364679
3825,170.0,2025-03-18 12:08:14,SHIPPED,679549
3826,17.0,2025-10-09 23:22:19,PLACED,524965
3827,964.0,2025-02-14 16:53:44,RETURNED,817269
3828,741.0,2026-01-17 23:31:03,RETURNED,781463
3829,29.0,2026-02-04 17:50:48,RETURNED,767678
3830,906.0,2026-08-06 20:18:09,CANCELLED,599127
3831,294.0,2025-06-01 15:55:17,RETURNED,471658
3832,307.0,2025-11-03 23:23:31,PLACED,184532
3833,949.0,2024-12-11 16:23:48,CANCELLED,896483
3834,310.0,2025-04-17 15:26:05,DELIVERED,524965
3835,702.0,2024-12-01 01:36:23,RETURNED,355021
3836,,2026-04-24 00:24:21,CANCELLED,817269
3837,647.0,2025-03-26 18:56:20,SHIPPED,776234
3838,911.0,2025-05-09 15:59:36,CANCELLED,599127
3839,115.0,2026-05-03 08:46:41,CANCELLED,693343
3840,415.0,2025-07-29 15:56:40,SHIPPED,199994
3841,483.0,2024-12-10 17:47:39,RETURNED,182857
3842,151.0,2025-08-27 21:02:56,CANCELLED,199994
3843,243.0,2024-12-15 07:39:19,PLACED,817269
3844,450.0,2026-05-26 12:57:50,SHIPPED,989053
3845,528.0,2024-08-19 14:22:02,RETURNED,184532
3846,728.0,2026-07-01 22:17:26,PLACED,199994
3847,611.0,2025-04-16 07:03:43,SHIPPED,767678
3848,666.0,2025-03-23 03:29:33,CANCELLED,321686
3849,470.0,2025-01-20 01:20:36,RETURNED,491172
3850,,2025-02-28 12:08:34,DELIVERED,933551
3851,932.0,2026-02-28 12:37:21,PLACED,109909
3852,1.0,2026-03-08 18:01:32,DELIVERED,497687
3853,547.0,2025-11-27 00:16:40,CANCELLED,692447
3854,787.0,2025-04-26 14:51:39,DELIVERED,336828
3855,387.0,2025-07-10 17:27:21,RETURNED,471658
3856,556.0,2026-06-06 21:54:38,CANCELLED,954814
3857,9.0,2026-06-02 05:42:01,PLACED,922478
3858,611.0,2026-04-14 18:55:27,CANCELLED,198042
3859,278.0,2026-04-19 00:03:36,DELIVERED,340927
3860,530.0,2026-03-04 05:33:41,CANCELLED,831105
3861,49.0,2025-08-27 01:26:21,CANCELLED,471658
3862,364.0,2025-01-23 00:32:40,PLACED,968286
3863,576.0,2025-01-04 03:30:24,PLACED,653815
3864,849.0,2025-12-07 10:03:24,SHIPPED,999908
3865,722.0,2025-05-27 07:00:18,CANCELLED,767678
3866,69.0,2024-10-20 09:39:50,CANCELLED,933551
3867,863.0,2025-04-06 21:44:54,PLACED,186702
3868,495.0,2024-09-27 06:55:35,SHIPPED,653815
3869,999.0,2025-09-17 08:45:58,CANCELLED,525750
3870,893.0,2025-09-03 19:53:47,CANCELLED,989053
3871,397.0,2026-02-01 16:13:32,SHIPPED,692447
3872,98.0,2026-05-08 15:07:35,PLACED,554987
3873,196.0,2026-07-19 02:05:16,PLACED,355021
3874,595.0,2024-09-19 02:10:17,DELIVERED,491172
3875,658.0,2025-09-27 03:59:54,RETURNED,340927
3876,76.0,2025-02-06 08:10:24,CANCELLED,692447
3877,36.0,2025-02-12 06:10:51,PLACED,693343
3878,311.0,2026-01-31 08:16:53,PLACED,999636
3879,920.0,2025-12-26 00:19:14,DELIVERED,581294
3880,702.0,2025-11-27 14:29:16,CANCELLED,896483
3881,531.0,2025-02-04 05:35:48,SHIPPED,336828
3882,874.0,2025-12-25 23:14:27,PLACED,999636
3883,404.0,2025-07-08 08:22:45,RETURNED,336828
3884,928.0,07-09-2024 14:11:25,CANCELLED,199994
3885,124.0,2025-10-28 03:57:29,PLACED,922478
3886,901.0,2025-09-16 09:49:14,RETURNED,447362
3887,830.0,2024-10-14 22:30:50,PLACED,198042
3888,942.0,2024-12-26 00:05:07,DELIVERED,679549
3889,916.0,2026-04-08 00:08:54,PLACED,554987
3890,608.0,2024-09-24 17:03:41,PLACED,380310
3891,990.0,2026-05-30 22:09:10,CANCELLED,825916
3892,96.0,2025-08-25 22:04:44,SHIPPED,817269
3893,57.0,2024-09-22 15:54:22,DELIVERED,817269
3894,342.0,2025-01-22 10:46:52,SHIPPED,516176
3895,437.0,2025-10-11 00:39:47,PLACED,497687
3896,394.0,2025-10-07 19:24:09,PLACED,364679
3897,642.0,2025-07-14 08:13:47,DELIVERED,831105
3898,322.0,2025-09-05 10:06:40,PLACED,414546
3899,366.0,2026-03-03 00:11:55,PLACED,693343
3900,405.0,2025-03-30 02:55:10,SHIPPED,144618
3901,374.0,2025-11-15 06:10:43,SHIPPED,471658
3902,,2024-12-30 16:29:30,CANCELLED,109909
3903,32.0,2024-11-02 05:37:45,PLACED,999908
3904,163.0,2024-10-09 02:44:07,DELIVERED,186702
3905,821.0,2024-12-31 09:30:16,SHIPPED,776234
3906,911.0,2025-09-09 09:23:54,SHIPPED,279708
3907,54.0,2025-01-13 06:01:08,CANCELLED,495490
3908,281.0,2025-07-31 02:44:33,PLACED,414546
3909,551.0,2025-09-29 02:03:20,SHIPPED,182857
3910,481.0,2025-10-08 03:10:15,DELIVERED,999908
3911,949.0,2026-04-30 05:55:32,SHIPPED,364679
3912,172.0,29-10-2024 16:01:54,CANCELLED,447362
3913,142.0,2026-05-18 18:50:50,DELIVERED,364679
3914,135.0,2026-02-28 01:46:46,CANCELLED,336828
3915,234.0,2024-12-29 11:58:00,CANCELLED,414546
3916,,2026-03-20 19:08:55,PLACED,693343
3917,106.0,2025-11-01 00:26:49,DELIVERED,447362
3918,951.0,2025-07-08 11:40:55,RETURNED,133223
3919,455.0,2024-08-09 13:31:42,PLACED,933551
3920,219.0,2026-02-11 09:26:11,SHIPPED,497687
3921,588.0,2025-10-22 11:30:02,DELIVERED,825916
3922,954.0,2025-08-04 00:57:54,RETURNED,767678
3923,938.0,2024-12-16 03:43:13,PLACED,653815
3924,106.0,14-08-2025 18:27:55,RETURNED,624139
3925,413.0,2025-08-19 19:33:36,SHIPPED,968286
3926,199.0,2026-07-05 04:57:44,PLACED,554987
3927,286.0,2025-03-16 01:56:42,DELIVERED,922478
3928,445.0,2026-05-04 17:15:04,CANCELLED,999636
3929,424.0,2025-02-07 02:34:57,SHIPPED,781463
3930,595.0,2025-02-26 07:04:17,SHIPPED,922478
3931,81.0,2025-09-23 04:39:53,DELIVERED,693343
3932,627.0,2025-03-22 18:39:07,CANCELLED,933551
3933,529.0,26-06-2025 15:29:06,DELIVERED,954814
3934,433.0,2026-07-24 01:09:28,RETURNED,986392
3935,555.0,01-07-2026 00:21:16,CANCELLED,198042
3936,439.0,2025-07-31 08:52:28,RETURNED,922478
3937,647.0,2025-03-30 09:02:30,SHIPPED,109909
3938,485.0,2026-07-21 22:45:42,RETURNED,653815
3939,436.0,2025-07-18 21:32:22,PLACED,414546
3940,139.0,2024-12-06 08:46:49,PLACED,776234
3941,604.0,2024-09-26 02:12:20,PLACED,785491
3942,402.0,2025-06-20 18:43:35,SHIPPED,340927
3943,145.0,2025-03-19 17:40:03,CANCELLED,321686
3944,833.0,2026-06-16 02:40:55,SHIPPED,776234
3945,317.0,2025-06-28 22:47:19,PLACED,380310
3946,516.0,2025-11-18 03:54:23,SHIPPED,133223
3947,682.0,2025-09-06 15:09:04,CANCELLED,184532
3948,875.0,2024-12-20 15:04:47,SHIPPED,581294
3949,539.0,2026-03-01 02:15:08,CANCELLED,336828
3950,921.0,2026-02-17 10:48:53,PLACED,817269
3951,342.0,2025-01-11 22:51:24,RETURNED,679549
3952,472.0,2025-08-10 17:48:31,DELIVERED,525750
3953,83.0,2025-03-30 23:12:46,DELIVERED,999908
3954,434.0,2025-08-31 15:33:29,PLACED,836986
3955,,2024-10-23 09:08:30,CANCELLED,447362
3956,160.0,2025-03-16 09:22:51,DELIVERED,321686
3957,945.0,2025-10-28 10:46:39,PLACED,414546
3958,493.0,2025-09-30 07:29:38,DELIVERED,781463
3959,675.0,2024-11-30 03:10:48,SHIPPED,336828
3960,572.0,2024-12-01 10:33:46,RETURNED,380310
3961,411.0,2026-02-20 00:57:33,SHIPPED,999636
3962,550.0,2026-03-06 05:18:42,SHIPPED,554987
3963,771.0,2026-04-23 19:58:01,CANCELLED,836986
3964,649.0,2025-10-28 21:14:09,DELIVERED,355021
3965,266.0,01-12-2024 23:37:21,CANCELLED,922478
3966,860.0,2026-07-09 01:22:33,PLACED,933551
3967,704.0,2026-07-26 21:58:35,CANCELLED,933551
3968,352.0,2025-11-29 13:31:56,SHIPPED,380310
3969,332.0,2026-03-08 08:48:38,SHIPPED,336828
3970,872.0,2026-03-01 19:08:13,SHIPPED,516176
3971,290.0,2025-02-21 23:32:42,SHIPPED,986392
3972,710.0,2026-06-21 15:00:48,RETURNED,336828
3973,178.0,2025-07-19 23:24:16,SHIPPED,109909
3974,489.0,2026-04-26 15:59:37,PLACED,495490
3975,197.0,2025-03-18 23:44:07,CANCELLED,785491
3976,171.0,2024-11-23 02:40:57,SHIPPED,144618
3977,517.0,09-04-2025 23:30:18,SHIPPED,817269
3978,282.0,2025-04-24 17:50:30,CANCELLED,355021
3979,702.0,2026-02-04 13:34:52,RETURNED,817269
3980,67.0,2025-07-03 16:54:39,DELIVERED,184532
3981,733.0,2025-06-15 20:58:01,RETURNED,679549
3982,807.0,2025-05-23 16:14:28,SHIPPED,989053
3983,502.0,2025-06-09 21:39:35,CANCELLED,516176
3984,481.0,16-02-2026 23:46:17,DELIVERED,524965
3985,893.0,31-05-2025 09:00:15,CANCELLED,692447
3986,915.0,2026-07-17 19:16:49,CANCELLED,679549
3987,368.0,2025-04-24 12:12:12,CANCELLED,109909
3988,668.0,2026-03-20 12:13:18,RETURNED,340927
3989,61.0,2026-07-22 09:49:50,CANCELLED,321686
3990,272.0,2026-02-20 12:22:34,SHIPPED,158840
3991,484.0,2024-08-23 10:21:20,PLACED,321686
3992,830.0,2026-01-05 16:58:48,CANCELLED,495490
3993,794.0,2025-01-08 14:04:54,PLACED,321686
3994,905.0,2026-01-14 17:12:36,DELIVERED,554987
3995,,2025-03-12 13:05:09,RETURNED,581294
3996,497.0,2025-05-09 00:26:09,RETURNED,144618
3997,46.0,2025-04-01 07:17:39,SHIPPED,968286
3998,320.0,2026-03-09 22:52:39,CANCELLED,599127
3999,562.0,04-04-2025 02:36:13,DELIVERED,599127
4000,622.0,2025-09-22 06:00:47,DELIVERED,198042
4001,883.0,2025-01-01 21:32:51,RETURNED,554987
4002,479.0,2025-01-13 05:46:19,CANCELLED,933551
4003,469.0,2025-08-11 14:12:39,DELIVERED,525750
4004,153.0,2026-04-26 18:54:08,CANCELLED,831105
4005,713.0,2024-10-26 05:49:15,SHIPPED,831105
4006,980.0,2025-02-02 19:25:25,PLACED,364679
4007,192.0,2025-04-03 23:03:38,RETURNED,144618
4008,97.0,2025-07-25 14:24:54,DELIVERED,767678
4009,388.0,2026-01-18 01:42:07,CANCELLED,497687
4010,788.0,2025-07-18 10:24:52,CANCELLED,340927
4011,582.0,2026-07-19 14:17:20,DELIVERED,198042
4012,423.0,2024-09-11 19:17:50,CANCELLED,785491
4013,239.0,2025-12-03 21:27:08,RETURNED,933551
4014,92.0,2025-12-24 15:02:41,CANCELLED,471658
4015,,2026-06-04 03:01:30,PLACED,198042
4016,204.0,2025-07-30 23:25:24,RETURNED,692447
4017,65.0,2025-03-01 20:10:26,SHIPPED,321686
4018,232.0,2025-10-26 09:18:23,CANCELLED,968286
4019,894.0,2025-05-10 03:30:02,DELIVERED,109909
4020,445.0,2024-10-22 07:14:39,CANCELLED,922478
4021,149.0,2025-11-19 10:30:39,DELIVERED,199994
4022,839.0,2025-02-26 20:21:29,PLACED,447362
4023,375.0,2025-05-06 01:50:52,CANCELLED,495490
4024,518.0,2026-06-14 21:04:01,SHIPPED,817269
4025,12.0,2024-10-29 07:23:12,CANCELLED,471658
4026,35.0,2024-11-15 07:03:49,DELIVERED,922478
4027,551.0,2026-02-07 22:26:29,PLACED,199994
4028,653.0,2025-04-03 06:37:28,SHIPPED,968286
4029,268.0,26-02-2026 12:02:05,RETURNED,599127
4030,655.0,07-06-2025 10:59:41,SHIPPED,968286
4031,554.0,2024-11-28 01:39:08,SHIPPED,554987
4032,373.0,2024-11-27 01:55:55,RETURNED,693343
4033,611.0,2025-03-15 12:14:30,SHIPPED,364679
4034,793.0,2025-01-02 07:03:09,PLACED,825916
4035,147.0,2024-10-12 11:42:45,PLACED,447362
4036,346.0,2025-02-04 08:02:40,CANCELLED,524965
4037,224.0,2025-10-01 13:43:52,RETURNED,516176
4038,765.0,2026-02-17 09:40:00,RETURNED,831105
4039,922.0,2025-02-15 15:39:03,CANCELLED,692447
4040,736.0,2025-09-01 02:34:01,CANCELLED,968286
4041,213.0,2025-03-10 01:52:23,DELIVERED,109909
4042,,2024-08-25 03:56:37,RETURNED,693343
4043,709.0,2026-02-24 04:56:50,CANCELLED,986392
4044,966.0,2024-09-27 21:03:36,DELIVERED,144618
4045,865.0,2026-03-06 06:52:56,CANCELLED,321686
4046,,2026-01-10 20:49:07,PLACED,182857
4047,,2025-03-26 13:03:57,RETURNED,825916
4048,818.0,24-04-2026 14:49:54,DELIVERED,581294
4049,380.0,2026-06-01 08:41:18,DELIVERED,340927
4050,451.0,2025-06-30 21:06:27,SHIPPED,340927
4051,758.0,2026-05-17 08:58:18,CANCELLED,199994
4052,,2024-12-21 17:06:10,DELIVERED,364679
4053,341.0,2025-07-17 07:19:19,SHIPPED,767678
4054,705.0,2025-07-11 19:26:14,PLACED,182857
4055,914.0,2025-04-09 11:03:23,PLACED,825916
4056,546.0,2025-12-17 05:24:44,CANCELLED,836986
4057,256.0,2026-01-05 12:05:44,CANCELLED,447362
4058,80.0,2025-02-11 17:39:29,DELIVERED,144618
4059,761.0,2026-02-06 08:17:39,CANCELLED,692447
4060,284.0,2024-08-26 02:29:52,SHIPPED,133223
4061,241.0,2024-11-04 06:26:16,SHIPPED,653815
4062,166.0,2025-06-05 06:25:39,SHIPPED,831105
4063,823.0,2025-05-25 16:43:46,CANCELLED,355021
4064,825.0,2025-07-30 11:26:06,RETURNED,491172
4065,817.0,2024-09-13 06:54:22,CANCELLED,624139
4066,485.0,2025-08-30 04:27:27,SHIPPED,355021
4067,307.0,2026-06-07 02:48:50,SHIPPED,380310
4068,529.0,2025-08-18 09:34:26,SHIPPED,321686
4069,512.0,2024-08-21 00:52:52,SHIPPED,968286
4070,955.0,2025-06-24 13:45:00,CANCELLED,679549
4071,653.0,2024-09-01 15:19:47,RETURNED,182857
4072,7.0,2025-08-12 12:26:36,SHIPPED,516176
4073,763.0,2026-03-15 07:52:45,DELIVERED,516176
4074,599.0,2026-03-09 09:09:35,CANCELLED,491172
4075,609.0,2025-08-03 14:31:19,DELIVERED,933551
4076,983.0,2025-10-03 02:14:14,DELIVERED,954814
4077,101.0,2025-11-15 14:23:09,RETURNED,817269
4078,695.0,2026-01-27 16:35:21,CANCELLED,767678
4079,68.0,2025-09-26 03:32:09,PLACED,364679
4080,420.0,2026-07-21 20:32:16,PLACED,989053
4081,391.0,2026-03-02 09:44:46,PLACED,693343
4082,239.0,2025-09-01 15:27:07,RETURNED,471658
4083,919.0,2026-03-15 13:21:43,PLACED,336828
4084,724.0,19-04-2026 09:45:43,RETURNED,364679
4085,,2024-10-12 06:53:35,CANCELLED,554987
4086,779.0,2026-06-14 01:37:15,RETURNED,321686
4087,6.0,2025-10-28 19:37:38,DELIVERED,767678
4088,783.0,2026-08-04 12:45:58,CANCELLED,321686
4089,456.0,2026-02-09 10:55:37,DELIVERED,554987
4090,965.0,20-02-2026 13:32:43,CANCELLED,781463
4091,412.0,2025-06-19 23:59:58,DELIVERED,999636
4092,665.0,2025-02-27 10:42:39,DELIVERED,999908
4093,699.0,2025-07-04 20:37:23,SHIPPED,133223
4094,383.0,2026-05-14 10:03:47,CANCELLED,198042
4095,750.0,30-01-2026 23:31:47,RETURNED,380310
4096,134.0,2025-11-27 08:06:54,DELIVERED,781463
4097,804.0,2024-10-01 13:06:04,PLACED,364679
4098,237.0,2025-11-25 10:27:57,CANCELLED,199994
4099,350.0,2025-04-14 10:13:45,CANCELLED,144618
4100,705.0,2025-08-29 16:28:34,SHIPPED,954814
4101,747.0,28-12-2025 02:56:11,RETURNED,491172
4102,226.0,2026-03-31 08:21:01,RETURNED,989053
4103,419.0,2025-06-21 01:25:40,SHIPPED,133223
4104,949.0,2024-08-24 21:29:14,CANCELLED,776234
4105,330.0,2025-10-03 00:52:34,CANCELLED,109909
4106,499.0,2024-08-13 20:14:34,CANCELLED,693343
4107,766.0,2026-04-06 04:51:00,SHIPPED,364679
4108,167.0,2024-08-22 23:41:49,DELIVERED,954814
4109,88.0,2025-01-20 17:28:17,DELIVERED,471658
4110,706.0,2025-06-17 05:25:51,DELIVERED,999636
4111,813.0,2025-02-14 06:56:02,CANCELLED,414546
4112,1.0,2025-01-19 00:26:54,RETURNED,767678
4113,610.0,2025-12-14 22:31:48,CANCELLED,340927
4114,,2025-04-04 18:58:50,RETURNED,516176
4115,98.0,2025-07-09 13:57:35,DELIVERED,495490
4116,551.0,2025-12-08 06:21:16,CANCELLED,693343
4117,201.0,2026-02-22 14:51:12,PLACED,144618
4118,364.0,2025-10-02 19:37:36,CANCELLED,184532
4119,742.0,2025-04-25 06:19:10,RETURNED,831105
4120,72.0,14-05-2026 06:03:04,SHIPPED,836986
4121,609.0,2026-05-04 16:56:18,RETURNED,653815
4122,184.0,2024-11-28 16:14:31,RETURNED,471658
4123,60.0,2026-02-24 20:34:23,SHIPPED,767678
4124,328.0,2025-01-06 18:52:08,PLACED,785491
4125,484.0,2024-12-19 20:20:22,RETURNED,599127
4126,229.0,2024-08-28 08:36:12,SHIPPED,679549
4127,724.0,2025-10-22 21:26:47,PLACED,158840
4128,772.0,2026-04-18 05:41:37,RETURNED,817269
4129,708.0,2026-03-01 14:01:23,SHIPPED,336828
4130,699.0,2025-09-07 17:12:21,SHIPPED,321686
4131,88.0,2026-07-07 13:29:58,PLACED,182857
4132,433.0,2025-04-05 09:44:17,CANCELLED,653815
4133,,2025-03-27 13:10:19,PLACED,692447
4134,531.0,2025-01-24 06:55:07,DELIVERED,198042
4135,81.0,2025-01-08 17:33:24,DELIVERED,414546
4136,184.0,2025-03-18 11:39:46,DELIVERED,693343
4137,731.0,2025-06-15 03:11:07,CANCELLED,693343
4138,221.0,2025-02-23 05:15:23,PLACED,693343
4139,994.0,2026-06-24 03:39:00,SHIPPED,279708
4140,133.0,2025-01-14 21:19:20,CANCELLED,516176
4141,793.0,2025-04-25 18:34:55,DELIVERED,414546
4142,163.0,2024-11-17 12:08:21,RETURNED,825916
4143,445.0,2026-05-27 19:34:28,RETURNED,933551
4144,154.0,2025-06-26 08:25:20,DELIVERED,198042
4145,504.0,2026-04-10 12:53:33,CANCELLED,447362
4146,143.0,2025-05-10 05:09:57,RETURNED,495490
4147,891.0,2025-06-29 12:00:35,SHIPPED,414546
4148,212.0,2026-02-03 15:17:20,DELIVERED,491172
4149,521.0,2026-01-31 16:38:37,DELIVERED,516176
4150,334.0,2025-05-14 02:07:44,PLACED,516176
4151,74.0,2025-07-01 14:08:55,DELIVERED,340927
4152,21.0,2025-05-27 19:02:56,RETURNED,831105
4153,472.0,2025-01-06 09:53:40,PLACED,624139
4154,384.0,2025-05-14 03:40:38,DELIVERED,525750
4155,557.0,2026-03-27 04:15:40,DELIVERED,198042
4156,452.0,2024-10-16 00:40:54,RETURNED,340927
4157,574.0,2024-12-15 02:33:39,PLACED,785491
4158,198.0,2026-06-07 08:05:28,PLACED,986392
4159,854.0,2026-01-20 10:45:21,RETURNED,831105
4160,121.0,2024-11-06 02:30:00,CANCELLED,495490
4161,,2026-02-12 21:18:28,DELIVERED,825916
4162,760.0,2024-11-05 02:54:45,DELIVERED,999636
4163,338.0,2025-08-01 11:39:44,SHIPPED,836986
4164,200.0,2025-10-25 00:45:37,RETURNED,986392
4165,105.0,2026-02-07 19:55:25,SHIPPED,182857
4166,472.0,2025-03-28 16:13:44,CANCELLED,364679
4167,18.0,2024-12-26 17:02:17,RETURNED,599127
4168,148.0,2026-07-29 20:03:43,DELIVERED,581294
4169,327.0,2026-03-16 10:24:14,DELIVERED,414546
4170,726.0,2025-04-29 01:42:52,CANCELLED,999636
4171,803.0,2025-02-11 16:22:27,CANCELLED,581294
4172,46.0,2024-10-30 00:14:40,RETURNED,184532
4173,651.0,2025-07-08 23:56:31,SHIPPED,340927
4174,575.0,2024-08-14 12:02:59,PLACED,554987
4175,314.0,2026-03-19 01:52:34,DELIVERED,785491
4176,435.0,2025-05-28 14:51:43,RETURNED,199994
4177,468.0,2026-04-27 14:00:19,PLACED,989053
4178,457.0,2025-04-25 06:56:49,RETURNED,158840
4179,592.0,2026-07-01 00:57:50,SHIPPED,767678
4180,568.0,2026-04-12 06:34:19,DELIVERED,653815
4181,946.0,2025-06-22 08:08:17,CANCELLED,380310
4182,80.0,2026-04-20 12:12:50,DELIVERED,581294
4183,378.0,2025-03-16 20:28:43,SHIPPED,144618
4184,717.0,09-08-2026 11:13:26,SHIPPED,199994
4185,457.0,2024-10-09 21:24:39,PLACED,825916
4186,941.0,2025-11-22 07:49:05,SHIPPED,767678
4187,634.0,2025-05-20 20:38:23,CANCELLED,785491
4188,535.0,2025-07-19 12:31:52,SHIPPED,954814
4189,759.0,2026-07-05 02:44:37,RETURNED,524965
4190,,2025-02-25 21:02:22,DELIVERED,495490
4191,133.0,2025-11-25 02:02:47,CANCELLED,896483
4192,742.0,2025-04-02 08:16:44,CANCELLED,524965
4193,976.0,2024-11-20 00:09:40,PLACED,836986
4194,116.0,2025-02-07 02:09:49,DELIVERED,184532
4195,327.0,2025-09-25 14:46:50,SHIPPED,199994
4196,792.0,2024-11-10 15:58:35,RETURNED,524965
4197,35.0,2024-11-30 23:31:42,PLACED,525750
4198,535.0,2025-12-29 22:29:08,DELIVERED,321686
4199,791.0,2026-02-17 00:54:46,RETURNED,380310
4200,274.0,2024-09-22 21:27:08,DELIVERED,599127
4201,265.0,2026-03-18 07:47:38,SHIPPED,624139
4202,386.0,2026-05-04 01:11:38,SHIPPED,679549
4203,997.0,05-12-2025 00:20:41,CANCELLED,184532
4204,505.0,2025-05-07 17:23:06,SHIPPED,336828
4205,311.0,2025-06-08 06:15:42,SHIPPED,340927
4206,222.0,02-12-2024 05:45:33,SHIPPED,340927
4207,,2024-12-13 03:37:58,PLACED,133223
4208,627.0,2026-06-24 03:27:46,RETURNED,182857
4209,151.0,2026-07-15 08:01:40,SHIPPED,198042
4210,125.0,2026-02-02 04:39:06,CANCELLED,999636
4211,,2026-03-24 02:59:02,SHIPPED,380310
4212,485.0,2024-12-19 20:49:47,PLACED,896483
4213,536.0,2026-05-13 08:24:41,CANCELLED,355021
4214,742.0,2024-10-28 02:38:56,PLACED,491172
4215,32.0,2024-12-05 19:30:22,RETURNED,447362
4216,540.0,2025-08-07 15:45:02,DELIVERED,986392
4217,10.0,2025-03-20 18:37:47,CANCELLED,581294
4218,915.0,2025-11-08 23:31:36,CANCELLED,817269
4219,996.0,2026-06-04 04:39:51,PLACED,491172
4220,810.0,18-02-2025 21:52:49,SHIPPED,524965
4221,860.0,2025-03-31 17:44:29,CANCELLED,785491
4222,443.0,2026-03-04 08:44:33,RETURNED,355021
4223,316.0,2025-04-08 09:59:08,CANCELLED,825916
4224,668.0,2026-05-20 11:13:18,PLACED,825916
4225,352.0,2024-09-03 04:49:31,CANCELLED,447362
4226,810.0,2026-05-08 04:49:41,CANCELLED,989053
4227,813.0,2026-06-07 13:14:26,CANCELLED,133223
4228,737.0,2024-09-12 04:03:15,PLACED,491172
4229,567.0,2025-05-11 14:52:33,PLACED,516176
4230,216.0,2025-10-20 09:35:38,PLACED,767678
4231,32.0,2025-08-27 20:28:59,RETURNED,414546
4232,588.0,2024-12-02 17:51:14,PLACED,986392
4233,623.0,2024-08-20 02:44:32,RETURNED,624139
4234,504.0,2026-05-26 13:55:47,CANCELLED,989053
4235,936.0,2024-10-15 11:55:13,PLACED,986392
4236,467.0,2026-08-01 01:20:51,SHIPPED,198042
4237,229.0,2024-10-30 07:34:36,CANCELLED,447362
4238,918.0,2025-07-22 16:24:21,CANCELLED,785491
4239,409.0,28-07-2026 12:47:52,RETURNED,525750
4240,599.0,2026-04-26 14:17:28,PLACED,999908
4241,528.0,2025-09-05 06:29:31,PLACED,653815
4242,992.0,2024-11-15 09:10:45,RETURNED,355021
4243,443.0,2025-10-23 21:06:27,CANCELLED,199994
4244,932.0,2025-11-17 09:53:19,PLACED,524965
4245,315.0,2025-03-24 16:42:18,RETURNED,279708
4246,765.0,2025-07-18 03:40:07,RETURNED,767678
4247,680.0,2026-05-30 17:45:31,PLACED,836986
4248,243.0,2024-11-10 20:21:53,RETURNED,279708
4249,89.0,2025-12-01 16:05:13,PLACED,321686
4250,510.0,2025-05-03 06:04:09,SHIPPED,693343
4251,708.0,2025-10-31 10:21:24,PLACED,355021
4252,767.0,2026-01-14 10:56:39,RETURNED,199994
4253,87.0,2025-07-24 05:13:50,SHIPPED,364679
4254,315.0,2026-02-07 03:01:44,RETURNED,679549
4255,494.0,2026-04-23 13:09:02,DELIVERED,491172
4256,574.0,2024-12-30 14:03:34,PLACED,525750
4257,877.0,2025-01-16 09:42:20,RETURNED,336828
4258,435.0,2024-11-12 00:34:23,SHIPPED,516176
4259,797.0,2026-06-28 12:36:32,RETURNED,968286
4260,350.0,2025-01-20 23:06:53,PLACED,516176
4261,99.0,2024-10-08 05:44:46,PLACED,109909
4262,115.0,2024-10-17 10:38:48,DELIVERED,133223
4263,38.0,31-05-2025 04:45:05,RETURNED,692447
4264,425.0,2026-05-19 01:52:03,CANCELLED,693343
4265,869.0,2024-10-25 01:39:31,PLACED,817269
4266,613.0,2025-01-21 10:53:18,DELIVERED,471658
4267,199.0,2024-12-22 01:38:09,RETURNED,184532
4268,476.0,2025-12-03 20:35:43,RETURNED,679549
4269,266.0,2025-04-06 06:09:26,SHIPPED,624139
4270,79.0,2026-07-21 15:47:25,CANCELLED,199994
4271,938.0,2025-12-10 10:09:04,DELIVERED,836986
4272,241.0,2025-08-23 23:46:56,DELIVERED,554987
4273,359.0,2025-10-04 19:27:54,RETURNED,109909
4274,636.0,2026-05-16 15:23:54,SHIPPED,199994
4275,,2026-02-15 06:56:18,PLACED,693343
4276,461.0,2024-11-13 09:52:26,PLACED,817269
4277,989.0,13-06-2025 11:31:01,PLACED,831105
4278,132.0,2025-12-05 04:43:17,SHIPPED,785491
4279,122.0,2025-10-06 10:03:35,SHIPPED,525750
4280,925.0,2026-06-22 22:14:05,RETURNED,186702
4281,796.0,2024-09-03 04:52:12,SHIPPED,986392
4282,281.0,2026-06-02 00:39:36,DELIVERED,989053
4283,560.0,2025-05-17 11:00:34,SHIPPED,144618
4284,105.0,2024-09-13 06:41:03,RETURNED,495490
4285,899.0,2024-12-31 18:16:07,PLACED,186702
4286,422.0,2024-12-20 06:36:31,DELIVERED,968286
4287,286.0,2024-11-21 15:03:26,CANCELLED,447362
4288,263.0,2024-09-03 02:55:09,SHIPPED,524965
4289,754.0,2026-03-12 18:24:48,CANCELLED,516176
4290,23.0,2024-12-05 10:56:31,DELIVERED,999636
4291,924.0,2025-04-01 19:19:52,CANCELLED,199994
4292,694.0,2025-10-01 02:23:53,SHIPPED,279708
4293,214.0,2025-07-28 15:23:03,SHIPPED,933551
4294,401.0,2025-04-17 09:58:08,DELIVERED,922478
4295,317.0,2025-11-11 11:08:29,SHIPPED,653815
4296,437.0,2026-03-28 23:54:57,DELIVERED,624139
4297,930.0,2025-10-04 20:04:03,RETURNED,554987
4298,850.0,2025-07-05 10:55:14,SHIPPED,497687
4299,288.0,13-01-2025 03:15:11,SHIPPED,999908
4300,857.0,2025-11-06 01:24:06,CANCELLED,198042
4301,617.0,2025-09-11 22:56:39,PLACED,554987
4302,818.0,2024-11-03 06:23:48,SHIPPED,933551
4303,525.0,2025-03-01 05:29:34,DELIVERED,491172
4304,465.0,2026-02-21 14:00:54,RETURNED,491172
4305,242.0,2026-06-15 01:58:03,RETURNED,497687
4306,740.0,2025-04-12 13:26:02,PLACED,781463
4307,226.0,2026-05-23 04:12:01,PLACED,133223
4308,386.0,11-02-2025 16:22:20,DELIVERED,825916
4309,294.0,2026-03-21 16:35:00,DELIVERED,581294
4310,840.0,2025-07-31 04:55:29,SHIPPED,989053
4311,664.0,2025-09-14 03:54:48,PLACED,182857
4312,744.0,2025-12-06 16:35:42,CANCELLED,414546
4313,555.0,2025-12-10 04:07:33,CANCELLED,182857
4314,243.0,2025-04-16 07:12:10,PLACED,355021
4315,924.0,2025-08-23 08:59:08,RETURNED,144618
4316,34.0,2024-09-24 07:23:55,DELIVERED,986392
4317,156.0,2025-05-03 03:15:20,CANCELLED,182857
4318,58.0,2025-11-21 09:12:55,RETURNED,896483
4319,951.0,2026-07-14 22:26:40,RETURNED,184532
4320,,2024-11-09 09:49:12,RETURNED,989053
4321,418.0,2025-01-22 02:41:44,RETURNED,182857
4322,,2025-07-09 08:21:06,PLACED,692447
4323,,2024-10-29 09:14:53,DELIVERED,321686
4324,748.0,2025-09-15 07:19:56,CANCELLED,355021
4325,596.0,2025-03-13 05:09:15,DELIVERED,340927
4326,702.0,2026-05-09 03:14:34,RETURNED,186702
4327,899.0,2025-03-21 11:33:28,RETURNED,524965
4328,909.0,2025-06-23 19:28:05,CANCELLED,986392
4329,914.0,2026-07-29 05:19:42,SHIPPED,968286
4330,583.0,2024-10-08 19:23:24,PLACED,999636
4331,18.0,2026-05-04 12:06:22,RETURNED,653815
4332,802.0,2025-08-12 21:25:20,SHIPPED,693343
4333,713.0,2025-05-26 14:38:45,SHIPPED,581294
4334,641.0,2026-06-27 18:23:11,CANCELLED,624139
4335,397.0,2026-08-08 14:51:22,DELIVERED,380310
4336,837.0,29-12-2024 13:21:20,DELIVERED,653815
4337,671.0,2026-04-14 19:32:59,SHIPPED,999636
4338,604.0,2025-01-18 06:20:25,RETURNED,497687
4339,678.0,2024-08-21 09:57:43,CANCELLED,355021
4340,517.0,2026-01-26 22:40:52,CANCELLED,896483
4341,758.0,2025-04-24 17:53:35,CANCELLED,109909
4342,9.0,2025-10-22 04:10:30,DELIVERED,989053
4343,810.0,2024-11-28 01:37:40,CANCELLED,836986
4344,405.0,2026-04-29 08:39:42,SHIPPED,785491
4345,173.0,27-08-2025 17:41:21,PLACED,785491
4346,,2026-03-16 18:37:20,CANCELLED,825916
4347,80.0,01-05-2025 02:45:42,DELIVERED,516176
4348,501.0,2025-01-24 12:31:23,PLACED,933551
4349,129.0,2026-07-02 02:03:51,SHIPPED,516176
4350,,2025-08-31 23:48:27,SHIPPED,624139
4351,133.0,2025-05-09 17:54:49,PLACED,516176
4352,640.0,2024-10-21 08:25:15,DELIVERED,186702
4353,697.0,08-12-2024 04:41:26,CANCELLED,364679
4354,405.0,2025-11-15 13:18:45,CANCELLED,999636
4355,791.0,2025-11-03 18:33:29,RETURNED,144618
4356,526.0,2026-04-17 04:06:21,SHIPPED,158840
4357,328.0,2026-02-08 20:50:46,CANCELLED,109909
4358,755.0,2024-11-28 06:32:05,RETURNED,199994
4359,109.0,2026-06-28 10:54:21,PLACED,524965
4360,907.0,2025-10-28 13:12:43,PLACED,776234
4361,591.0,2026-04-28 04:04:03,SHIPPED,340927
4362,271.0,2025-02-28 13:59:53,PLACED,653815
4363,604.0,2026-07-10 18:34:16,CANCELLED,199994
4364,821.0,2026-07-03 08:29:31,RETURNED,340927
4365,7.0,2025-03-13 18:52:53,DELIVERED,817269
4366,692.0,2026-05-29 07:59:14,RETURNED,999636
4367,201.0,2026-07-20 05:38:28,RETURNED,471658
4368,881.0,2026-05-24 01:32:52,RETURNED,679549
4369,118.0,2025-07-17 01:40:20,SHIPPED,999636
4370,74.0,2024-11-16 15:14:12,RETURNED,414546
4371,,2026-06-25 11:55:36,SHIPPED,933551
4372,382.0,2024-08-09 11:02:51,DELIVERED,525750
4373,767.0,2025-02-08 19:01:55,RETURNED,896483
4374,866.0,2025-09-19 04:07:11,PLACED,495490
4375,273.0,2025-03-24 19:45:49,CANCELLED,198042
4376,537.0,2026-06-14 11:21:20,SHIPPED,133223
4377,361.0,2025-10-31 01:43:33,PLACED,781463
4378,410.0,2026-07-10 22:24:37,SHIPPED,279708
4379,943.0,2024-09-21 11:06:14,PLACED,184532
4380,594.0,2025-06-04 23:21:18,DELIVERED,158840
4381,996.0,2024-11-22 05:43:59,DELIVERED,968286
4382,759.0,2026-04-01 23:29:36,SHIPPED,364679
4383,29.0,2026-02-18 17:19:28,RETURNED,524965
4384,932.0,2026-03-21 16:34:45,SHIPPED,785491
4385,937.0,2026-07-04 19:45:24,RETURNED,471658
4386,927.0,2025-02-02 07:35:39,CANCELLED,776234
4387,938.0,2026-03-06 14:06:28,CANCELLED,380310
4388,363.0,2025-11-24 03:41:37,DELIVERED,364679
4389,954.0,2025-05-21 19:40:00,RETURNED,599127
4390,285.0,2024-12-28 10:56:27,DELIVERED,785491
4391,735.0,2026-04-10 15:54:15,DELIVERED,182857
4392,92.0,2024-09-29 17:22:30,PLACED,896483
4393,118.0,2026-07-13 21:58:00,SHIPPED,524965
4394,448.0,2025-02-26 23:22:02,DELIVERED,364679
4395,688.0,2026-05-23 06:09:28,PLACED,495490
4396,133.0,2024-11-07 09:29:24,CANCELLED,831105
4397,322.0,2026-01-31 12:07:28,PLACED,836986
4398,950.0,2026-06-30 00:34:59,RETURNED,581294
4399,978.0,2024-11-28 02:56:35,CANCELLED,491172
4400,508.0,2025-06-29 01:59:50,CANCELLED,364679
4401,3.0,2025-12-13 06:12:12,SHIPPED,825916
4402,240.0,2026-02-15 19:03:08,DELIVERED,414546
4403,732.0,2024-08-17 01:38:45,CANCELLED,524965
4404,,2024-11-02 21:09:20,DELIVERED,785491
4405,393.0,2025-03-24 11:57:59,DELIVERED,495490
4406,8.0,2024-10-23 03:47:46,SHIPPED,279708
4407,162.0,2025-11-11 08:12:37,DELIVERED,182857
4408,63.0,2025-07-19 08:06:39,CANCELLED,693343
4409,406.0,2025-12-04 15:02:23,CANCELLED,692447
4410,93.0,2025-03-15 11:39:21,SHIPPED,896483
4411,355.0,2024-11-08 09:54:45,CANCELLED,364679
4412,652.0,2026-02-02 21:13:12,DELIVERED,653815
4413,149.0,2025-07-07 02:36:00,SHIPPED,491172
4414,911.0,2024-09-29 15:06:54,SHIPPED,184532
4415,42.0,2026-07-25 08:04:58,PLACED,525750
4416,439.0,2026-06-05 07:24:19,CANCELLED,497687
4417,883.0,2025-04-15 13:42:33,DELIVERED,471658
4418,122.0,2025-02-23 23:13:25,SHIPPED,693343
4419,364.0,2026-07-31 21:16:42,SHIPPED,158840
4420,66.0,2025-05-14 21:09:11,DELIVERED,491172
4421,125.0,2026-05-22 03:28:45,CANCELLED,767678
4422,382.0,2024-10-30 15:03:44,RETURNED,767678
4423,538.0,15-07-2025 23:45:09,SHIPPED,999908
4424,788.0,2025-10-10 12:24:42,CANCELLED,109909
4425,172.0,2026-05-11 06:42:29,CANCELLED,525750
4426,894.0,2025-12-27 06:47:18,PLACED,182857
4427,562.0,2026-03-12 12:51:46,PLACED,525750
4428,741.0,2026-02-14 05:47:48,SHIPPED,896483
4429,321.0,2025-01-20 07:00:48,RETURNED,364679
4430,451.0,2024-10-23 11:28:27,SHIPPED,380310
4431,629.0,2026-08-07 22:23:08,DELIVERED,495490
4432,92.0,2025-10-23 21:53:45,RETURNED,340927
4433,257.0,2025-10-20 19:03:08,PLACED,495490
4434,12.0,2025-05-01 00:53:24,CANCELLED,184532
4435,776.0,2026-05-06 06:04:23,DELIVERED,767678
4436,724.0,2025-12-07 21:44:31,PLACED,321686
4437,823.0,2026-04-12 09:37:51,CANCELLED,817269
4438,651.0,2026-07-13 19:59:13,RETURNED,581294
4439,848.0,2025-06-13 05:26:11,RETURNED,355021
4440,924.0,2025-11-18 07:00:30,SHIPPED,989053
4441,994.0,2026-05-03 04:32:42,PLACED,968286
4442,347.0,2025-03-01 21:14:33,SHIPPED,693343
4443,335.0,2026-01-20 02:35:12,CANCELLED,831105
4444,841.0,2025-02-26 17:11:32,CANCELLED,653815
4445,349.0,2025-02-09 01:01:12,PLACED,199994
4446,939.0,2025-08-15 03:46:01,RETURNED,776234
4447,435.0,2025-06-11 17:52:09,SHIPPED,831105
4448,630.0,2026-04-12 02:23:33,RETURNED,922478
4449,950.0,2026-07-28 07:51:03,SHIPPED,414546
4450,823.0,2024-10-08 21:36:04,PLACED,525750
4451,98.0,2024-10-22 01:49:41,CANCELLED,471658
4452,349.0,2026-03-20 23:06:15,DELIVERED,831105
4453,384.0,2025-02-02 12:31:24,SHIPPED,495490
4454,991.0,2025-08-05 18:31:53,PLACED,776234
4455,377.0,2025-10-14 23:27:25,SHIPPED,516176
4456,778.0,2025-12-08 10:19:38,PLACED,198042
4457,495.0,2024-10-24 03:31:14,CANCELLED,836986
4458,16.0,2026-03-02 15:35:48,DELIVERED,199994
4459,471.0,2026-01-08 18:26:24,SHIPPED,414546
4460,955.0,2025-09-22 18:15:32,DELIVERED,495490
4461,111.0,2026-04-12 21:57:14,CANCELLED,380310
4462,505.0,2025-05-10 17:35:06,RETURNED,495490
4463,929.0,2025-08-23 07:07:29,PLACED,785491
4464,168.0,2026-06-16 01:45:57,PLACED,989053
4465,659.0,2025-05-15 16:11:02,DELIVERED,989053
4466,178.0,2025-10-22 16:54:11,DELIVERED,653815
4467,104.0,2025-10-14 10:27:32,CANCELLED,817269
4468,295.0,2026-03-11 21:51:43,DELIVERED,380310
4469,486.0,2026-07-07 03:10:17,SHIPPED,471658
4470,275.0,03-10-2025 16:26:19,PLACED,380310
4471,922.0,03-11-2024 00:20:05,DELIVERED,336828
4472,95.0,2026-02-18 07:28:02,DELIVERED,158840
4473,827.0,2025-04-29 16:28:55,DELIVERED,554987
4474,640.0,2025-12-13 12:42:48,PLACED,495490
4475,57.0,2026-05-31 09:39:14,SHIPPED,968286
4476,854.0,13-06-2025 08:09:27,CANCELLED,133223
4477,637.0,2025-05-23 19:47:54,DELIVERED,785491
4478,672.0,2026-02-03 21:43:48,PLACED,182857
4479,278.0,2025-04-19 21:37:23,PLACED,999636
4480,908.0,2026-03-07 22:04:35,RETURNED,825916
4481,1000.0,2026-04-23 17:47:19,SHIPPED,781463
4482,930.0,02-10-2025 00:27:22,DELIVERED,340927
4483,980.0,2025-08-26 01:43:12,DELIVERED,340927
4484,514.0,2026-06-26 23:55:51,RETURNED,836986
4485,836.0,2026-03-26 04:47:27,RETURNED,133223
4486,625.0,2025-11-11 00:43:03,SHIPPED,447362
4487,887.0,2026-02-28 05:53:51,DELIVERED,336828
4488,834.0,10-12-2025 22:38:01,RETURNED,198042
4489,836.0,2024-08-27 22:21:59,PLACED,182857
4490,654.0,2025-09-27 07:59:34,SHIPPED,922478
4491,297.0,2024-08-26 20:08:12,RETURNED,491172
4492,382.0,2026-07-01 04:47:07,PLACED,986392
4493,786.0,2024-10-20 09:02:10,SHIPPED,831105
4494,230.0,2026-06-12 17:35:14,CANCELLED,182857
4495,778.0,2026-03-17 23:17:27,PLACED,279708
4496,125.0,2026-01-23 18:19:55,RETURNED,781463
4497,870.0,2026-04-21 16:38:55,DELIVERED,144618
4498,873.0,2025-02-10 09:20:16,CANCELLED,321686
4499,60.0,2026-03-30 00:05:27,SHIPPED,279708
4500,45.0,2025-04-17 12:33:46,SHIPPED,471658
4501,472.0,2026-07-21 09:10:40,SHIPPED,831105
4502,828.0,2025-02-06 20:57:22,CANCELLED,186702
4503,685.0,2025-07-01 00:01:43,DELIVERED,321686
4504,708.0,2024-09-13 02:50:21,RETURNED,896483
4505,46.0,2025-07-09 21:52:15,DELIVERED,679549
4506,1.0,2026-08-03 02:09:30,PLACED,495490
4507,460.0,2025-02-17 10:40:59,PLACED,158840
4508,391.0,2026-03-11 22:34:54,CANCELLED,836986
4509,,2025-01-09 03:36:57,RETURNED,954814
4510,154.0,2026-02-23 06:18:00,SHIPPED,554987
4511,572.0,2025-09-12 23:27:30,DELIVERED,199994
4512,202.0,2025-04-01 07:54:50,SHIPPED,184532
4513,629.0,2025-05-29 08:36:47,PLACED,624139
4514,276.0,20-04-2025 19:16:09,PLACED,199994
4515,511.0,2026-03-27 21:16:02,SHIPPED,340927
4516,641.0,2026-04-18 06:04:16,CANCELLED,767678
4517,277.0,2026-04-26 23:09:40,RETURNED,109909
4518,718.0,2025-04-10 00:13:32,PLACED,692447
4519,608.0,2025-11-02 11:19:30,CANCELLED,321686
4520,922.0,2026-01-31 15:42:24,RETURNED,198042
4521,751.0,2026-04-12 01:19:49,RETURNED,825916
4522,898.0,2025-01-22 10:30:45,CANCELLED,524965
4523,885.0,2026-04-06 12:55:22,RETURNED,989053
4524,910.0,2024-10-22 04:45:33,SHIPPED,355021
4525,978.0,2026-01-18 13:33:56,PLACED,692447
4526,350.0,2025-11-19 07:24:33,RETURNED,336828
4527,354.0,2025-03-25 18:53:15,RETURNED,199994
4528,249.0,2025-08-07 09:23:31,PLACED,109909
4529,563.0,2024-12-23 05:04:46,CANCELLED,109909
4530,466.0,2025-05-15 18:05:51,RETURNED,968286
4531,440.0,2025-02-18 13:05:52,DELIVERED,414546
4532,426.0,07-01-2026 22:34:37,DELIVERED,653815
4533,599.0,2025-04-22 07:17:32,DELIVERED,186702
4534,397.0,2026-03-20 21:27:23,PLACED,692447
4535,84.0,2026-05-25 13:14:14,SHIPPED,471658
4536,411.0,2026-02-11 13:07:42,RETURNED,817269
4537,719.0,2026-07-10 22:58:53,DELIVERED,471658
4538,991.0,2025-04-01 23:19:04,SHIPPED,989053
4539,642.0,2024-10-29 15:16:21,SHIPPED,989053
4540,206.0,2025-10-08 05:30:27,PLACED,447362
4541,97.0,2026-06-04 02:01:31,SHIPPED,336828
4542,959.0,02-01-2026 16:54:53,RETURNED,491172
4543,363.0,2025-09-22 15:00:26,PLACED,447362
4544,462.0,2026-02-13 00:11:12,DELIVERED,922478
4545,53.0,06-09-2025 09:15:55,RETURNED,133223
4546,18.0,2025-05-26 21:53:20,DELIVERED,516176
4547,141.0,2025-12-30 08:24:22,RETURNED,968286
4548,497.0,2025-01-01 06:57:07,SHIPPED,497687
4549,921.0,2024-10-14 08:11:27,RETURNED,184532
4550,951.0,2025-10-20 00:09:37,DELIVERED,380310
4551,989.0,2026-05-11 18:49:03,PLACED,896483
4552,960.0,2025-05-31 18:45:05,SHIPPED,144618
4553,347.0,2025-02-17 14:07:31,DELIVERED,355021
4554,527.0,2026-01-14 03:27:17,DELIVERED,954814
4555,972.0,2025-09-02 10:07:43,RETURNED,693343
4556,694.0,2025-05-26 00:35:49,RETURNED,182857
4557,933.0,2026-06-13 03:54:25,CANCELLED,447362
4558,335.0,2024-10-23 21:34:12,DELIVERED,922478
4559,,2026-07-08 14:17:44,RETURNED,186702
4560,376.0,2026-03-27 05:33:09,SHIPPED,679549
4561,886.0,2026-05-19 11:12:54,SHIPPED,999908
4562,1.0,2025-03-11 21:34:37,DELIVERED,336828
4563,743.0,2025-09-29 15:41:12,RETURNED,922478
4564,228.0,2024-10-08 06:08:33,CANCELLED,581294
4565,631.0,2026-08-09 06:31:52,CANCELLED,414546
4566,866.0,2025-06-28 11:10:40,CANCELLED,133223
4567,374.0,2024-09-07 23:39:29,SHIPPED,158840
4568,681.0,13-09-2025 11:53:49,PLACED,767678
4569,187.0,2025-12-09 19:30:42,SHIPPED,599127
4570,459.0,2025-02-25 04:46:23,SHIPPED,355021
4571,422.0,2025-08-05 10:03:39,SHIPPED,624139
4572,610.0,2026-04-09 20:57:06,CANCELLED,144618
4573,357.0,2026-07-28 10:55:51,SHIPPED,447362
4574,465.0,2025-02-04 10:14:14,DELIVERED,954814
4575,659.0,2025-01-21 04:02:16,DELIVERED,692447
4576,,2025-11-25 11:26:00,SHIPPED,524965
4577,78.0,2025-01-13 23:05:50,RETURNED,831105
4578,105.0,2024-08-18 06:33:39,PLACED,581294
4579,412.0,2025-02-03 04:55:57,PLACED,495490
4580,74.0,2024-08-24 09:02:50,SHIPPED,599127
4581,826.0,2025-10-30 10:00:16,CANCELLED,182857
4582,561.0,2026-04-13 07:02:51,RETURNED,525750
4583,313.0,2025-06-08 00:06:59,PLACED,554987
4584,637.0,2025-09-15 20:40:50,PLACED,198042
4585,127.0,2025-09-28 04:15:15,CANCELLED,954814
4586,188.0,2025-06-06 09:30:25,PLACED,364679
4587,889.0,2026-04-20 13:54:28,PLACED,525750
4588,375.0,2025-10-07 12:49:53,SHIPPED,825916
4589,173.0,2025-11-10 09:35:01,PLACED,989053
4590,688.0,20-05-2026 07:25:46,SHIPPED,922478
4591,410.0,2026-07-25 10:30:16,RETURNED,364679
4592,711.0,2026-02-05 17:15:39,PLACED,182857
4593,245.0,2026-01-07 11:10:43,RETURNED,340927
4594,683.0,2026-07-27 11:19:54,DELIVERED,653815
4595,162.0,2026-03-19 02:07:43,PLACED,831105
4596,,2025-02-17 17:24:32,SHIPPED,158840
4597,65.0,2025-05-06 15:31:00,RETURNED,679549
4598,623.0,2026-05-28 16:08:34,SHIPPED,785491
4599,81.0,2026-06-24 14:31:05,DELIVERED,158840
4600,461.0,2025-03-31 01:38:50,SHIPPED,817269
4601,,2025-04-27 00:54:04,PLACED,279708
4602,367.0,2026-07-10 01:38:29,DELIVERED,922478
4603,368.0,2024-11-15 10:42:41,RETURNED,491172
4604,100.0,2026-04-29 08:59:09,PLACED,471658
4605,654.0,2026-07-30 15:24:41,PLACED,279708
4606,244.0,2025-02-05 13:17:57,DELIVERED,182857
4607,562.0,2025-09-06 09:38:04,RETURNED,497687
4608,222.0,2024-11-11 06:17:19,SHIPPED,364679
4609,892.0,2026-07-26 19:27:45,SHIPPED,954814
4610,854.0,2026-03-05 01:23:33,SHIPPED,495490
4611,496.0,2025-08-14 21:17:07,CANCELLED,581294
4612,106.0,2025-07-22 17:15:12,DELIVERED,447362
4613,903.0,2025-03-26 04:42:46,DELIVERED,414546
4614,364.0,2026-03-21 21:13:49,CANCELLED,999636
4615,212.0,2025-10-24 11:29:31,PLACED,767678
4616,257.0,2026-01-17 05:24:19,SHIPPED,491172
4617,188.0,2026-01-15 08:50:43,SHIPPED,182857
4618,511.0,2025-11-23 08:04:55,DELIVERED,896483
4619,960.0,2025-09-17 22:35:13,PLACED,776234
4620,289.0,2026-07-29 18:44:49,DELIVERED,491172
4621,67.0,2025-07-15 02:01:36,DELIVERED,516176
4622,755.0,2025-10-02 16:29:02,PLACED,554987
4623,324.0,2024-09-17 01:33:02,SHIPPED,355021
4624,942.0,2025-11-04 05:27:25,CANCELLED,836986
4625,555.0,2025-08-07 08:20:40,DELIVERED,554987
4626,214.0,2025-06-23 19:49:16,SHIPPED,999636
4627,153.0,2026-07-06 11:15:44,CANCELLED,581294
4628,290.0,2024-12-12 08:43:10,DELIVERED,776234
4629,908.0,2025-09-22 05:46:33,DELIVERED,896483
4630,794.0,2025-09-21 12:53:55,PLACED,989053
4631,860.0,2024-09-20 05:42:47,CANCELLED,693343
4632,338.0,2025-04-20 02:51:32,DELIVERED,968286
4633,182.0,2026-05-04 22:47:40,PLACED,364679
4634,322.0,2024-11-25 05:24:41,SHIPPED,825916
4635,854.0,2025-12-20 09:28:04,SHIPPED,999908
4636,492.0,2024-09-25 23:38:00,SHIPPED,198042
4637,993.0,2026-01-16 07:42:39,CANCELLED,144618
4638,984.0,2025-09-29 09:29:43,CANCELLED,933551
4639,810.0,2026-07-02 05:21:12,PLACED,624139
4640,514.0,2026-01-22 19:35:46,CANCELLED,144618
4641,392.0,2026-01-12 11:33:16,DELIVERED,581294
4642,824.0,2025-08-02 17:29:25,PLACED,999908
4643,22.0,2026-01-05 14:51:25,SHIPPED,355021
4644,65.0,2026-06-28 20:39:23,CANCELLED,896483
4645,776.0,2026-07-30 14:32:56,DELIVERED,767678
4646,567.0,2025-01-13 09:42:14,CANCELLED,158840
4647,,2025-07-05 11:03:14,CANCELLED,554987
4648,751.0,2025-09-06 11:44:35,DELIVERED,525750
4649,,2025-12-15 00:47:50,SHIPPED,198042
4650,613.0,2025-04-07 15:35:54,CANCELLED,186702
4651,422.0,2025-09-29 11:18:50,CANCELLED,279708
4652,632.0,2026-05-11 01:54:39,RETURNED,767678
4653,75.0,2026-07-01 10:21:39,RETURNED,279708
4654,477.0,2024-11-22 13:28:23,SHIPPED,198042
4655,430.0,2025-09-07 09:04:39,PLACED,986392
4656,726.0,2025-12-19 21:27:13,CANCELLED,836986
4657,853.0,2025-03-26 21:47:07,RETURNED,825916
4658,338.0,2024-08-14 03:37:49,SHIPPED,199994
4659,50.0,2025-10-28 11:57:55,PLACED,817269
4660,569.0,2026-01-11 09:17:02,DELIVERED,364679
4661,523.0,2025-04-27 23:15:36,SHIPPED,954814
4662,432.0,2024-11-04 15:04:47,DELIVERED,186702
4663,386.0,2026-07-24 03:20:48,CANCELLED,525750
4664,794.0,2025-10-31 14:34:47,PLACED,380310
4665,908.0,2025-08-31 04:33:22,DELIVERED,133223
4666,795.0,2026-01-24 17:31:33,SHIPPED,184532
4667,691.0,2026-01-26 07:40:27,CANCELLED,581294
4668,485.0,2025-02-06 22:40:56,RETURNED,497687
4669,735.0,2025-10-22 14:30:14,SHIPPED,336828
4670,504.0,2026-02-14 12:08:02,SHIPPED,380310
4671,695.0,2024-12-18 04:57:55,SHIPPED,491172
4672,727.0,2024-12-19 14:13:39,SHIPPED,198042
4673,880.0,2025-11-26 13:56:25,PLACED,199994
4674,562.0,2025-08-05 18:30:48,CANCELLED,133223
4675,278.0,2024-11-04 11:51:59,PLACED,199994
4676,496.0,2024-10-13 07:00:25,PLACED,693343
4677,239.0,2026-07-01 08:14:44,RETURNED,933551
4678,28.0,2025-10-02 11:59:29,CANCELLED,554987
4679,152.0,2026-07-03 10:47:05,SHIPPED,954814
4680,66.0,2025-05-19 05:27:20,SHIPPED,133223
4681,714.0,2025-06-02 22:14:36,SHIPPED,516176
4682,604.0,2025-12-30 22:03:46,SHIPPED,933551
4683,517.0,2024-11-18 09:07:49,PLACED,624139
4684,7.0,2025-04-16 23:20:14,CANCELLED,581294
4685,278.0,18-10-2024 05:28:39,SHIPPED,158840
4686,84.0,2025-04-25 15:17:22,SHIPPED,340927
4687,516.0,2026-01-07 20:14:34,RETURNED,199994
4688,847.0,2026-05-13 08:11:08,DELIVERED,158840
4689,16.0,2025-08-09 05:01:48,CANCELLED,144618
4690,39.0,2024-12-22 00:34:39,DELIVERED,679549
4691,592.0,2025-05-29 10:29:13,PLACED,184532
4692,564.0,2025-01-21 18:11:44,PLACED,581294
4693,675.0,2026-07-30 04:32:45,PLACED,447362
4694,69.0,2025-11-14 14:25:44,PLACED,554987
4695,455.0,2025-04-14 08:39:33,SHIPPED,109909
4696,126.0,2026-02-09 09:18:53,SHIPPED,364679
4697,654.0,2025-08-26 21:02:16,CANCELLED,495490
4698,236.0,24-08-2024 02:30:16,CANCELLED,186702
4699,937.0,2025-10-25 23:44:40,DELIVERED,624139
4700,652.0,2026-07-27 12:58:42,RETURNED,785491
4701,137.0,2024-09-21 09:46:16,SHIPPED,495490
4702,,2025-05-08 18:40:55,SHIPPED,989053
4703,905.0,2024-12-10 07:08:21,PLACED,836986
4704,825.0,2026-07-14 02:13:00,CANCELLED,525750
4705,699.0,2025-08-30 17:08:35,SHIPPED,524965
4706,782.0,12-08-2024 14:33:47,RETURNED,380310
4707,195.0,17-05-2025 06:09:44,SHIPPED,524965
4708,274.0,2024-08-29 09:39:26,SHIPPED,340927
4709,105.0,2026-06-01 09:25:00,RETURNED,554987
4710,150.0,2025-09-24 17:29:16,PLACED,199994
4711,799.0,2026-04-28 22:42:40,CANCELLED,158840
4712,647.0,2026-07-08 07:55:37,DELIVERED,447362
4713,873.0,2024-12-24 21:13:33,CANCELLED,198042
4714,957.0,2025-11-05 17:41:06,SHIPPED,380310
4715,655.0,2024-12-19 23:50:44,DELIVERED,447362
4716,210.0,2025-01-15 17:16:26,CANCELLED,831105
4717,,2025-04-18 09:34:11,DELIVERED,182857
4718,174.0,2026-05-08 06:02:09,PLACED,933551
4719,357.0,2026-06-06 20:22:11,DELIVERED,554987
4720,813.0,2025-10-21 06:49:18,DELIVERED,954814
4721,324.0,2025-10-02 11:40:40,SHIPPED,184532
4722,,2026-05-22 09:05:23,SHIPPED,279708
4723,760.0,2026-01-07 04:32:43,PLACED,933551
4724,958.0,2026-05-13 18:50:04,SHIPPED,554987
4725,154.0,2024-12-16 20:33:11,PLACED,321686
4726,612.0,2024-11-25 22:24:38,DELIVERED,831105
4727,254.0,2026-03-30 11:05:00,RETURNED,831105
4728,152.0,2024-08-31 08:47:01,PLACED,817269
4729,,2024-09-06 12:37:13,DELIVERED,516176
4730,767.0,2025-09-05 21:36:55,RETURNED,624139
4731,784.0,2026-07-10 00:35:40,PLACED,624139
4732,696.0,2026-06-27 08:49:10,CANCELLED,471658
4733,39.0,2026-03-21 20:22:33,PLACED,999908
4734,521.0,2025-03-24 20:48:56,PLACED,785491
4735,,2025-03-10 02:04:32,PLACED,896483
4736,300.0,2025-04-21 04:17:45,DELIVERED,524965
4737,989.0,2024-12-18 23:49:42,RETURNED,831105
4738,101.0,2025-08-22 22:44:45,DELIVERED,321686
4739,819.0,2026-05-28 19:15:32,CANCELLED,144618
4740,322.0,2025-08-07 17:25:39,DELIVERED,525750
4741,460.0,2025-10-24 01:10:47,PLACED,781463
4742,318.0,2026-08-07 17:46:04,CANCELLED,340927
4743,821.0,2026-06-12 05:49:53,RETURNED,182857
4744,284.0,2026-06-25 06:13:40,RETURNED,825916
4745,956.0,2026-06-18 12:43:52,SHIPPED,954814
4746,396.0,2025-09-13 11:46:41,RETURNED,198042
4747,114.0,2025-05-20 05:54:25,CANCELLED,986392
4748,281.0,2025-07-02 09:50:23,PLACED,184532
4749,93.0,2024-11-02 05:11:42,SHIPPED,581294
4750,763.0,2025-09-18 05:24:26,CANCELLED,516176
4751,157.0,2025-04-13 08:31:54,PLACED,653815
4752,417.0,2025-05-03 08:00:41,SHIPPED,336828
4753,232.0,2025-01-31 02:47:40,SHIPPED,825916
4754,617.0,2026-03-29 10:21:53,SHIPPED,109909
4755,873.0,2024-12-24 18:44:17,RETURNED,144618
4756,609.0,2025-05-31 12:34:24,RETURNED,447362
4757,344.0,2025-04-27 22:46:02,RETURNED,825916
4758,18.0,2026-06-09 18:25:25,DELIVERED,679549
4759,478.0,2026-06-13 01:33:48,SHIPPED,781463
4760,444.0,2026-03-24 13:17:13,DELIVERED,133223
4761,995.0,2026-06-04 16:42:43,RETURNED,495490
4762,335.0,2026-01-08 02:48:29,PLACED,653815
4763,309.0,2026-04-14 02:53:02,CANCELLED,817269
4764,413.0,2024-10-20 08:37:06,SHIPPED,776234
4765,453.0,2025-08-23 22:30:01,RETURNED,933551
4766,59.0,2025-12-06 21:13:57,SHIPPED,624139
4767,494.0,2025-03-31 08:37:50,CANCELLED,182857
4768,175.0,2025-08-29 09:52:33,PLACED,581294
4769,686.0,2025-10-03 06:59:38,DELIVERED,186702
4770,533.0,2025-09-01 18:18:50,PLACED,767678
4771,56.0,2025-05-24 03:30:32,PLACED,599127
4772,937.0,2025-09-12 07:44:23,DELIVERED,692447
4773,928.0,2025-01-02 23:29:35,DELIVERED,692447
4774,354.0,2025-03-31 04:28:55,PLACED,989053
4775,60.0,2025-07-02 09:17:46,RETURNED,133223
4776,76.0,2024-12-31 20:49:01,DELIVERED,516176
4777,234.0,2026-06-29 22:56:18,PLACED,355021
4778,92.0,2025-06-16 14:52:18,CANCELLED,968286
4779,194.0,2025-06-23 01:29:36,CANCELLED,968286
4780,,2024-10-08 09:15:02,CANCELLED,447362
4781,13.0,26-08-2024 14:41:49,SHIPPED,491172
4782,404.0,2024-10-24 09:42:36,RETURNED,767678
4783,615.0,2025-09-23 04:27:59,PLACED,133223
4784,488.0,2025-10-28 13:10:17,DELIVERED,524965
4785,889.0,2025-03-20 15:41:52,CANCELLED,776234
4786,,2026-08-04 01:09:14,SHIPPED,679549
4787,874.0,2026-02-23 05:06:20,DELIVERED,109909
4788,333.0,2026-02-23 06:53:35,RETURNED,999908
4789,66.0,2026-01-01 17:39:23,DELIVERED,516176
4790,945.0,2025-08-29 13:36:14,CANCELLED,109909
4791,402.0,2024-09-08 14:43:48,CANCELLED,968286
4792,145.0,2026-07-01 19:20:17,PLACED,776234
4793,986.0,2025-03-21 13:07:32,PLACED,340927
4794,546.0,2025-10-12 08:05:16,SHIPPED,199994
4795,762.0,2026-05-28 20:03:39,RETURNED,364679
4796,976.0,2025-09-09 16:43:48,SHIPPED,182857
4797,653.0,2025-11-20 09:22:04,DELIVERED,198042
4798,561.0,2026-01-31 05:08:53,SHIPPED,624139
4799,41.0,2025-09-03 11:48:05,CANCELLED,933551
4800,51.0,2024-09-12 16:28:06,SHIPPED,198042
4801,365.0,2025-03-18 11:57:02,CANCELLED,693343
4802,219.0,2024-12-24 16:57:51,PLACED,896483
4803,700.0,2026-07-14 12:30:50,CANCELLED,599127
4804,77.0,2024-09-16 12:07:05,RETURNED,599127
4805,787.0,2026-04-04 03:15:51,PLACED,516176
4806,671.0,2026-05-09 10:13:42,SHIPPED,144618
4807,90.0,2026-01-30 16:34:43,PLACED,524965
4808,,2025-08-26 23:05:31,CANCELLED,831105
4809,907.0,2024-12-17 10:32:42,CANCELLED,781463
4810,890.0,2025-05-07 01:57:19,PLACED,999908
4811,461.0,2026-01-01 22:35:27,DELIVERED,554987
4812,349.0,2026-06-05 10:08:21,CANCELLED,336828
4813,379.0,2024-10-20 06:20:44,CANCELLED,491172
4814,61.0,2026-07-04 03:09:59,DELIVERED,599127
4815,68.0,23-05-2026 01:12:24,PLACED,279708
4816,236.0,2026-01-11 14:29:19,SHIPPED,158840
4817,679.0,2024-10-01 12:00:32,SHIPPED,922478
4818,256.0,2025-01-04 22:24:36,SHIPPED,999908
4819,89.0,2025-01-07 05:15:40,RETURNED,471658
4820,324.0,2025-11-20 00:24:15,RETURNED,825916
4821,884.0,20-08-2024 14:12:44,CANCELLED,380310
4822,561.0,2026-06-13 18:25:24,DELIVERED,495490
4823,449.0,2025-01-06 16:51:52,CANCELLED,336828
4824,969.0,2025-12-25 18:53:40,PLACED,336828
4825,617.0,2026-06-15 09:26:48,PLACED,321686
4826,52.0,2024-08-12 15:55:35,CANCELLED,989053
4827,201.0,2025-01-31 19:12:16,DELIVERED,922478
4828,222.0,2026-03-26 13:09:17,SHIPPED,516176
4829,611.0,2026-04-08 10:52:18,SHIPPED,933551
4830,118.0,2026-07-29 06:54:39,DELIVERED,524965
4831,668.0,2026-07-31 05:57:26,PLACED,785491
4832,264.0,2026-04-04 23:54:56,CANCELLED,497687
4833,296.0,2025-05-07 18:46:59,RETURNED,336828
4834,981.0,2026-04-13 04:31:59,DELIVERED,355021
4835,487.0,2024-09-10 21:30:10,PLACED,516176
4836,35.0,20-11-2024 16:31:42,CANCELLED,781463
4837,589.0,2025-02-05 00:38:17,DELIVERED,692447
4838,,2025-12-10 13:14:40,SHIPPED,896483
4839,996.0,2026-05-15 10:40:51,CANCELLED,158840
4840,627.0,2025-06-14 01:53:12,CANCELLED,279708
4841,868.0,2025-09-29 23:16:37,SHIPPED,199994
4842,964.0,2026-05-02 03:34:57,CANCELLED,896483
4843,,2025-11-09 14:55:04,RETURNED,198042
4844,381.0,2025-01-05 20:38:27,PLACED,186702
4845,852.0,2026-05-13 01:27:45,RETURNED,831105
4846,589.0,2026-01-29 07:09:16,PLACED,144618
4847,194.0,2025-02-24 08:12:09,RETURNED,776234
4848,194.0,2025-12-26 10:31:40,SHIPPED,999908
4849,434.0,2025-06-08 23:59:09,DELIVERED,364679
4850,55.0,2025-06-07 08:35:01,SHIPPED,599127
4851,875.0,2025-02-28 08:07:50,SHIPPED,767678
4852,808.0,2026-05-29 10:04:36,DELIVERED,491172
4853,367.0,2026-03-28 19:16:21,CANCELLED,968286
4854,233.0,2025-07-31 20:01:31,RETURNED,144618
4855,11.0,2025-10-21 14:01:58,PLACED,679549
4856,976.0,2025-11-09 20:59:45,SHIPPED,922478
4857,481.0,2025-05-25 02:00:42,CANCELLED,922478
4858,935.0,2025-12-30 14:49:01,RETURNED,182857
4859,496.0,2025-07-03 06:44:54,PLACED,336828
4860,347.0,2025-12-06 11:35:52,SHIPPED,497687
4861,825.0,2025-01-19 01:55:54,RETURNED,825916
4862,988.0,2025-11-17 22:53:37,SHIPPED,554987
4863,687.0,2024-11-01 09:51:14,CANCELLED,336828
4864,177.0,30-05-2026 06:05:10,DELIVERED,336828
4865,121.0,2025-08-01 01:38:27,SHIPPED,999636
4866,437.0,2024-12-21 03:24:09,RETURNED,364679
4867,962.0,2025-04-05 08:17:31,DELIVERED,133223
4868,327.0,2026-06-29 09:53:32,PLACED,785491
4869,361.0,2025-02-12 13:40:06,DELIVERED,109909
4870,809.0,2025-12-19 14:09:30,PLACED,199994
4871,478.0,2026-06-20 00:01:10,CANCELLED,447362
4872,616.0,2025-05-27 01:58:44,CANCELLED,497687
4873,875.0,2025-09-04 22:18:09,CANCELLED,896483
4874,312.0,2025-03-05 04:09:24,DELIVERED,279708
4875,780.0,2025-09-29 15:42:50,CANCELLED,836986
4876,536.0,2024-10-27 10:52:44,DELIVERED,491172
4877,745.0,2024-11-04 10:07:27,SHIPPED,599127
4878,45.0,02-04-2026 07:08:28,CANCELLED,133223
4879,560.0,2026-05-16 23:10:39,SHIPPED,186702
4880,792.0,2026-07-04 07:27:27,RETURNED,692447
4881,316.0,2025-09-18 10:27:31,RETURNED,495490
4882,675.0,2025-08-07 22:58:13,CANCELLED,184532
4883,408.0,2024-11-10 01:22:04,CANCELLED,922478
4884,477.0,2026-08-06 10:30:05,DELIVERED,199994
4885,570.0,2025-07-17 18:22:37,RETURNED,182857
4886,,2024-10-28 01:48:46,PLACED,182857
4887,338.0,2025-01-23 05:20:38,PLACED,447362
4888,907.0,09-04-2026 18:15:55,PLACED,776234
4889,245.0,2024-12-21 23:02:01,CANCELLED,182857
4890,842.0,2026-02-17 05:21:29,CANCELLED,340927
4891,38.0,2026-03-21 06:25:33,RETURNED,279708
4892,544.0,2025-02-01 19:07:32,PLACED,922478
4893,457.0,01-11-2025 16:21:27,CANCELLED,109909
4894,988.0,2025-06-25 05:33:26,RETURNED,471658
4895,454.0,2024-11-21 11:37:31,DELIVERED,497687
4896,346.0,2025-10-19 07:11:29,SHIPPED,414546
4897,337.0,2024-09-08 04:33:02,CANCELLED,186702
4898,125.0,2026-06-22 04:32:55,CANCELLED,491172
4899,600.0,2026-02-20 07:50:44,SHIPPED,158840
4900,578.0,2024-12-25 05:46:10,PLACED,896483
4901,964.0,2025-01-09 22:01:47,CANCELLED,497687
4902,232.0,2025-03-29 10:29:31,CANCELLED,364679
4903,248.0,2025-09-28 16:48:02,DELIVERED,414546
4904,591.0,2026-07-03 03:03:45,RETURNED,184532
4905,500.0,2025-04-15 13:11:19,DELIVERED,693343
4906,566.0,2026-07-04 11:03:26,DELIVERED,785491
4907,548.0,2026-06-13 14:06:02,CANCELLED,999636
4908,453.0,2025-04-21 22:56:07,SHIPPED,364679
4909,67.0,2025-01-02 18:32:07,CANCELLED,471658
4910,581.0,2025-11-22 17:31:01,PLACED,954814
4911,594.0,2025-05-22 01:08:24,SHIPPED,133223
4912,230.0,2024-11-29 00:52:49,RETURNED,340927
4913,90.0,2025-03-10 08:38:38,RETURNED,999908
4914,156.0,2024-09-24 16:43:07,DELIVERED,692447
4915,973.0,2024-12-21 14:00:07,RETURNED,495490
4916,903.0,2024-12-29 03:54:28,SHIPPED,186702
4917,349.0,2025-12-02 20:48:09,CANCELLED,831105
4918,237.0,2025-06-25 18:56:03,RETURNED,447362
4919,955.0,2026-05-07 16:42:57,CANCELLED,380310
4920,853.0,2024-09-28 21:14:08,RETURNED,495490
4921,558.0,2025-02-04 17:40:38,SHIPPED,922478
4922,656.0,2025-08-30 07:14:56,CANCELLED,144618
4923,263.0,2025-09-19 23:19:48,SHIPPED,524965
4924,470.0,2024-11-21 22:13:39,DELIVERED,836986
4925,362.0,2026-07-14 12:19:42,SHIPPED,495490
4926,341.0,2024-09-19 15:06:56,SHIPPED,182857
4927,,2025-12-22 09:46:53,SHIPPED,109909
4928,318.0,2025-06-04 15:26:31,PLACED,922478
4929,75.0,2025-09-03 11:28:46,RETURNED,524965
4930,,2025-11-04 01:36:18,DELIVERED,186702
4931,346.0,2024-12-11 07:43:14,SHIPPED,999908
4932,489.0,2026-06-21 14:15:36,SHIPPED,516176
4933,921.0,2025-05-06 18:02:06,PLACED,954814
4934,219.0,2024-11-22 00:23:03,CANCELLED,364679
4935,568.0,2024-10-24 00:29:25,RETURNED,581294
4936,718.0,2025-01-26 21:17:51,PLACED,776234
4937,409.0,2025-05-14 16:05:54,RETURNED,516176
4938,245.0,2025-09-24 06:02:20,RETURNED,198042
4939,975.0,2026-03-26 14:21:08,PLACED,340927
4940,913.0,2026-02-21 17:14:51,SHIPPED,599127
4941,723.0,2024-11-04 14:21:21,DELIVERED,355021
4942,217.0,2025-01-20 04:59:29,SHIPPED,447362
4943,448.0,2025-11-11 03:40:02,SHIPPED,785491
4944,44.0,2025-09-24 22:17:32,SHIPPED,279708
4945,122.0,2024-10-02 04:50:55,SHIPPED,144618
4946,355.0,2025-11-26 04:23:47,CANCELLED,825916
4947,220.0,2026-06-05 12:45:27,DELIVERED,693343
4948,,2026-06-24 19:34:50,PLACED,989053
4949,38.0,2025-11-23 04:59:59,PLACED,581294
4950,616.0,2025-03-03 12:56:58,PLACED,922478
4951,978.0,2025-11-02 05:07:31,RETURNED,182857
4952,148.0,2025-07-03 16:16:05,PLACED,599127
4953,852.0,2026-02-06 15:38:31,RETURNED,491172
4954,15.0,2025-12-21 00:47:35,PLACED,581294
4955,164.0,2025-10-30 16:48:23,DELIVERED,968286
4956,988.0,2025-04-18 07:47:12,SHIPPED,516176
4957,11.0,2026-07-31 21:35:42,PLACED,767678
4958,335.0,2025-07-07 13:24:51,DELIVERED,336828
4959,978.0,2026-06-11 19:47:34,CANCELLED,182857
4960,616.0,2024-11-29 01:35:19,CANCELLED,954814
4961,499.0,05-09-2025 01:42:51,CANCELLED,933551
4962,247.0,2025-04-29 06:33:53,CANCELLED,922478
4963,410.0,2024-11-22 16:31:46,PLACED,336828
4964,40.0,2025-11-17 14:03:38,CANCELLED,198042
4965,563.0,2024-12-14 13:31:27,DELIVERED,922478
4966,351.0,2026-07-16 20:18:53,CANCELLED,692447
4967,292.0,2026-08-09 01:17:58,SHIPPED,785491
4968,544.0,2026-05-15 10:33:11,PLACED,355021
4969,500.0,2025-05-05 01:49:00,RETURNED,922478
4970,797.0,2024-08-24 11:54:28,RETURNED,471658
4971,936.0,2026-03-20 13:37:10,PLACED,781463
4972,298.0,2024-11-22 09:06:09,DELIVERED,158840
4973,74.0,2025-07-11 04:09:23,RETURNED,554987
4974,56.0,2026-01-10 08:15:03,RETURNED,364679
4975,,2025-09-08 18:08:26,SHIPPED,836986
4976,714.0,2025-01-22 00:15:03,DELIVERED,491172
4977,998.0,2025-05-30 00:34:05,SHIPPED,554987
4978,112.0,2026-04-14 21:41:52,PLACED,279708
4979,443.0,2025-04-24 00:26:49,PLACED,836986
4980,,2026-06-28 05:27:20,RETURNED,321686
4981,778.0,2025-06-12 20:05:02,SHIPPED,336828
4982,848.0,10-06-2025 08:12:48,DELIVERED,491172
4983,100.0,2026-01-26 23:19:45,SHIPPED,954814
4984,26.0,2025-06-29 10:57:55,DELIVERED,525750
4985,371.0,2025-05-19 22:50:31,SHIPPED,516176
4986,916.0,2025-05-01 18:36:44,SHIPPED,989053
4987,842.0,04-04-2025 08:18:59,DELIVERED,158840
4988,686.0,2025-05-27 13:52:28,SHIPPED,516176
4989,9.0,2026-01-19 13:31:54,DELIVERED,653815
4990,148.0,2025-01-06 14:51:09,RETURNED,447362
4991,769.0,2025-01-14 16:28:29,DELIVERED,599127
4992,987.0,2024-12-26 16:45:22,CANCELLED,495490
4993,42.0,2024-12-29 08:30:57,RETURNED,524965
4994,101.0,2026-05-09 08:29:30,SHIPPED,968286
4995,238.0,2025-12-03 19:50:05,SHIPPED,831105
4996,843.0,2025-11-04 06:41:22,DELIVERED,524965
4997,555.0,2026-05-28 21:25:41,PLACED,986392
4998,964.0,13-09-2025 15:43:27,RETURNED,785491
4999,823.0,2026-02-18 06:31:08,SHIPPED,336828
5000,424.0,2025-06-03 09:21:23,CANCELLED,495490
